nombre,lat,lon,capa,fid,elaborado,supervisor
PAT-1,-8.051135145999979,-79.00134169099994,Consolidado,938,,
PAT-10,-8.064585597999951,-79.00639285099999,Consolidado,947,,
PAT-100,-8.063398786999926,-79.01606513799999,Consolidado,1037,,
PAT-101,-8.063416384999925,-79.01604961799995,Consolidado,1038,,
PAT-102,-8.063934065999945,-79.01888099199994,Consolidado,1039,,
PAT-103,-8.063995990999956,-79.01887701199996,Consolidado,1040,,
PAT-104,-8.064423079999926,-79.02153656099995,Consolidado,1041,,
PAT-105,-8.06447987699994,-79.02153014899994,Consolidado,1042,,
PAT-106,-8.058194558999958,-79.02313142699995,Consolidado,1043,,
PAT-107,-8.06590373499995,-79.01732041299994,Consolidado,1044,,
PAT-108,-8.062232044999973,-79.01798478899997,Consolidado,1045,,
PAT-109,-8.062226607999946,-79.01793536699995,Consolidado,1046,,
PAT-11,-8.064537413999972,-79.00640028799995,Consolidado,948,,
PAT-110,-8.060521414999926,-79.01686954199994,Consolidado,1047,,
PAT-111,-8.060500572999956,-79.01681629599994,Consolidado,1048,,
PAT-112,-8.066300843999954,-79.01938965199997,Consolidado,1049,,
PAT-113,-8.066304694999928,-79.01942890999999,Consolidado,1050,,
PAT-114,-8.063492835999966,-79.01999183499998,Consolidado,1051,,
PAT-115,-8.063457501999949,-79.01991972499997,Consolidado,1052,,
PAT-116,-8.060344120999957,-79.02056167199999,Consolidado,1053,,
PAT-117,-8.061355005999928,-79.01967253299995,Consolidado,1054,,
PAT-118,-8.061327846999973,-79.01967400599995,Consolidado,1055,,
PAT-119,-8.06304171599993,-79.02072328099996,Consolidado,1056,,
PAT-12,-8.061838597999952,-79.00458590899996,Consolidado,949,,
PAT-120,-8.062237078999942,-79.02169396499994,Consolidado,1057,,
PAT-121,-8.062215728999945,-79.02164960899995,Consolidado,1058,,
PAT-122,-8.059802729999944,-79.02204969899998,Consolidado,1059,,
PAT-123,-8.059816010999953,-79.02212467699997,Consolidado,1060,,
PAT-124,-8.05977259499997,-79.01831344399994,Consolidado,1061,,
PAT-125,-8.060056170999928,-79.01846664999994,Consolidado,1062,,
PAT-126,-8.058975937999946,-79.01941342199996,Consolidado,1063,,
PAT-127,-8.058932797999944,-79.01938723199999,Consolidado,1064,,
PAT-128,-8.059564914999953,-79.01961953399996,Consolidado,1065,,
PAT-129,-8.059625629999971,-79.01959702599999,Consolidado,1066,,
PAT-13,-8.05832701099996,-79.00349920799994,Consolidado,950,,
PAT-130,-8.057514437999941,-79.02196766599997,Consolidado,1067,,
PAT-131,-8.057556319999946,-79.02200653399996,Consolidado,1068,,
PAT-132,-8.054849415999968,-79.02337564799996,Consolidado,1069,,
PAT-133,-8.057685056999958,-79.02032910699995,Consolidado,1070,,
PAT-134,-8.056190705999938,-79.02260964099997,Consolidado,1071,,
PAT-135,-8.070127295999953,-79.02964599399996,Consolidado,1072,,
PAT-136,-8.07012778099994,-79.02971870699997,Consolidado,1073,,
PAT-137,-8.07026287399998,-79.03256121899994,Consolidado,1074,,
PAT-138,-8.070202320999954,-79.03256283199994,Consolidado,1075,,
PAT-139,-8.070202320999954,-79.03256283199994,Consolidado,1076,,
PAT-14,-8.054791157999944,-79.00246928399997,Consolidado,951,,
PAT-140,-8.066938113999981,-79.03286928399996,Consolidado,1077,,
PAT-141,-8.067774155999928,-79.03141095999996,Consolidado,1078,,
PAT-142,-8.067713761999926,-79.03143264799996,Consolidado,1079,,
PAT-143,-8.063680601999977,-79.02830443199997,Consolidado,1080,,
PAT-144,-8.063675082999964,-79.02827524099996,Consolidado,1081,,
PAT-145,-8.064682964999975,-79.03005104499994,Consolidado,1082,,
PAT-146,-8.064714890999937,-79.03003325999998,Consolidado,1083,,
PAT-147,-8.06580921899996,-79.03005419399994,Consolidado,1084,,
PAT-148,-8.065791962999981,-79.03002652899994,Consolidado,1085,,
PAT-149,-8.064410453999926,-79.03195656599996,Consolidado,1086,,
PAT-15,-8.051215774999946,-79.00127847299996,Consolidado,952,,
PAT-150,-8.06440207199995,-79.03199952499995,Consolidado,1087,,
PAT-151,-8.06497719899994,-79.03275909599995,Consolidado,1088,,
PAT-152,-8.06494904799996,-79.03276112499998,Consolidado,1089,,
PAT-153,-8.062628651999944,-79.03223122799994,Consolidado,1090,,
PAT-154,-8.06263028799998,-79.03218990299996,Consolidado,1091,,
PAT-155,-8.061212115999979,-79.02875510499996,Consolidado,1092,,
PAT-156,-8.066124714999944,-79.03024147799994,Consolidado,1093,,
PAT-157,-8.066093767999973,-79.03022982499994,Consolidado,1094,,
PAT-16,-8.04801340299997,-79.00023069099996,Consolidado,953,,
PAT-17,-8.047644108999975,-79.00003370099995,Consolidado,954,,
PAT-18,-8.067626188999952,-79.01298216299995,Consolidado,955,,
PAT-19,-8.067657847999953,-79.01299337499995,Consolidado,956,,
PAT-2,-8.054767051999931,-79.00251294599997,Consolidado,939,,
PAT-20,-8.066668323999977,-79.01025003399997,Consolidado,957,,
PAT-21,-8.06667717099998,-79.01031633599996,Consolidado,958,,
PAT-22,-8.065718856999979,-79.00775336399994,Consolidado,959,,
PAT-23,-8.065761326999962,-79.00773084199994,Consolidado,960,,
PAT-24,-8.065123325999934,-79.00465815599995,Consolidado,961,,
PAT-25,-8.065198600999963,-79.00462616099998,Consolidado,962,,
PAT-26,-8.066069867999943,-79.00698715099998,Consolidado,963,,
PAT-27,-8.066063991999954,-79.00695192799998,Consolidado,964,,
PAT-28,-8.063028350999957,-79.00750138099994,Consolidado,965,,
PAT-29,-8.061286951999932,-79.00657832399997,Consolidado,966,,
PAT-3,-8.058287795999945,-79.00359419899996,Consolidado,940,,
PAT-30,-8.057602482999926,-79.00565928799995,Consolidado,967,,
PAT-31,-8.05765078199994,-79.00557701299994,Consolidado,968,,
PAT-32,-8.054509934999942,-79.00470714799997,Consolidado,969,,
PAT-33,-8.05455939199993,-79.00461937699998,Consolidado,970,,
PAT-34,-8.052422632999935,-79.00595739599999,Consolidado,971,,
PAT-35,-8.052547279999942,-79.00607846199995,Consolidado,972,,
PAT-36,-8.049568387999955,-79.00328979699998,Consolidado,973,,
PAT-37,-8.048724923999941,-79.00636870999995,Consolidado,974,,
PAT-38,-8.050613487999954,-79.00796285999996,Consolidado,975,,
PAT-39,-8.050632611999958,-79.00792633599997,Consolidado,976,,
PAT-4,-8.061797411999976,-79.00463073799995,Consolidado,941,,
PAT-40,-8.053878207999958,-79.00903499699996,Consolidado,977,,
PAT-41,-8.053940072999978,-79.00895348399996,Consolidado,978,,
PAT-42,-8.05729579399997,-79.01002964199995,Consolidado,979,,
PAT-43,-8.05730843699996,-79.00997471599999,Consolidado,980,,
PAT-44,-8.05908326399998,-79.00802978799999,Consolidado,981,,
PAT-45,-8.059073571999932,-79.00796812899995,Consolidado,982,,
PAT-46,-8.065606698999943,-79.01195133499994,Consolidado,983,,
PAT-47,-8.065517671999942,-79.01197589099996,Consolidado,984,,
PAT-48,-8.063631015999931,-79.01088111099995,Consolidado,985,,
PAT-49,-8.063565638999933,-79.01080149499995,Consolidado,986,,
PAT-5,-8.06304146499997,-79.00756391899995,Consolidado,942,,
PAT-50,-8.060701854999934,-79.01040781799998,Consolidado,987,,
PAT-51,-8.060734095999976,-79.01033596999997,Consolidado,988,,
PAT-52,-8.05966603099995,-79.01269414599994,Consolidado,989,,
PAT-53,-8.059755094999957,-79.01275724899995,Consolidado,990,,
PAT-54,-8.059433952999939,-79.01040088299999,Consolidado,991,,
PAT-55,-8.059347781999975,-79.01037682999998,Consolidado,992,,
PAT-56,-8.060040318999938,-79.00833116099994,Consolidado,993,,
PAT-57,-8.059968088999938,-79.00830561399994,Consolidado,994,,
PAT-58,-8.057828944999926,-79.01217474099997,Consolidado,995,,
PAT-59,-8.057903297999928,-79.01215927799996,Consolidado,996,,
PAT-6,-8.06129088299997,-79.00665610099998,Consolidado,943,,
PAT-60,-8.061361192999925,-79.01444596199997,Consolidado,997,,
PAT-61,-8.061354311999935,-79.01449970699997,Consolidado,998,,
PAT-62,-8.060905951999928,-79.02311118599994,Consolidado,999,,
PAT-63,-8.061014322999938,-79.02304459699997,Consolidado,1000,,
PAT-64,-8.069072736999942,-79.02150285099998,Consolidado,1001,,
PAT-65,-8.068996761999927,-79.02160755099999,Consolidado,1002,,
PAT-66,-8.069567248999931,-79.02597979599994,Consolidado,1003,,
PAT-67,-8.06550434299993,-79.02654472199998,Consolidado,1004,,
PAT-68,-8.061843880999959,-79.02560772599998,Consolidado,1005,,
PAT-69,-8.058157293999955,-79.02316875699995,Consolidado,1006,,
PAT-7,-8.06075878799993,-79.00837496499997,Consolidado,944,,
PAT-70,-8.067409316999942,-79.01546614099993,Consolidado,1007,,
PAT-71,-8.063673058999939,-79.01617686899993,Consolidado,1008,,
PAT-72,-8.069799179999961,-79.02581330499999,Consolidado,1009,,
PAT-73,-8.065406119999977,-79.02642280499998,Consolidado,1010,,
PAT-74,-8.06188900099994,-79.02549890199998,Consolidado,1011,,
PAT-75,-8.066163982999967,-79.01495507299995,Consolidado,1012,,
PAT-76,-8.06736319199996,-79.01554606299999,Consolidado,1013,,
PAT-77,-8.063676287999954,-79.01623707199997,Consolidado,1014,,
PAT-78,-8.068163847999926,-79.02056861899996,Consolidado,1015,,
PAT-79,-8.068111690999956,-79.02048376399995,Consolidado,1016,,
PAT-8,-8.064516799999979,-79.00341896099997,Consolidado,945,,
PAT-80,-8.068292991999954,-79.01769741999993,Consolidado,1017,,
PAT-81,-8.067219948999934,-79.02036476799998,Consolidado,1018,,
PAT-82,-8.066793339999947,-79.01829068999996,Consolidado,1019,,
PAT-83,-8.06808151499996,-79.01781359699999,Consolidado,1020,,
PAT-84,-8.067117024999959,-79.02039824399998,Consolidado,1021,,
PAT-85,-8.066719365999973,-79.01831351299995,Consolidado,1022,,
PAT-86,-8.06971443699996,-79.02783714799995,Consolidado,1023,,
PAT-87,-8.069769212999972,-79.02787294099994,Consolidado,1024,,
PAT-88,-8.06692628899998,-79.02837084199996,Consolidado,1025,,
PAT-89,-8.066977131999977,-79.02839335999994,Consolidado,1026,,
PAT-9,-8.06459741499998,-79.00344010699996,Consolidado,946,,
PAT-90,-8.064148604999957,-79.02724761499996,Consolidado,1027,,
PAT-91,-8.063724355999966,-79.02420789499996,Consolidado,1028,,
PAT-92,-8.063671356999976,-79.02419210799997,Consolidado,1029,,
PAT-93,-8.06528657299998,-79.02222331099995,Consolidado,1030,,
PAT-94,-8.06530320099995,-79.02233606899995,Consolidado,1031,,
PAT-95,-8.066081334999978,-79.01499563599998,Consolidado,1032,,
PAT-96,-8.065621538999949,-79.02031361899998,Consolidado,1033,,
PAT-97,-8.065687632999925,-79.02033240899993,Consolidado,1034,,
PAT-98,-8.06510381399994,-79.01766596599998,Consolidado,1035,,
PAT-99,-8.065179284999942,-79.01766273199996,Consolidado,1036,,
PE-1,-8.051992577999954,-79.05901765099998,Consolidado,1095,,
PE-10,-8.053387202999943,-79.07896833499996,Consolidado,1104,,
PE-100,-8.051591191999933,-79.05474847399995,Consolidado,1194,,
PE-101,-8.050712415999953,-79.05194078699998,Consolidado,1195,,
PE-102,-8.04932211299996,-79.05012206299995,Consolidado,1196,,
PE-103,-8.050096443999962,-79.05117566299998,Consolidado,1197,,
PE-104,-8.047901864999972,-79.05269459699997,Consolidado,1198,,
PE-105,-8.045922023999935,-79.05246547099995,Consolidado,1199,,
PE-106,-8.043770613999925,-79.05161701599997,Consolidado,1200,,
PE-107,-8.045844531999933,-79.05005859999994,Consolidado,1201,,
PE-108,-8.047836054999948,-79.04966256399996,Consolidado,1202,,
PE-109,-8.053120391999926,-79.05011229399997,Consolidado,1203,,
PE-11,-8.047510072999955,-79.06875001599997,Consolidado,1105,,
PE-110,-8.051748617999976,-79.05492108199996,Consolidado,1204,,
PE-111,-8.050789203999955,-79.05186037899995,Consolidado,1205,,
PE-112,-8.049343918999966,-79.05004409499998,Consolidado,1206,,
PE-113,-8.047786826999925,-79.04942794299996,Consolidado,1207,,
PE-114,-8.045493055999941,-79.05022412699998,Consolidado,1208,,
PE-115,-8.04376323699995,-79.05148155999996,Consolidado,1209,,
PE-116,-8.045900753999945,-79.05243913399994,Consolidado,1210,,
PE-117,-8.047883916999979,-79.05276839399994,Consolidado,1211,,
PE-118,-8.050025448999975,-79.05136412499996,Consolidado,1212,,
PE-119,-8.049360037999975,-79.05375771799999,Consolidado,1213,,
PE-12,-8.049005428999976,-79.07049575499997,Consolidado,1106,,
PE-120,-8.052881732999936,-79.05013143099995,Consolidado,1214,,
PE-121,-8.05514521899994,-79.07868211699997,Consolidado,1215,,
PE-122,-8.055495105999967,-79.07685121899993,Consolidado,1216,,
PE-123,-8.05766179099993,-79.07493186399995,Consolidado,1217,,
PE-124,-8.057341617999953,-79.07377679799998,Consolidado,1218,,
PE-125,-8.058787346999964,-79.07456477799997,Consolidado,1219,,
PE-126,-8.055408184999976,-79.07461527099997,Consolidado,1220,,
PE-127,-8.052220449999936,-79.07534835399997,Consolidado,1221,,
PE-128,-8.053864846999943,-79.07390272599997,Consolidado,1222,,
PE-129,-8.052962692999927,-79.07828739499996,Consolidado,1223,,
PE-13,-8.050974400999962,-79.07276339599997,Consolidado,1107,,
PE-130,-8.051014794999958,-79.07601699999998,Consolidado,1224,,
PE-131,-8.049205607999966,-79.07389696499996,Consolidado,1225,,
PE-132,-8.047364933999972,-79.07181711499999,Consolidado,1226,,
PE-133,-8.045767462999947,-79.06987950999996,Consolidado,1227,,
PE-134,-8.054412958999933,-79.07668623299998,Consolidado,1228,,
PE-135,-8.052619077999964,-79.07456265999997,Consolidado,1229,,
PE-136,-8.050851259999945,-79.07248251499999,Consolidado,1230,,
PE-137,-8.049026589999926,-79.07036052399997,Consolidado,1231,,
PE-138,-8.047412531999953,-79.06843252599998,Consolidado,1232,,
PE-139,-8.05101248799997,-79.07103163699998,Consolidado,1233,,
PE-14,-8.052974784999947,-79.07512619099998,Consolidado,1108,,
PE-140,-8.049164750999978,-79.06886957199998,Consolidado,1234,,
PE-141,-8.055857557999957,-79.07154112399996,Consolidado,1235,,
PE-142,-8.053693307999936,-79.07039568299996,Consolidado,1236,,
PE-143,-8.05361831199997,-79.06813228599998,Consolidado,1237,,
PE-144,-8.055016635999948,-79.06543637199997,Consolidado,1238,,
PE-145,-8.05616573499998,-79.06324371999995,Consolidado,1239,,
PE-146,-8.048807818999933,-79.06584564999997,Consolidado,1240,,
PE-147,-8.050011635999965,-79.06341031499994,Consolidado,1241,,
PE-148,-8.051263535999965,-79.06098761599998,Consolidado,1242,,
PE-149,-8.052526099999966,-79.05870361199999,Consolidado,1243,,
PE-15,-8.05454278999997,-79.07695595099995,Consolidado,1109,,
PE-150,-8.052749245999962,-79.06683353299996,Consolidado,1244,,
PE-151,-8.050788773999955,-79.06579563999998,Consolidado,1245,,
PE-152,-8.048900183999933,-79.06038561699995,Consolidado,1246,,
PE-153,-8.047637426999927,-79.06272403599996,Consolidado,1247,,
PE-154,-8.046516597999926,-79.06487627099995,Consolidado,1248,,
PE-155,-8.067230841999958,-79.07551524199994,Consolidado,1249,,
PE-156,-8.06455211399998,-79.07848648099997,Consolidado,1250,,
PE-157,-8.06581521499993,-79.07696897899996,Consolidado,1251,,
PE-158,-8.056679244999941,-79.07929303699996,Consolidado,1252,,
PE-159,-8.059452928999974,-79.07612328399995,Consolidado,1253,,
PE-16,-8.04896224199996,-79.06880416199994,Consolidado,1110,,
PE-160,-8.065166297999951,-79.06533299099993,Consolidado,1254,,
PE-161,-8.066587931999948,-79.06846438999997,Consolidado,1255,,
PE-162,-8.068054810999968,-79.07158210799997,Consolidado,1256,,
PE-163,-8.06387091199997,-79.06699467199996,Consolidado,1257,,
PE-164,-8.062900861999935,-79.06949133699999,Consolidado,1258,,
PE-165,-8.061771128999965,-79.07164992599996,Consolidado,1259,,
PE-166,-8.060665184999948,-79.07380459799998,Consolidado,1260,,
PE-167,-8.064416601999937,-79.06830228499996,Consolidado,1261,,
PE-168,-8.063717481999959,-79.07029810599994,Consolidado,1262,,
PE-169,-8.062633238999979,-79.07235514099995,Consolidado,1263,,
PE-17,-8.051042332999941,-79.07123778899995,Consolidado,1111,,
PE-170,-8.061491459999957,-79.07457255699995,Consolidado,1264,,
PE-171,-8.065408674999958,-79.07076479899996,Consolidado,1265,,
PE-172,-8.064311908999969,-79.07289284099994,Consolidado,1266,,
PE-173,-8.06323243199995,-79.07498012799994,Consolidado,1267,,
PE-174,-8.063959972999953,-79.07859655999994,Consolidado,1268,,
PE-175,-8.057535292999944,-79.07779650699996,Consolidado,1269,,
PE-176,-8.060174657999937,-79.07699603199995,Consolidado,1270,,
PE-177,-8.058260005999955,-79.07864314999995,Consolidado,1271,,
PE-178,-8.075538562999952,-79.04312774399995,Consolidado,1272,,
PE-179,-8.077805181999963,-79.04189367299995,Consolidado,1273,,
PE-18,-8.04941406499995,-79.06845712299997,Consolidado,1112,,
PE-180,-8.062201878999929,-79.04994684299999,Consolidado,1274,,
PE-181,-8.064856751999969,-79.04925314399998,Consolidado,1275,,
PE-182,-8.067710346999945,-79.04813640699996,Consolidado,1276,,
PE-183,-8.069628382999952,-79.04719338199999,Consolidado,1277,,
PE-184,-8.072036596999965,-79.04580583399996,Consolidado,1278,,
PE-185,-8.074817010999936,-79.04432079999998,Consolidado,1279,,
PE-186,-8.077108704999944,-79.04302058699994,Consolidado,1280,,
PE-187,-8.079271809999966,-79.04182426699998,Consolidado,1281,,
PE-188,-8.06353073899993,-79.05178851399995,Consolidado,1282,,
PE-189,-8.067539130999933,-79.05060939399993,Consolidado,1283,,
PE-19,-8.051161129999969,-79.06937411599995,Consolidado,1113,,
PE-190,-8.075437956999963,-79.04145129999995,Consolidado,1284,,
PE-191,-8.077385393999975,-79.04038438699996,Consolidado,1285,,
PE-192,-8.062563849999947,-79.04927061599994,Consolidado,1286,,
PE-193,-8.06543129299996,-79.04846217799997,Consolidado,1287,,
PE-194,-8.06831022199998,-79.04699984799998,Consolidado,1288,,
PE-195,-8.070455967999976,-79.04586833699994,Consolidado,1289,,
PE-196,-8.072947781999972,-79.04441671299998,Consolidado,1290,,
PE-197,-8.071951214999956,-79.04913043299996,Consolidado,1291,,
PE-198,-8.07443270799996,-79.04776535999997,Consolidado,1292,,
PE-199,-8.077263364999965,-79.04616247599995,Consolidado,1293,,
PE-2,-8.051164669999935,-79.06066454999996,Consolidado,1096,,
PE-20,-8.053801316999966,-79.07079378999998,Consolidado,1114,,
PE-200,-8.079832213999964,-79.04468570199998,Consolidado,1294,,
PE-201,-8.072242853999967,-79.05059758699997,Consolidado,1295,,
PE-202,-8.073188320999975,-79.05323476099994,Consolidado,1296,,
PE-203,-8.073064173999967,-79.05496785699995,Consolidado,1297,,
PE-204,-8.07083221399995,-79.05577851799995,Consolidado,1298,,
PE-205,-8.067722664999962,-79.05683912599994,Consolidado,1299,,
PE-206,-8.06561923299995,-79.05758845599996,Consolidado,1300,,
PE-207,-8.06399173799997,-79.05769395399994,Consolidado,1301,,
PE-208,-8.062887469999964,-79.05484934599997,Consolidado,1302,,
PE-209,-8.065003059999981,-79.06041967899995,Consolidado,1303,,
PE-21,-8.056347961999961,-79.07210802499998,Consolidado,1115,,
PE-210,-8.067323622999936,-79.06060083599994,Consolidado,1304,,
PE-211,-8.070973281999954,-79.05933128599997,Consolidado,1305,,
PE-212,-8.073529833999942,-79.05833971099997,Consolidado,1306,,
PE-213,-8.072575006999955,-79.06062067899995,Consolidado,1307,,
PE-214,-8.073179871999969,-79.06147745399994,Consolidado,1308,,
PE-215,-8.074630320999972,-79.05984812799994,Consolidado,1309,,
PE-216,-8.074295423999956,-79.05643468199997,Consolidado,1310,,
PE-217,-8.07603641199995,-79.05670251799995,Consolidado,1311,,
PE-218,-8.078439439999954,-79.05576914299996,Consolidado,1312,,
PE-219,-8.08083862799998,-79.05482774599994,Consolidado,1313,,
PE-22,-8.060287823999943,-79.07697199899997,Consolidado,1116,,
PE-220,-8.08089318499998,-79.05016070699997,Consolidado,1314,,
PE-221,-8.077988563999952,-79.05148006799999,Consolidado,1315,,
PE-222,-8.075489923999953,-79.05265308899999,Consolidado,1316,,
PE-223,-8.072578047999968,-79.04912380299999,Consolidado,1317,,
PE-224,-8.075678170999936,-79.04776460199997,Consolidado,1318,,
PE-225,-8.078827312999977,-79.04632484399997,Consolidado,1319,,
PE-226,-8.080707397999959,-79.04841268499996,Consolidado,1320,,
PE-227,-8.055710412999929,-79.04858437299998,Consolidado,1321,,
PE-228,-8.056784577999963,-79.05021983399996,Consolidado,1322,,
PE-229,-8.057520129999943,-79.04887287399998,Consolidado,1323,,
PE-23,-8.05843435099996,-79.07856919999995,Consolidado,1117,,
PE-230,-8.056431127999929,-79.05093760899996,Consolidado,1324,,
PE-231,-8.06054113099998,-79.04785479999998,Consolidado,1325,,
PE-232,-8.061483824999925,-79.04924071199997,Consolidado,1326,,
PE-233,-8.062138122999954,-79.05201784099995,Consolidado,1327,,
PE-234,-8.062785319999932,-79.04787304799999,Consolidado,1328,,
PE-235,-8.064439252999932,-79.04615705799995,Consolidado,1329,,
PE-236,-8.04598928699994,-79.05737732999995,Consolidado,1330,,
PE-237,-8.049601165999945,-79.05634030399995,Consolidado,1331,,
PE-238,-8.065602061999925,-79.04492777399997,Consolidado,1332,,
PE-239,-8.066763263999974,-79.04520122399998,Consolidado,1333,,
PE-24,-8.056603447999976,-79.07934696799998,Consolidado,1118,,
PE-240,-8.068428315999938,-79.04483268499996,Consolidado,1334,,
PE-241,-8.067931457999975,-79.04758247999996,Consolidado,1335,,
PE-242,-8.070526748999953,-79.04335032299997,Consolidado,1336,,
PE-243,-8.071911460999956,-79.04166601699995,Consolidado,1337,,
PE-244,-8.073757112999942,-79.04124998799995,Consolidado,1338,,
PE-245,-8.082240893999938,-79.05243684399994,Consolidado,1339,,
PE-246,-8.08218299999993,-79.05247325499994,Consolidado,1340,,
PE-247,-8.08213580499995,-79.04920395799996,Consolidado,1341,,
PE-248,-8.082176733999972,-79.04916103799997,Consolidado,1342,,
PE-249,-8.08196918799996,-79.04695449299999,Consolidado,1343,,
PE-25,-8.058097030999932,-79.08108660899995,Consolidado,1119,,
PE-250,-8.08114932999996,-79.04661597799998,Consolidado,1344,,
PE-251,-8.071363307999945,-79.06271880599996,Consolidado,1345,,
PE-252,-8.071421947999966,-79.06280713499996,Consolidado,1346,,
PE-253,-8.072388229999945,-79.06429831499997,Consolidado,1347,,
PE-254,-8.072352394999939,-79.06427958299997,Consolidado,1348,,
PE-255,-8.071967556999937,-79.06481645299993,Consolidado,1349,,
PE-256,-8.072147958999949,-79.06439168699995,Consolidado,1350,,
PE-257,-8.071209284999952,-79.06709391899994,Consolidado,1351,,
PE-258,-8.071260178999978,-79.06711204099997,Consolidado,1352,,
PE-259,-8.070119782999939,-79.06992791199997,Consolidado,1353,,
PE-26,-8.059481667999933,-79.08271962499998,Consolidado,1120,,
PE-260,-8.070083374999967,-79.06990067699996,Consolidado,1354,,
PE-261,-8.068954405999932,-79.07265425399999,Consolidado,1355,,
PE-262,-8.069021077999935,-79.07269028199994,Consolidado,1356,,
PE-263,-8.069106451999971,-79.06721029999994,Consolidado,1357,,
PE-264,-8.068910338999956,-79.06688736899997,Consolidado,1358,,
PE-265,-8.06745038899993,-79.06363629899994,Consolidado,1359,,
PE-266,-8.06765397099997,-79.06398378299997,Consolidado,1360,,
PE-267,-8.06576851699998,-79.06195249599995,Consolidado,1361,,
PE-268,-8.065743715999929,-79.06199974799995,Consolidado,1362,,
PE-269,-8.064592540999968,-79.06187555199995,Consolidado,1363,,
PE-27,-8.061923710999963,-79.08128394899995,Consolidado,1121,,
PE-270,-8.06440190099994,-79.06184250499996,Consolidado,1364,,
PE-271,-8.059659715999942,-79.05332546399995,Consolidado,1365,,
PE-272,-8.059543876999953,-79.05317247999994,Consolidado,1366,,
PE-273,-8.056694590999939,-79.05426988099998,Consolidado,1367,,
PE-274,-8.05619471999995,-79.05427857699993,Consolidado,1368,,
PE-275,-8.053390276999949,-79.05520040799996,Consolidado,1369,,
PE-276,-8.049469926999961,-79.05677021099996,Consolidado,1370,,
PE-277,-8.05293636099998,-79.05606225199995,Consolidado,1371,,
PE-278,-8.057241087999955,-79.05986116599996,Consolidado,1372,,
PE-279,-8.05711451299993,-79.06004679599994,Consolidado,1373,,
PE-28,-8.064596735999942,-79.07852072399999,Consolidado,1122,,
PE-280,-8.053612276999957,-79.05798460399996,Consolidado,1374,,
PE-281,-8.053458569999975,-79.05815461599997,Consolidado,1375,,
PE-282,-8.053972933999944,-79.05580069799998,Consolidado,1376,,
PE-283,-8.047375648999946,-79.07091889099996,Consolidado,1377,,
PE-284,-8.047332385999937,-79.07088921999997,Consolidado,1378,,
PE-285,-8.08364611899998,-79.04323741699994,Consolidado,1379,,
PE-286,-8.081822736999925,-79.04004408299994,Consolidado,1380,,
PE-287,-8.08040633099995,-79.03751287599994,Consolidado,1381,,
PE-288,-8.084774188999972,-79.04093695499995,Consolidado,1382,,
PE-289,-8.083591486999978,-79.04315603999999,Consolidado,1383,,
PE-29,-8.066710137999962,-79.06809361499995,Consolidado,1123,,
PE-290,-8.081725897999945,-79.03995792099994,Consolidado,1384,,
PE-291,-8.080297918999975,-79.03738682299996,Consolidado,1385,,
PE-292,-8.084828603999938,-79.04097297799996,Consolidado,1386,,
PE-293,-8.077568374999942,-79.03513166099998,Consolidado,1387,,
PE-294,-8.077612164999948,-79.03518032599999,Consolidado,1388,,
PE-295,-8.078913383999975,-79.03351434499996,Consolidado,1389,,
PE-296,-8.078852732999962,-79.03348444599999,Consolidado,1390,,
PE-297,-8.075621268999953,-79.03491570999995,Consolidado,1391,,
PE-298,-8.07564251399998,-79.03484609699996,Consolidado,1392,,
PE-299,-8.080912324999929,-79.03245618499994,Consolidado,1393,,
PE-3,-8.049899559999972,-79.06299842099997,Consolidado,1097,,
PE-30,-8.06546982499998,-79.06542857999995,Consolidado,1124,,
PE-300,-8.080853136999963,-79.03243337999999,Consolidado,1394,,
PE-301,-8.08300701099995,-79.04307776599995,Consolidado,1395,,
PE-302,-8.08375637599994,-79.04243329199994,Consolidado,1396,,
PE-303,-8.084032194999963,-79.04418662399996,Consolidado,1397,,
PE-304,-8.083958706999965,-79.04400182699999,Consolidado,1398,,
PE-305,-8.081488203999982,-79.04511672499996,Consolidado,1399,,
PE-306,-8.081580936999956,-79.04530125999997,Consolidado,1400,,
PE-307,-8.082387023999956,-79.04010145199999,Consolidado,1401,,
PE-308,-8.08239402099997,-79.04005605799995,Consolidado,1402,,
PE-309,-8.077980638999975,-79.03838119699998,Consolidado,1403,,
PE-31,-8.065914603999943,-79.07695485899995,Consolidado,1125,,
PE-310,-8.077934631999938,-79.03836598099997,Consolidado,1404,,
PE-311,-8.076883775999931,-79.03761015199996,Consolidado,1405,,
PE-312,-8.076893299999938,-79.03750187799994,Consolidado,1406,,
PE-313,-8.080642544999932,-79.03690420999999,Consolidado,1407,,
PE-314,-8.080603269999926,-79.03685270099999,Consolidado,1408,,
PE-315,-8.083655319999934,-79.03515726899997,Consolidado,1409,,
PE-316,-8.083592754999927,-79.03513743099995,Consolidado,1410,,
PE-317,-8.086508539999954,-79.03354258299998,Consolidado,1411,,
PE-318,-8.086502425999981,-79.03349125499994,Consolidado,1412,,
PE-319,-8.08162583199993,-79.03246115499996,Consolidado,1413,,
PE-32,-8.067331028999945,-79.07549189499997,Consolidado,1126,,
PE-320,-8.081568973999936,-79.03240400599998,Consolidado,1414,,
PE-321,-8.077907508999942,-79.03582482099995,Consolidado,1415,,
PE-322,-8.07787325299995,-79.03579984199996,Consolidado,1416,,
PE-323,-8.080559481999956,-79.03432480899994,Consolidado,1417,,
PE-324,-8.080640487999972,-79.03432930199995,Consolidado,1418,,
PE-325,-8.083478061999926,-79.03278117399998,Consolidado,1419,,
PE-326,-8.083433440999954,-79.03270279899994,Consolidado,1420,,
PE-327,-8.08575009499998,-79.03142619899995,Consolidado,1421,,
PE-328,-8.085762130999967,-79.03139687099997,Consolidado,1422,,
PE-329,-8.07886092299998,-79.03241878899996,Consolidado,1423,,
PE-33,-8.06821870899995,-79.07157092899996,Consolidado,1127,,
PE-330,-8.07890139999995,-79.03244579399995,Consolidado,1424,,
PE-331,-8.066937432999964,-79.03293831599996,Consolidado,1425,,
PE-332,-8.068327051999972,-79.03432111099994,Consolidado,1426,,
PE-333,-8.068318610999938,-79.03427647199999,Consolidado,1427,,
PE-334,-8.062945002999982,-79.03391876799998,Consolidado,1428,,
PE-335,-8.06293250999994,-79.03388696899998,Consolidado,1429,,
PE-336,-8.073566685999936,-79.03375191799995,Consolidado,1430,,
PE-337,-8.073544081999955,-79.03380580599998,Consolidado,1431,,
PE-338,-8.071278932999974,-79.03421381599998,Consolidado,1432,,
PE-339,-8.07129976799996,-79.03425455899998,Consolidado,1433,,
PE-34,-8.06292323599996,-79.05480397199995,Consolidado,1128,,
PE-340,-8.067949617999943,-79.03457008599997,Consolidado,1434,,
PE-341,-8.068601691999959,-79.03476602399996,Consolidado,1435,,
PE-342,-8.06668151499997,-79.03573445399996,Consolidado,1436,,
PE-343,-8.066502734999972,-79.03601585399997,Consolidado,1437,,
PE-344,-8.067816654999945,-79.03741483899995,Consolidado,1438,,
PE-345,-8.067571356999963,-79.03719689299999,Consolidado,1439,,
PE-346,-8.066447818999961,-79.03960362899994,Consolidado,1440,,
PE-347,-8.066567043999953,-79.03956398999998,Consolidado,1441,,
PE-348,-8.063606726999978,-79.04042947999994,Consolidado,1442,,
PE-349,-8.06433861499994,-79.04177048899999,Consolidado,1443,,
PE-35,-8.064016352999943,-79.05761911099995,Consolidado,1129,,
PE-350,-8.06131817499994,-79.04356287299998,Consolidado,1444,,
PE-351,-8.060549052999932,-79.04227777199998,Consolidado,1445,,
PE-352,-8.080589750999934,-79.04189453599997,Consolidado,1446,,
PE-353,-8.080745595999929,-79.04185071699999,Consolidado,1447,,
PE-36,-8.064958452999974,-79.06034684599996,Consolidado,1130,,
PE-37,-8.066123379999965,-79.05732815799996,Consolidado,1131,,
PE-38,-8.068005167999956,-79.05671258099994,Consolidado,1132,,
PE-39,-8.070522970999946,-79.05585371699993,Consolidado,1133,,
PE-4,-8.04840096299995,-79.06595210099994,Consolidado,1098,,
PE-40,-8.072978423999928,-79.05498093299997,Consolidado,1134,,
PE-41,-8.075923141999965,-79.04774425299996,Consolidado,1135,,
PE-42,-8.067761154999971,-79.05072510599996,Consolidado,1136,,
PE-43,-8.063725664999936,-79.05200438399999,Consolidado,1137,,
PE-44,-8.074270998999964,-79.04806786899996,Consolidado,1138,,
PE-45,-8.076380660999973,-79.04683527899994,Consolidado,1139,,
PE-46,-8.079254674999959,-79.04519408399995,Consolidado,1140,,
PE-47,-8.07440184799998,-79.05650487699995,Consolidado,1141,,
PE-48,-8.073282736999943,-79.05323981299995,Consolidado,1142,,
PE-49,-8.072319952999976,-79.05057148899994,Consolidado,1143,,
PE-5,-8.046722294999938,-79.06858449299995,Consolidado,1099,,
PE-50,-8.072489685999926,-79.04925645599997,Consolidado,1144,,
PE-51,-8.079147206999949,-79.04627716499994,Consolidado,1145,,
PE-52,-8.06466577699996,-79.04930352299994,Consolidado,1146,,
PE-53,-8.067620560999956,-79.04824908099994,Consolidado,1147,,
PE-54,-8.069721492999975,-79.04710101699999,Consolidado,1148,,
PE-55,-8.072162447999972,-79.04564644599998,Consolidado,1149,,
PE-56,-8.074679488999948,-79.04436646499994,Consolidado,1150,,
PE-57,-8.076951969999925,-79.04311664699998,Consolidado,1151,,
PE-58,-8.078735611999946,-79.04211071399999,Consolidado,1152,,
PE-59,-8.062025271999971,-79.05002817599996,Consolidado,1153,,
PE-6,-8.045890141999962,-79.07020991799999,Consolidado,1100,,
PE-60,-8.062746431999926,-79.04918930899998,Consolidado,1154,,
PE-61,-8.065545848999932,-79.04839867599998,Consolidado,1155,,
PE-62,-8.068434599999932,-79.04697136399994,Consolidado,1156,,
PE-63,-8.070545866999964,-79.04575683199994,Consolidado,1157,,
PE-64,-8.072889541999928,-79.04451851199997,Consolidado,1158,,
PE-65,-8.075377535999962,-79.04317728299998,Consolidado,1159,,
PE-66,-8.077593459999946,-79.04196059299994,Consolidado,1160,,
PE-67,-8.055536857999925,-79.04808197499995,Consolidado,1161,,
PE-68,-8.055916668999942,-79.04974894999998,Consolidado,1162,,
PE-69,-8.056595718999972,-79.05151985399993,Consolidado,1163,,
PE-7,-8.047731780999925,-79.07235953899999,Consolidado,1101,,
PE-70,-8.057263232999958,-79.04898811099997,Consolidado,1164,,
PE-71,-8.059992706999935,-79.04799449799998,Consolidado,1165,,
PE-72,-8.06141372299993,-79.04891755499995,Consolidado,1166,,
PE-73,-8.062114494999946,-79.05175233099999,Consolidado,1167,,
PE-74,-8.063247433999948,-79.04747140199999,Consolidado,1168,,
PE-75,-8.064864081999929,-79.04579728699997,Consolidado,1169,,
PE-76,-8.065878662999978,-79.04476867299996,Consolidado,1170,,
PE-77,-8.067959887999962,-79.04781160499994,Consolidado,1171,,
PE-78,-8.066938002999962,-79.04547689899994,Consolidado,1172,,
PE-79,-8.068788937999955,-79.04459763999995,Consolidado,1173,,
PE-8,-8.049481666999952,-79.07440074899995,Consolidado,1102,,
PE-80,-8.070568684999955,-79.04337623599997,Consolidado,1174,,
PE-81,-8.072111681999957,-79.04154960599999,Consolidado,1175,,
PE-82,-8.073714198999937,-79.04236649699999,Consolidado,1176,,
PE-83,-8.075399091999941,-79.04138890299998,Consolidado,1177,,
PE-84,-8.07754388899997,-79.04036887999996,Consolidado,1178,,
PE-85,-8.075376138999957,-79.05267559199996,Consolidado,1179,,
PE-86,-8.078172835999965,-79.05147621699996,Consolidado,1180,,
PE-87,-8.081063502999939,-79.05016930299996,Consolidado,1181,,
PE-88,-8.075961120999978,-79.05686562399995,Consolidado,1182,,
PE-89,-8.078487374999952,-79.05589695999998,Consolidado,1183,,
PE-9,-8.051333930999931,-79.07654390099998,Consolidado,1103,,
PE-90,-8.080852052999944,-79.05486382999999,Consolidado,1184,,
PE-91,-8.080756747999942,-79.04847469999999,Consolidado,1185,,
PE-92,-8.067484390999937,-79.06062198299998,Consolidado,1186,,
PE-93,-8.070569901999932,-79.05950457299997,Consolidado,1187,,
PE-94,-8.073572259999935,-79.05845368399997,Consolidado,1188,,
PE-95,-8.074650584999972,-79.05973471899995,Consolidado,1189,,
PE-96,-8.073240295999938,-79.06149210699994,Consolidado,1190,,
PE-97,-8.07266094299996,-79.06058181699996,Consolidado,1191,,
PE-98,-8.046633330999953,-79.05748020199997,Consolidado,1192,,
PE-99,-8.051714740999955,-79.05733787199995,Consolidado,1193,,
PFM-1,-8.083099391999951,-79.01397719899995,Consolidado,1640,,
PFM-10,-8.08036209599993,-79.02458854299994,Consolidado,1649,,
PFM-100,-8.075199016999932,-79.02293285299999,Consolidado,1739,,
PFM-101,-8.080545504999975,-79.01894968299996,Consolidado,1740,,
PFM-102,-8.079603603999942,-79.01582079699995,Consolidado,1741,,
PFM-103,-8.07967515599995,-79.01579819399996,Consolidado,1742,,
PFM-104,-8.08065533599995,-79.01901317799997,Consolidado,1743,,
PFM-105,-8.076868136999963,-79.02261642699995,Consolidado,1744,,
PFM-106,-8.076897624999958,-79.02251133799996,Consolidado,1745,,
PFM-11,-8.083128636999959,-79.02422085299997,Consolidado,1650,,
PFM-12,-8.083051950999959,-79.02429256099998,Consolidado,1651,,
PFM-13,-8.08592111799993,-79.02388619299995,Consolidado,1652,,
PFM-14,-8.085836173999951,-79.02392697199997,Consolidado,1653,,
PFM-15,-8.07765939099994,-79.02487835599999,Consolidado,1654,,
PFM-16,-8.076133023999944,-79.02037717799999,Consolidado,1655,,
PFM-17,-8.07970426099996,-79.01967206799998,Consolidado,1656,,
PFM-18,-8.083913477999943,-79.01872867599997,Consolidado,1657,,
PFM-19,-8.07764719599993,-79.02493827399996,Consolidado,1658,,
PFM-2,-8.080300671999964,-79.01220484199996,Consolidado,1641,,
PFM-20,-8.081928967999943,-79.02948341199993,Consolidado,1659,,
PFM-21,-8.081523652999977,-79.02558821399998,Consolidado,1660,,
PFM-22,-8.075342071999955,-79.01367484899998,Consolidado,1661,,
PFM-23,-8.075249411999948,-79.01375163699998,Consolidado,1662,,
PFM-24,-8.085779593999973,-79.01657878499998,Consolidado,1663,,
PFM-25,-8.087212582999939,-79.02631574199995,Consolidado,1664,,
PFM-26,-8.08674005499995,-79.02266656099994,Consolidado,1665,,
PFM-27,-8.086301412999944,-79.01995505099995,Consolidado,1666,,
PFM-28,-8.083740908999971,-79.01885005199995,Consolidado,1667,,
PFM-29,-8.084568058999935,-79.02327407299998,Consolidado,1668,,
PFM-3,-8.07285952799998,-79.02092037199998,Consolidado,1642,,
PFM-30,-8.079600494999966,-79.01977621199995,Consolidado,1669,,
PFM-31,-8.085892506999926,-79.01665890299995,Consolidado,1670,,
PFM-32,-8.087292275999971,-79.02636115999996,Consolidado,1671,,
PFM-33,-8.086832254999933,-79.02273152399994,Consolidado,1672,,
PFM-34,-8.086409957999933,-79.02004425499996,Consolidado,1673,,
PFM-35,-8.07882768099995,-79.02639123899996,Consolidado,1674,,
PFM-36,-8.078862588999925,-79.02633186299994,Consolidado,1675,,
PFM-37,-8.07837825799993,-79.01756738599994,Consolidado,1676,,
PFM-38,-8.078272727999945,-79.01753145399994,Consolidado,1677,,
PFM-39,-8.08869502899995,-79.02652226599997,Consolidado,1678,,
PFM-4,-8.08754391399998,-79.02999260499996,Consolidado,1643,,
PFM-40,-8.088701252999954,-79.02655133699994,Consolidado,1679,,
PFM-41,-8.086364853999953,-79.02679865899995,Consolidado,1680,,
PFM-42,-8.084186667999973,-79.02708516499996,Consolidado,1681,,
PFM-43,-8.082184396999935,-79.02731564499999,Consolidado,1682,,
PFM-44,-8.079961387999958,-79.02762297699996,Consolidado,1683,,
PFM-45,-8.086373249999951,-79.02683751799998,Consolidado,1684,,
PFM-46,-8.084213255999941,-79.02712833399994,Consolidado,1685,,
PFM-47,-8.082201147999967,-79.02735297199996,Consolidado,1686,,
PFM-48,-8.079993464999973,-79.02769829699997,Consolidado,1687,,
PFM-49,-8.080581931999973,-79.03032997599996,Consolidado,1688,,
PFM-5,-8.087626801999932,-79.03007444699995,Consolidado,1644,,
PFM-50,-8.080288241999938,-79.02719396099997,Consolidado,1689,,
PFM-51,-8.079952033999973,-79.02345448899996,Consolidado,1690,,
PFM-52,-8.080564875999926,-79.03035882699999,Consolidado,1691,,
PFM-53,-8.080247147999955,-79.02714962699997,Consolidado,1692,,
PFM-54,-8.079893411999933,-79.02339736799996,Consolidado,1693,,
PFM-55,-8.07700297699995,-79.01582615299998,Consolidado,1694,,
PFM-56,-8.077004666999926,-79.01575134699993,Consolidado,1695,,
PFM-57,-8.076215641999966,-79.01710327899997,Consolidado,1696,,
PFM-58,-8.076291829999946,-79.01715289099997,Consolidado,1697,,
PFM-59,-8.07448941299998,-79.01737261399995,Consolidado,1698,,
PFM-6,-8.076196908999975,-79.02025530699996,Consolidado,1645,,
PFM-60,-8.074513115999935,-79.01734466699997,Consolidado,1699,,
PFM-61,-8.074730123999927,-79.01673760799997,Consolidado,1700,,
PFM-62,-8.074696074999963,-79.01665677199998,Consolidado,1701,,
PFM-63,-8.084529182999972,-79.02334457199998,Consolidado,1702,,
PFM-64,-8.083650482999928,-79.02532880899997,Consolidado,1703,,
PFM-65,-8.083699601999967,-79.02532015699995,Consolidado,1704,,
PFM-66,-8.083864714999947,-79.02807797899999,Consolidado,1705,,
PFM-67,-8.08390122399993,-79.02796638399997,Consolidado,1706,,
PFM-68,-8.083003049999945,-79.03042281899997,Consolidado,1707,,
PFM-69,-8.083047326999974,-79.03047858699995,Consolidado,1708,,
PFM-7,-8.073815091999961,-79.02518726299996,Consolidado,1646,,
PFM-70,-8.084638844999972,-79.02558365099998,Consolidado,1709,,
PFM-71,-8.084666037999966,-79.02555542199997,Consolidado,1710,,
PFM-72,-8.087879480999959,-79.02512832999997,Consolidado,1711,,
PFM-73,-8.087864293999928,-79.02516024199997,Consolidado,1712,,
PFM-74,-8.084097458999963,-79.02140653999999,Consolidado,1713,,
PFM-75,-8.084025973999928,-79.02146749399998,Consolidado,1714,,
PFM-76,-8.080781129999934,-79.02205433499995,Consolidado,1715,,
PFM-77,-8.080712625999979,-79.02211304299993,Consolidado,1716,,
PFM-78,-8.080862339999953,-79.02564177799997,Consolidado,1717,,
PFM-79,-8.080823816999953,-79.02557013899997,Consolidado,1718,,
PFM-8,-8.073721966999926,-79.02526570499998,Consolidado,1647,,
PFM-80,-8.08120417899994,-79.02940887999995,Consolidado,1719,,
PFM-81,-8.081222056999934,-79.02936503499996,Consolidado,1720,,
PFM-82,-8.078906795999956,-79.02945293499994,Consolidado,1721,,
PFM-83,-8.078944468999964,-79.02941199999998,Consolidado,1722,,
PFM-84,-8.079796639999927,-79.03081567499999,Consolidado,1723,,
PFM-85,-8.079807078999977,-79.03085835399997,Consolidado,1724,,
PFM-86,-8.076137426999935,-79.02806038999995,Consolidado,1725,,
PFM-87,-8.076104638999936,-79.02808687299995,Consolidado,1726,,
PFM-88,-8.072702122999942,-79.02754224399996,Consolidado,1727,,
PFM-89,-8.072729988999981,-79.02758986699996,Consolidado,1728,,
PFM-9,-8.080439574999957,-79.02452553499995,Consolidado,1648,,
PFM-90,-8.078077417999964,-79.02960143899998,Consolidado,1729,,
PFM-91,-8.078096238999933,-79.02956369399999,Consolidado,1730,,
PFM-92,-8.075614493999979,-79.03004110499995,Consolidado,1731,,
PFM-93,-8.07561943099995,-79.03007497699997,Consolidado,1732,,
PFM-94,-8.07280572999997,-79.02946476399995,Consolidado,1733,,
PFM-95,-8.072798417999934,-79.02949139399999,Consolidado,1734,,
PFM-96,-8.075759438999967,-79.02577137599997,Consolidado,1735,,
PFM-97,-8.072669937999933,-79.02607201999996,Consolidado,1736,,
PFM-98,-8.07094389699995,-79.02634257399995,Consolidado,1737,,
PFM-99,-8.075278405999939,-79.02291721499995,Consolidado,1738,,
PH-1,-8.088567160999958,-79.11528439299997,Consolidado,722,,
PH-10,-8.078582479999966,-79.12047004799996,Consolidado,731,,
PH-100,-8.036495642999967,-79.06709197699996,Consolidado,821,,
PH-101,-8.005318773999932,-79.07090293399995,Consolidado,822,,
PH-102,-7.992984294999927,-79.07479910399996,Consolidado,823,,
PH-103,-7.997533597999961,-79.07336116199997,Consolidado,824,,
PH-104,-8.001245368999946,-79.07221029399994,Consolidado,825,,
PH-105,-8.011867977999941,-79.06882948699996,Consolidado,826,,
PH-106,-8.014227404999929,-79.06630543999995,Consolidado,827,,
PH-107,-8.016140201999974,-79.07267767399998,Consolidado,828,,
PH-108,-8.035418149999941,-79.06373928299996,Consolidado,829,,
PH-109,-8.015994963999958,-79.06730783499995,Consolidado,830,,
PH-11,-8.081252405999976,-79.12269204899997,Consolidado,732,,
PH-110,-8.019670578999978,-79.06616018899996,Consolidado,831,,
PH-111,-8.023428046999982,-79.06489486899994,Consolidado,832,,
PH-112,-8.027370369999971,-79.06365361099995,Consolidado,833,,
PH-113,-8.03061377499995,-79.06265361199996,Consolidado,834,,
PH-114,-8.034263710999937,-79.06139146299995,Consolidado,835,,
PH-115,-8.03765066699998,-79.06020413399995,Consolidado,836,,
PH-116,-8.04253095599995,-79.05875343099996,Consolidado,837,,
PH-117,-8.015377413999943,-79.06913275199997,Consolidado,838,,
PH-118,-8.016245702999981,-79.07209718599995,Consolidado,839,,
PH-119,-8.017856653999957,-79.07162957899999,Consolidado,840,,
PH-12,-8.086004042999946,-79.12228226299999,Consolidado,733,,
PH-120,-8.051213902999962,-79.08442137599997,Consolidado,841,,
PH-121,-8.05257557699997,-79.08178814799999,Consolidado,842,,
PH-122,-8.045365467999943,-79.06686885599999,Consolidado,843,,
PH-123,-8.02030874999997,-79.07065638399996,Consolidado,844,,
PH-124,-8.026253679999968,-79.06838546899996,Consolidado,845,,
PH-125,-8.037356776999957,-79.06950060399998,Consolidado,846,,
PH-126,-8.022958876999951,-79.06964527599996,Consolidado,847,,
PH-127,-8.035540591999961,-79.06394004699996,Consolidado,848,,
PH-128,-8.015553343999954,-79.06737390899997,Consolidado,849,,
PH-129,-8.019157980999978,-79.06613360799997,Consolidado,850,,
PH-13,-8.089168056999938,-79.11972728499995,Consolidado,734,,
PH-130,-8.022955933999981,-79.06492241799998,Consolidado,851,,
PH-131,-8.026962580999964,-79.06360599699997,Consolidado,852,,
PH-132,-8.030471451999972,-79.06247924799999,Consolidado,853,,
PH-133,-8.03448865699994,-79.06114030499998,Consolidado,854,,
PH-134,-8.03799254699993,-79.05996179499994,Consolidado,855,,
PH-135,-8.04214701099994,-79.05865699499998,Consolidado,856,,
PH-136,-7.99291575999996,-79.07457827499996,Consolidado,857,,
PH-137,-7.997649974999946,-79.07307188899995,Consolidado,858,,
PH-138,-8.001605496999957,-79.07188610699995,Consolidado,859,,
PH-139,-8.005873313999928,-79.07049089799995,Consolidado,860,,
PH-14,-8.091339645999938,-79.11790929799997,Consolidado,735,,
PH-140,-8.011756354999932,-79.06861547899996,Consolidado,861,,
PH-141,-8.014494756999966,-79.06614844399996,Consolidado,862,,
PH-142,-8.016078457999981,-79.07279805499996,Consolidado,863,,
PH-143,-8.029466954999975,-79.06734866899995,Consolidado,864,,
PH-144,-8.032371646999934,-79.06639381799994,Consolidado,865,,
PH-145,-8.034347817999958,-79.06719094699997,Consolidado,866,,
PH-146,-8.034891088999927,-79.06911406599994,Consolidado,867,,
PH-147,-8.036447704999944,-79.07084894499997,Consolidado,868,,
PH-148,-8.038176097999951,-79.07186735299996,Consolidado,869,,
PH-149,-8.038071274999936,-79.07176004999997,Consolidado,870,,
PH-15,-8.097525218999976,-79.11067291199998,Consolidado,736,,
PH-150,-8.037301528999933,-79.06959854199994,Consolidado,871,,
PH-151,-8.03649506499994,-79.06685939399995,Consolidado,872,,
PH-152,-8.044734391999953,-79.07314291999995,Consolidado,873,,
PH-153,-8.044900354999982,-79.07306313899994,Consolidado,874,,
PH-154,-8.041989118999936,-79.07554011699995,Consolidado,875,,
PH-155,-8.041938195999933,-79.07551558699998,Consolidado,876,,
PH-156,-8.040465964999953,-79.07295514299994,Consolidado,877,,
PH-157,-8.04045786699993,-79.07306173499995,Consolidado,878,,
PH-158,-8.038354669999933,-79.07251937199999,Consolidado,879,,
PH-159,-8.038365020999947,-79.07241323099998,Consolidado,880,,
PH-16,-8.09273066299994,-79.10534182099997,Consolidado,737,,
PH-160,-8.03100133199996,-79.06168216199995,Consolidado,881,,
PH-161,-8.03110513799993,-79.06166362799996,Consolidado,882,,
PH-162,-8.029712684999936,-79.05892507799996,Consolidado,883,,
PH-163,-8.029743114999974,-79.05904760699997,Consolidado,884,,
PH-164,-8.09993652299994,-79.05686861899994,Consolidado,885,,
PH-165,-8.099922971999945,-79.05681948499995,Consolidado,886,,
PH-166,-8.096382071999926,-79.05560559499997,Consolidado,887,,
PH-167,-8.092857829999957,-79.05459013999996,Consolidado,888,,
PH-168,-8.092896826999947,-79.05463486199994,Consolidado,889,,
PH-17,-8.086879929999952,-79.10008687199996,Consolidado,738,,
PH-18,-8.067871327999967,-79.11168064099996,Consolidado,739,,
PH-19,-8.070752393999953,-79.11305628299993,Consolidado,740,,
PH-2,-8.086216578999938,-79.11448374999998,Consolidado,723,,
PH-20,-8.073522572999934,-79.11437491199996,Consolidado,741,,
PH-21,-8.075993920999963,-79.11541944699997,Consolidado,742,,
PH-22,-8.079663466999932,-79.11661804699997,Consolidado,743,,
PH-23,-8.09909530899995,-79.10935560599995,Consolidado,744,,
PH-24,-8.10094139499995,-79.10676589299999,Consolidado,745,,
PH-25,-8.086729528999967,-79.10010447199994,Consolidado,746,,
PH-26,-8.092529403999947,-79.10558086199995,Consolidado,747,,
PH-27,-8.097297543999957,-79.11052610599995,Consolidado,748,,
PH-28,-8.091876965999973,-79.11729523899999,Consolidado,749,,
PH-29,-8.089853381999944,-79.11891164099995,Consolidado,750,,
PH-3,-8.082721302999971,-79.11349009099996,Consolidado,724,,
PH-30,-8.086141515999941,-79.12195727399995,Consolidado,751,,
PH-31,-8.08384470599998,-79.12301437399998,Consolidado,752,,
PH-32,-8.081973465999965,-79.12234161699996,Consolidado,753,,
PH-33,-8.082712539999932,-79.11958360499995,Consolidado,754,,
PH-34,-8.081529627999942,-79.11842737199999,Consolidado,755,,
PH-35,-8.081667466999932,-79.11495270399996,Consolidado,756,,
PH-36,-8.082738354999947,-79.11353145799995,Consolidado,757,,
PH-37,-8.085618383999929,-79.11436568999994,Consolidado,758,,
PH-38,-8.088830171999973,-79.11538563199997,Consolidado,759,,
PH-39,-8.078549686999963,-79.11644730299997,Consolidado,760,,
PH-4,-8.081620313999963,-79.11505339599995,Consolidado,725,,
PH-40,-8.07542462799995,-79.11534030899998,Consolidado,761,,
PH-41,-8.072353120999935,-79.11569598099999,Consolidado,762,,
PH-42,-8.068335735999938,-79.11697537299995,Consolidado,763,,
PH-43,-8.067293656999937,-79.11506531599997,Consolidado,764,,
PH-44,-8.067042654999966,-79.11196974299997,Consolidado,765,,
PH-45,-8.100984399999959,-79.10656863499997,Consolidado,766,,
PH-46,-8.098912497999947,-79.10948100499996,Consolidado,767,,
PH-47,-8.08987160099997,-79.08868325999998,Consolidado,768,,
PH-48,-8.091296693999936,-79.08465238399998,Consolidado,769,,
PH-49,-8.09256690199993,-79.08031759499994,Consolidado,770,,
PH-5,-8.081500006999931,-79.11849742999993,Consolidado,726,,
PH-50,-8.09324458499998,-79.07655515599998,Consolidado,771,,
PH-51,-8.094234726999957,-79.07253228999997,Consolidado,772,,
PH-52,-8.098276669999962,-79.06872755899997,Consolidado,773,,
PH-53,-8.09988021199996,-79.06482931499994,Consolidado,774,,
PH-54,-8.100497136999934,-79.06164601099994,Consolidado,775,,
PH-55,-8.10113107899997,-79.05747628999995,Consolidado,776,,
PH-56,-8.102797746999954,-79.10285610599993,Consolidado,777,,
PH-57,-8.104994757999975,-79.09963780599998,Consolidado,778,,
PH-58,-8.10284844499995,-79.09889194699997,Consolidado,779,,
PH-59,-8.099114086999975,-79.09911713699995,Consolidado,780,,
PH-6,-8.079959947999953,-79.11854385999999,Consolidado,727,,
PH-60,-8.095723907999968,-79.09863227999995,Consolidado,781,,
PH-61,-8.09263870899997,-79.09784110799995,Consolidado,782,,
PH-62,-8.08980476599993,-79.09707797699997,Consolidado,783,,
PH-63,-8.101010574999975,-79.05756850199998,Consolidado,784,,
PH-64,-8.100513732999957,-79.06091898099999,Consolidado,785,,
PH-65,-8.10009496899994,-79.06271712199998,Consolidado,786,,
PH-66,-8.099562964999961,-79.06497094699995,Consolidado,787,,
PH-67,-8.096954636999953,-79.06972717599996,Consolidado,788,,
PH-68,-8.09328661099994,-79.07606326199993,Consolidado,789,,
PH-69,-8.092357032999928,-79.08055404699996,Consolidado,790,,
PH-7,-8.076599353999939,-79.11767326799998,Consolidado,728,,
PH-70,-8.09107912199994,-79.08464848999995,Consolidado,791,,
PH-71,-8.089728503999936,-79.08858426899997,Consolidado,792,,
PH-72,-8.088856716999942,-79.09156811999998,Consolidado,793,,
PH-73,-8.08949923299997,-79.09702107499999,Consolidado,794,,
PH-74,-8.09233897699994,-79.09777971199998,Consolidado,795,,
PH-75,-8.095577412999944,-79.09863056899997,Consolidado,796,,
PH-76,-8.098864313999968,-79.09911201999995,Consolidado,797,,
PH-77,-8.102659941999946,-79.09894914799997,Consolidado,798,,
PH-78,-8.105031005999933,-79.09942160399999,Consolidado,799,,
PH-79,-8.102964639999925,-79.10240550399999,Consolidado,800,,
PH-8,-8.073412712999925,-79.11836840099994,Consolidado,729,,
PH-80,-8.088075354999944,-79.09449905199995,Consolidado,801,,
PH-81,-8.088946455999974,-79.09164758199995,Consolidado,802,,
PH-82,-8.08789726799995,-79.09440313699997,Consolidado,803,,
PH-83,-8.09074884499995,-79.05268843599998,Consolidado,804,,
PH-84,-8.088408752999953,-79.05330211299997,Consolidado,805,,
PH-85,-8.085896294999941,-79.05265632199996,Consolidado,806,,
PH-86,-8.08751858599993,-79.05317372799993,Consolidado,807,,
PH-87,-8.089884114999961,-79.05387173899999,Consolidado,808,,
PH-88,-8.08553911699994,-79.05264537999994,Consolidado,809,,
PH-89,-8.017877189999979,-79.07173294299997,Consolidado,810,,
PH-9,-8.07562121799998,-79.11903076799996,Consolidado,730,,
PH-90,-8.015458947999946,-79.06916864599998,Consolidado,811,,
PH-91,-8.016242750999936,-79.07186241899996,Consolidado,812,,
PH-92,-8.02038672699996,-79.07077069799999,Consolidado,813,,
PH-93,-8.022984107999946,-79.06972997099996,Consolidado,814,,
PH-94,-8.026261640999962,-79.06852527999996,Consolidado,815,,
PH-95,-8.029222567999966,-79.06751750799998,Consolidado,816,,
PH-96,-8.03187974499997,-79.06669857199995,Consolidado,817,,
PH-97,-8.034070396999937,-79.06654623699995,Consolidado,818,,
PH-98,-8.034831658999963,-79.06890483399997,Consolidado,819,,
PH-99,-8.036495465999963,-79.07073530399998,Consolidado,820,,
PP-1,-8.066886626999974,-79.00415674799996,Consolidado,1448,,
PP-10,-8.071441457999981,-78.99053666999998,Consolidado,1457,,
PP-100,-8.075419806999946,-79.00574206799996,Consolidado,1547,,
PP-101,-8.072433845999967,-79.00427297799996,Consolidado,1548,,
PP-102,-8.072409982999943,-79.00436253099997,Consolidado,1549,,
PP-103,-8.069913103999966,-79.00407738699994,Consolidado,1550,,
PP-104,-8.069953589999955,-79.00403918699999,Consolidado,1551,,
PP-105,-8.071804704999977,-79.00576483099996,Consolidado,1552,,
PP-106,-8.071721836999927,-79.00329765899994,Consolidado,1553,,
PP-107,-8.071739397999977,-79.00325426199998,Consolidado,1554,,
PP-108,-8.069303006999974,-79.00216097099997,Consolidado,1555,,
PP-109,-8.069309811999972,-79.00220309699995,Consolidado,1556,,
PP-11,-8.082935307999946,-78.99282291099996,Consolidado,1458,,
PP-110,-8.066531267999949,-79.00223661199999,Consolidado,1557,,
PP-111,-8.066473081999959,-79.00229334199997,Consolidado,1558,,
PP-112,-8.077835025999946,-78.99698455499998,Consolidado,1559,,
PP-113,-8.07790463699996,-78.99696091099997,Consolidado,1560,,
PP-114,-8.07872045199997,-78.99427421099995,Consolidado,1561,,
PP-115,-8.078772479999941,-78.99426525099994,Consolidado,1562,,
PP-116,-8.078690974999972,-79.00192523499999,Consolidado,1563,,
PP-117,-8.078623138999944,-79.00184221899997,Consolidado,1564,,
PP-118,-8.076209792999975,-79.00166442099999,Consolidado,1565,,
PP-119,-8.076252581999938,-79.00166110899994,Consolidado,1566,,
PP-12,-8.079987134999953,-78.99362243199994,Consolidado,1459,,
PP-120,-8.077916579999965,-78.99992555999995,Consolidado,1567,,
PP-121,-8.07855686299996,-79.00344278299997,Consolidado,1568,,
PP-122,-8.075243857999965,-79.00496727899997,Consolidado,1569,,
PP-123,-8.075017142999968,-79.00523882899995,Consolidado,1570,,
PP-124,-8.073916624999981,-79.00772371099998,Consolidado,1571,,
PP-125,-8.073977980999928,-79.00775902799995,Consolidado,1572,,
PP-126,-8.074965928999973,-79.00706938299999,Consolidado,1573,,
PP-127,-8.078532522999978,-79.00899518899996,Consolidado,1574,,
PP-128,-8.075970508999944,-79.00817428699997,Consolidado,1575,,
PP-129,-8.076108017999957,-79.00785448099998,Consolidado,1576,,
PP-13,-8.076969444999975,-78.99268937499994,Consolidado,1460,,
PP-130,-8.07470197799995,-79.01066110499994,Consolidado,1577,,
PP-131,-8.074734576999958,-79.01050869999995,Consolidado,1578,,
PP-132,-8.072537628999953,-79.01089629899997,Consolidado,1579,,
PP-133,-8.07250720199994,-79.01085218699995,Consolidado,1580,,
PP-134,-8.069835743999931,-79.01203012499997,Consolidado,1581,,
PP-135,-8.069823909999968,-79.01200769999997,Consolidado,1582,,
PP-136,-8.070254399999953,-79.01269691499994,Consolidado,1583,,
PP-137,-8.070222848999947,-79.01273233899997,Consolidado,1584,,
PP-138,-8.069194645999971,-79.01075177999996,Consolidado,1585,,
PP-139,-8.069192821999934,-79.01072055299994,Consolidado,1586,,
PP-14,-8.074917053999968,-78.99357655999995,Consolidado,1461,,
PP-140,-8.071697823999955,-79.00637375499997,Consolidado,1587,,
PP-141,-8.07169698399997,-79.00633311199994,Consolidado,1588,,
PP-142,-8.068616212999927,-79.00638561999995,Consolidado,1589,,
PP-143,-8.068635238999946,-79.00644239799999,Consolidado,1590,,
PP-144,-8.086179620999928,-79.00885741399998,Consolidado,1591,,
PP-145,-8.086387841999965,-79.00597457199996,Consolidado,1592,,
PP-146,-8.085578786999974,-79.01220073499996,Consolidado,1593,,
PP-147,-8.073236165999958,-78.99952995299998,Consolidado,1594,,
PP-148,-8.073330673999976,-78.99955438399996,Consolidado,1595,,
PP-149,-8.072474158999967,-79.00267430799994,Consolidado,1596,,
PP-15,-8.074067188999948,-78.99151118999998,Consolidado,1462,,
PP-150,-8.072565768999937,-79.00270517299998,Consolidado,1597,,
PP-151,-8.066872485999966,-79.00410053599995,Consolidado,1598,,
PP-152,-8.067796175999945,-79.00428177599997,Consolidado,1599,,
PP-153,-8.067776200999958,-79.00434565099994,Consolidado,1600,,
PP-154,-8.069642451999925,-78.99540093599995,Consolidado,1601,,
PP-155,-8.069498626999973,-78.99539444099997,Consolidado,1602,,
PP-156,-8.06854592999997,-78.99381299499998,Consolidado,1603,,
PP-157,-8.068556759999979,-78.99377963499995,Consolidado,1604,,
PP-158,-8.065590957999973,-78.99324551399997,Consolidado,1605,,
PP-159,-8.06557782599998,-78.99327189599995,Consolidado,1606,,
PP-16,-8.074235289999933,-78.99054653899998,Consolidado,1463,,
PP-160,-8.066611829999943,-78.99415213699996,Consolidado,1607,,
PP-161,-8.06656540399996,-78.99421562099997,Consolidado,1608,,
PP-162,-8.07442944199994,-78.99633169699996,Consolidado,1609,,
PP-163,-8.075590273999978,-78.99343286299995,Consolidado,1610,,
PP-164,-8.072284589999981,-78.99272185899997,Consolidado,1611,,
PP-165,-8.072334051999974,-78.99272807899996,Consolidado,1612,,
PP-166,-8.071102764999978,-78.99565195599996,Consolidado,1613,,
PP-167,-8.071151011999973,-78.99567966999996,Consolidado,1614,,
PP-168,-8.071160691999978,-78.99226519399997,Consolidado,1615,,
PP-169,-8.071211023999979,-78.99226073099999,Consolidado,1616,,
PP-17,-8.085515807999968,-79.01220534999999,Consolidado,1464,,
PP-170,-8.08372387199995,-78.99754988399997,Consolidado,1617,,
PP-171,-8.083725579999964,-78.99748702399995,Consolidado,1618,,
PP-172,-8.072931148999942,-78.99806213499994,Consolidado,1619,,
PP-173,-8.072949664999953,-78.99797363199997,Consolidado,1620,,
PP-174,-8.074784207999926,-79.00125928299997,Consolidado,1621,,
PP-175,-8.074857364999957,-79.00124887299995,Consolidado,1622,,
PP-176,-8.083164059999945,-79.01386803999998,Consolidado,1623,,
PP-177,-8.08038107799996,-79.01205648099995,Consolidado,1624,,
PP-178,-8.07719162899997,-79.01226252199996,Consolidado,1625,,
PP-179,-8.077159335999966,-79.01228644399998,Consolidado,1626,,
PP-18,-8.080460466999966,-79.00855816699999,Consolidado,1465,,
PP-180,-8.072919236999951,-79.02081900899998,Consolidado,1627,,
PP-181,-8.071781559999977,-79.01460004899997,Consolidado,1628,,
PP-182,-8.071723773999963,-79.01468380099999,Consolidado,1629,,
PP-183,-8.071692715999973,-79.01751003699997,Consolidado,1630,,
PP-184,-8.071708666999939,-79.01743994499998,Consolidado,1631,,
PP-185,-8.071792846999926,-79.01972676399998,Consolidado,1632,,
PP-186,-8.071482450999952,-79.01796809499996,Consolidado,1633,,
PP-187,-8.070939739999972,-79.01571509099995,Consolidado,1634,,
PP-188,-8.071700605999979,-79.01980277399997,Consolidado,1635,,
PP-189,-8.071414306999941,-79.01803177199997,Consolidado,1636,,
PP-19,-8.084234986999945,-79.00936434099998,Consolidado,1466,,
PP-190,-8.070834642999955,-79.01578522399996,Consolidado,1637,,
PP-191,-8.069123021999928,-79.01661399199998,Consolidado,1638,,
PP-192,-8.069161085999951,-79.01670999399994,Consolidado,1639,,
PP-2,-8.072067156999935,-78.99392233099996,Consolidado,1449,,
PP-20,-8.08136435199998,-79.00938353199996,Consolidado,1467,,
PP-21,-8.079895595999972,-79.00654512999995,Consolidado,1468,,
PP-22,-8.078528366999933,-79.00901980099997,Consolidado,1469,,
PP-23,-8.086100018999957,-79.00885678999998,Consolidado,1470,,
PP-24,-8.086351845999957,-79.00601571799996,Consolidado,1471,,
PP-25,-8.086960659999932,-79.00136515399998,Consolidado,1472,,
PP-26,-8.087927469999954,-78.99806933199994,Consolidado,1473,,
PP-27,-8.088992964999932,-78.99407348399995,Consolidado,1474,,
PP-28,-8.074955589999945,-79.00712744399993,Consolidado,1475,,
PP-29,-8.071878798999933,-79.00579453699999,Consolidado,1476,,
PP-3,-8.065702231999978,-78.98871169299997,Consolidado,1450,,
PP-30,-8.07855266799993,-79.00326313699998,Consolidado,1477,,
PP-31,-8.077897769999936,-78.99983188099998,Consolidado,1478,,
PP-32,-8.074453094999967,-78.99487104999997,Consolidado,1479,,
PP-33,-8.077214439999977,-78.99599612999998,Consolidado,1480,,
PP-34,-8.071512009999935,-78.99035501399999,Consolidado,1481,,
PP-35,-8.067825067999934,-78.98519668799997,Consolidado,1482,,
PP-36,-8.06669003199994,-78.98595491099996,Consolidado,1483,,
PP-37,-8.074125506999962,-78.99139148999996,Consolidado,1484,,
PP-38,-8.07628159099994,-78.99898134799997,Consolidado,1485,,
PP-39,-8.079514848999963,-78.99980158799997,Consolidado,1486,,
PP-4,-8.070245917999955,-78.98660359299998,Consolidado,1451,,
PP-40,-8.082964628999946,-79.00091740999994,Consolidado,1487,,
PP-41,-8.086796233999962,-78.99404398499996,Consolidado,1488,,
PP-42,-8.089137224999945,-78.99411169199999,Consolidado,1489,,
PP-43,-8.088130934999981,-78.99811325899998,Consolidado,1490,,
PP-44,-8.087191363999978,-79.00133152199999,Consolidado,1491,,
PP-45,-8.082941693999942,-79.00106522599998,Consolidado,1492,,
PP-46,-8.08316289399994,-78.99553256699994,Consolidado,1493,,
PP-47,-8.08341771199997,-78.99526947899994,Consolidado,1494,,
PP-48,-8.08151394999993,-78.99909385099994,Consolidado,1495,,
PP-49,-8.08155845899995,-78.99905419399994,Consolidado,1496,,
PP-5,-8.069016154999929,-78.99270849299995,Consolidado,1452,,
PP-50,-8.084206484999982,-79.00016251199997,Consolidado,1497,,
PP-51,-8.084020503999966,-79.00019829399997,Consolidado,1498,,
PP-52,-8.066286269999978,-78.99178801699998,Consolidado,1499,,
PP-53,-8.068957957999942,-78.99286782299998,Consolidado,1500,,
PP-54,-8.07210041899998,-78.99411489299996,Consolidado,1501,,
PP-55,-8.07440368899995,-78.99503689799997,Consolidado,1502,,
PP-56,-8.077202745999955,-78.99615737599999,Consolidado,1503,,
PP-57,-8.077063278999958,-78.99336493599998,Consolidado,1504,,
PP-58,-8.077085225999951,-78.99331099699998,Consolidado,1505,,
PP-59,-8.079996802999972,-78.99372840199999,Consolidado,1506,,
PP-6,-8.070666538999944,-78.99725667899997,Consolidado,1453,,
PP-60,-8.088632719999964,-78.99399367699993,Consolidado,1507,,
PP-61,-8.088585340999941,-78.99398814399996,Consolidado,1508,,
PP-62,-8.087217023999926,-78.99633881099999,Consolidado,1509,,
PP-63,-8.087174127999958,-78.99629995499998,Consolidado,1510,,
PP-64,-8.086496178999937,-78.99887299599999,Consolidado,1511,,
PP-65,-8.086433625999973,-78.99886280299995,Consolidado,1512,,
PP-66,-8.085813314999939,-79.00115446399997,Consolidado,1513,,
PP-67,-8.085838715999955,-79.00120769099993,Consolidado,1514,,
PP-68,-8.085074359999965,-79.00391917899998,Consolidado,1515,,
PP-69,-8.085023559999968,-79.00392034399994,Consolidado,1516,,
PP-7,-8.067764943999975,-78.99615265199998,Consolidado,1454,,
PP-70,-8.085742385999936,-79.00319393399997,Consolidado,1517,,
PP-71,-8.085766107999973,-79.00326050199999,Consolidado,1518,,
PP-72,-8.083455870999956,-79.00309895399994,Consolidado,1519,,
PP-73,-8.083465011999976,-79.00303258799994,Consolidado,1520,,
PP-74,-8.06776459799994,-78.99626655399999,Consolidado,1521,,
PP-75,-8.070624900999974,-78.99736029899998,Consolidado,1522,,
PP-76,-8.076256452999928,-78.99905038699995,Consolidado,1523,,
PP-77,-8.064918767999927,-78.99516161799994,Consolidado,1524,,
PP-78,-8.064060747999974,-78.99036862899999,Consolidado,1525,,
PP-79,-8.064008549999926,-78.99035021199995,Consolidado,1526,,
PP-8,-8.06486450999995,-78.99504549399995,Consolidado,1455,,
PP-80,-8.06418391699998,-78.99084361099995,Consolidado,1527,,
PP-81,-8.064187840999978,-78.99075897899996,Consolidado,1528,,
PP-82,-8.065619186999982,-78.98869090199997,Consolidado,1529,,
PP-83,-8.06673301799998,-78.98597325099996,Consolidado,1530,,
PP-84,-8.070351658999925,-78.98859651799995,Consolidado,1531,,
PP-85,-8.070410779999975,-78.98860546199995,Consolidado,1532,,
PP-86,-8.084198022999942,-79.00940746499998,Consolidado,1533,,
PP-87,-8.081371883999964,-79.00937626499996,Consolidado,1534,,
PP-88,-8.080502551999928,-79.00852704099998,Consolidado,1535,,
PP-89,-8.079820696999946,-79.00646339299999,Consolidado,1536,,
PP-9,-8.066324023999925,-78.99165760999995,Consolidado,1456,,
PP-90,-8.079483945999925,-79.00006329299998,Consolidado,1537,,
PP-91,-8.08067983799998,-79.00203808699996,Consolidado,1538,,
PP-92,-8.08066157299993,-79.00200031699995,Consolidado,1539,,
PP-93,-8.07921803399995,-79.00397180799996,Consolidado,1540,,
PP-94,-8.079115893999926,-79.00400245299994,Consolidado,1541,,
PP-95,-8.077028800999926,-79.00606774299996,Consolidado,1542,,
PP-96,-8.076998188999937,-79.00604705999996,Consolidado,1543,,
PP-97,-8.07823458699994,-79.00697306999996,Consolidado,1544,,
PP-98,-8.078230221999945,-79.00702330799999,Consolidado,1545,,
PP-99,-8.075464451999949,-79.00570035599998,Consolidado,1546,,
PT-160,-8.128464907157973,-79.04206507347438,DATA SET Victor Larco.csv Events,,Paul Farias,Junior Lozano
PT-183,-8.125792378738721,-79.04595762111792,DATA SET Victor Larco.csv Events,,Paul Farias,Junior Lozano
PT-185,-8.126011811980925,-79.04591336650506,DATA SET Victor Larco.csv Events,,Paúl Farías,Junior Lozano
PVL-1,-8.13771507407171,-79.05004971187512,DATA SET Victor Larco.csv Events,,Gustavo Sevillano,Junior Lozano
PVL-10,-8.140033055810353,-79.0461648272447,DATA SET Victor Larco.csv Events,,Alfonso Castillo,Junior Lozano
PVL-11,-8.142746311360403,-79.0484423599882,DATA SET Victor Larco.csv Events,,Alfonso Castillo,Junior Lozano
PVL-12,-8.145696859142566,-79.05086203998258,DATA SET Victor Larco.csv Events,,Cristhofer Gomez,Junior Lozano
PVL-13,-8.148516660220258,-79.04984662711999,DATA SET Victor Larco.csv Events,,Paul Farias,Junior Lozano
PVL-14,-8.148571791231959,-79.04686420800807,DATA SET Victor Larco.csv Events,,Paul Farias,Junior Lozano
PVL-15,-8.14476424136739,-79.05363812646767,DATA SET Victor Larco.csv Events,,Paul Farias,Junior Lozano
PVL-18,-8.142711489055353,-79.05454471623757,DATA SET Victor Larco.csv Events,,Alfonso Castillo,Junior Lozano
PVL-19,-8.13999288488508,-79.05221182696394,DATA SET Victor Larco.csv Events,,Cristhofer Gomez,Junior Lozano
PVL-2,-8.140027417662187,-79.05199293040177,DATA SET Victor Larco.csv Events,,Alfonso Castillo,Junior Lozano
PVL-20,-8.13742034740047,-79.05007615913314,DATA SET Victor Larco.csv Events,,Gustavo Sevillano,Junior Lozano
PVL-21,-8.13108697512689,-79.04452298068233,DATA SET Victor Larco.csv Events,,Darwin Agreda,Junior Lozano
PVL-22,-8.134755643569827,-79.04502628757542,DATA SET Victor Larco.csv Events,,Cristhofer Gomez,Junior Lozano
PVL-23,-8.135854439690656,-79.04231957412456,DATA SET Victor Larco.csv Events,,Cristhofer Gomez,Junior Lozano
PVL-24,-8.13681263833497,-79.04009834366431,DATA SET Victor Larco.csv Events,,Alfonso Castillo,Junior Lozano
PVL-25,-8.133947473206879,-79.03578088731442,DATA SET Victor Larco.csv Events,,Alfonso Castillo,Junior Lozano
PVL-26,-8.136713731544935,-79.03752341833035,DATA SET Victor Larco.csv Events,,Alfonso Castillo,Junior Lozano
PVL-27,-8.137147668912524,-79.04391493529337,DATA SET Victor Larco.csv Events,,Cristhofer Gomez,Junior Lozano
PVL-28,-8.139737669350373,-79.04621176673766,DATA SET Victor Larco.csv Events,,Cristhofer Gomez,Junior Lozano
PVL-29,-8.141980793394668,-79.04813548674655,DATA SET Victor Larco.csv Events,,Cristhofer Gomez,Junior Lozano
PVL-3,-8.142960787318927,-79.05450485413576,DATA SET Victor Larco.csv Events,,Cristhofer Gomez,Junior Lozano
PVL-30,-8.14503108373271,-79.05056062972864,DATA SET Victor Larco.csv Events,,Cristhofer Gomez,Junior Lozano
PVL-31,-8.147967625189516,-79.05054442032879,DATA SET Victor Larco.csv Events,,Alfonso Castillo,Junior Lozano
PVL-32,-8.148713761401192,-79.04699363092833,DATA SET Victor Larco.csv Events,,Alfonso Castillo,Junior Lozano
PVL-33,-8.144727460313339,-79.05374441060303,DATA SET Victor Larco.csv Events,,Alfonso Castillo,Junior Lozano
PVL-34,-8.12872403155528,-79.04851878939726,DATA SET Victor Larco.csv Events,,Paúl Farías,Junior Lozano
PVL-35,-8.128814074221642,-79.04835685874255,DATA SET Victor Larco.csv Events,,Paúl Farías,Junior Lozano
PVL-36,-8.131514493162813,-79.05092943073195,DATA SET Victor Larco.csv Events,,Paúl Farías,Junior Lozano
PVL-37,-8.131468662839245,-79.05070613705303,DATA SET Victor Larco.csv Events,,Paúl Farías,Junior Lozano
PVL-38,-8.133089356942707,-79.04895399033555,DATA SET Victor Larco.csv Events,,Darwin Agreda,Junior Lozano
PVL-39,-8.13315308419567,-79.04847993256817,DATA SET Victor Larco.csv Events,,Paúl Farías,Junior Lozano
PVL-4,-8.141083515498957,-79.0572426852635,DATA SET Victor Larco.csv Events,,Jean Piere,Junior Lozano
PVL-40,-8.1347265969574,-79.0475637197627,DATA SET Victor Larco.csv Events,,Gustavo Sevillano,Junior Lozano
PVL-41,-8.134571299736937,-79.04760115117733,DATA SET Victor Larco.csv Events,,Gustavo Sevillano,Junior Lozano
PVL-42,-8.15030484341695,-79.0446184828419,DATA SET Victor Larco.csv Events,,Paul Farias,Junior Lozano
PVL-43,-8.150373545674674,-79.04463998717,DATA SET Victor Larco.csv Events,,Alfonso Castillo,Junior Lozano
PVL-44,-8.147665311720862,-79.04448777276495,DATA SET Victor Larco.csv Events,,Cristhofer Gomez,Junior Lozano
PVL-45,-8.145435035967063,-79.04699487029117,DATA SET Victor Larco.csv Events,,Cristhofer Gomez,Junior Lozano
PVL-46,-8.143694210516117,-79.04902741484469,DATA SET Victor Larco.csv Events,,Cristhofer Gomez,Junior Lozano
PVL-47,-8.12816652922457,-79.04079671991694,DATA SET Victor Larco.csv Events,,Paul Farias,Junior Lozano
PVL-48,-8.129587756416242,-79.03709191736907,DATA SET Victor Larco.csv Events,,Paul Farias,Junior Lozano
PVL-5,-8.138737654997417,-79.06048279057947,DATA SET Victor Larco.csv Events,,Jean Piere,Junior Lozano
PVL-6,-8.137338558609617,-79.03755341434294,DATA SET Victor Larco.csv Events,,Alfonso Castillo,Junior Lozano
PVL-7,-8.13375482451392,-79.03532501674569,DATA SET Victor Larco.csv Events,,Alfonso Castillo,Junior Lozano
PVL-8,-8.13145973250374,-79.04458567824751,DATA SET Victor Larco.csv Events,,Paul Farias,Junior Lozano
PVL-9,-8.137332723529866,-79.04384069237732,DATA SET Victor Larco.csv Events,,Alfonso Castillo,Junior Lozano
PVL-SC-HUAMAN,-8.136792057925074,-79.0395374249157,DATA SET Victor Larco.csv Events,,Alfonso Castillo,Junior Lozano
PVL-SC1,-8.138666959780883,-79.06049821834738,DATA SET Victor Larco.csv Events,,Paul Farias,Junior Lozano
PVL-SC2,-8.14117678046526,-79.05714143017637,DATA SET Victor Larco.csv Events,,Paul Farias,Junior Lozano
PVL-SC3,-8.133736357525413,-79.0384176524781,DATA SET Victor Larco.csv Events,,Gustavo Sevillano,Junior Lozano
PVL-SC4,-8.133804802605267,-79.03845125192807,DATA SET Victor Larco.csv Events,,Gustavo Sevillano,Junior Lozano
PL-1,-8.110369556520416,-78.9974002526271,LAREDO,0,Jean piere,Junior Lozano
PL-10,-8.088633871447582,-78.9582071306674,LAREDO,9,Jean piere,Junior Lozano
PL-100,-8.11034743205623,-78.99308645244275,LAREDO,99,Jean piere,Junior Lozano
PL-101,-8.109552358685576,-78.99483205041194,LAREDO,100,Jean piere,Junior Lozano
PL-102,-8.109362127958361,-78.99484514906106,LAREDO,101,Jean Piere,Junior Lozano
PL-103,-8.110410378380262,-78.99308457986484,LAREDO,102,Jean Piere,Junior Lozano
PL-104,-8.109424233808953,-78.99157650421722,LAREDO,104,Jean piere,Junior Lozano
PL-105,-8.109403652015798,-78.98971475892434,LAREDO,103,Jean Piere,Junior Lozano
PL-106,-8.107620893371378,-78.98644443564984,LAREDO,105,Jean piere,Junior Lozano
PL-107,-8.111074223645085,-78.99586267706914,LAREDO,106,Jean piere,Junior Lozano
PL-11,-8.086901600549924,-78.961764818121,LAREDO,10,Jean piere,Junior Lozano
PL-12,-8.084476421071155,-78.96149738284053,LAREDO,11,Jean piere,Junior Lozano
PL-13,-8.082336613114288,-78.95544717147776,LAREDO,12,Jean piere,Junior Lozano
PL-14,-8.086847165268344,-78.95528588252535,LAREDO,13,Jean piere,Junior Lozano
PL-15,-8.090312292258286,-78.96405469251188,LAREDO,14,Anthony Alvarado,Junior Lozano
PL-16,-8.091657306017883,-78.96135505945009,LAREDO,15,Anthony Alvarado,Junior Lozano
PL-17,-8.086863466195727,-78.95527000807664,LAREDO,16,Jean piere,Junior Lozano
PL-18,-8.082394045283031,-78.95438871031446,LAREDO,17,Jean piere,Junior Lozano
PL-19,-8.085497484934324,-78.95774982659736,LAREDO,18,Anthony Alvarado,Junior Lozano
PL-2,-8.090295423802589,-78.95904944597186,LAREDO,1,Jean piere,Junior Lozano
PL-20,-8.088975287104839,-78.9635072979568,LAREDO,19,Jean piere,Junior Lozano
PL-21,-8.090259845188227,-78.97492502188454,LAREDO,20,Anthony Alvarado,Junior Lozano
PL-22,-8.084822008466372,-78.95550616626618,LAREDO,21,Jean piere,Junior Lozano
PL-23,-8.088317729266096,-78.95560184679553,LAREDO,22,Anthony Alvarado,Junior Lozano
PL-24,-8.075888609618495,-78.94822630734953,LAREDO,23,Anthony Alvarado,Junior Lozano
PL-25,-8.088107874813838,-78.98101061388739,LAREDO,24,Anthony Alvarado,Junior Lozano
PL-26,-8.091874391318227,-78.96500788425736,LAREDO,25,Anthony Alvarado,Junior Lozano
PL-27,-8.086752630954624,-78.99123972413486,LAREDO,26,Anthony Alvarado,Junior Lozano
PL-28,-8.089538209656679,-78.95665247174927,LAREDO,27,Anthony Alvarado,Junior Lozano
PL-29,-8.077754835481242,-78.9496140144284,LAREDO,28,Anthony Alvarado,Junior Lozano
PL-3,-8.077213098483597,-78.9497272738537,LAREDO,2,Anthony Alvarado,Junior Lozano
PL-30,-8.084703170378825,-78.95667928984831,LAREDO,29,Anthony Alvarado,Junior Lozano
PL-31,-8.085170571578146,-78.95784905542749,LAREDO,30,Jean piere,Junior Lozano
PL-32,-8.075912842257841,-78.9482400538252,LAREDO,31,Jean piere,Junior Lozano
PL-34,-8.083145987642427,-78.95296778301514,LAREDO,33,Anthony Alvarado,Junior Lozano
PL-35,-8.085027449947225,-78.96329864668245,LAREDO,34,Anthony Alvarado,Junior Lozano
PL-36,-8.09120168764514,-78.95920823445438,LAREDO,35,Jean piere,Junior Lozano
PL-37,-8.083303842254056,-78.95272580537342,LAREDO,36,Jean piere,Junior Lozano
PL-38,-8.08833127507346,-78.9631259795264,LAREDO,37,Jean piere,Junior Lozano
PL-39,-8.091178982723926,-78.96319538497816,LAREDO,38,Jean piere,Junior Lozano
PL-4,-8.088348977314608,-78.96333846712494,LAREDO,3,Jean Piere,Junior Lozano
PL-40,-8.082305168143714,-78.95424854395837,LAREDO,39,Anthony Alvarado,Junior Lozano
PL-41,-8.090336637366057,-78.96403120353845,LAREDO,40,Jean piere,Junior Lozano
PL-42,-8.091865090403074,-78.96477418978465,LAREDO,41,Jean piere,Junior Lozano
PL-43,-8.086814682648313,-78.96101878704104,LAREDO,42,Jean piere,Junior Lozano
PL-44,-8.079855735363095,-78.95069495028595,LAREDO,43,Anthony Alvarado,Junior Lozano
PL-45,-8.084418996839103,-78.95998075299077,LAREDO,44,Anthony Alvarado,Junior Lozano
PL-46,-8.091688835619712,-78.96110124963471,LAREDO,45,Anthony Alvarado,Junior Lozano
PL-47,-8.091215535660496,-78.95707496227124,LAREDO,46,Anthony Alvarado,Junior Lozano
PL-48,-8.090381662450712,-78.97505678682035,LAREDO,47,Jean piere,Junior Lozano
PL-49,-8.0867359477798,-78.95525537545662,LAREDO,48,Anthony Alvarado,Junior Lozano
PL-5,-8.079860713061572,-78.95078447051684,LAREDO,4,Anthony Alvarado,Junior Lozano
PL-50,-8.088248619951942,-78.95541966230574,LAREDO,49,Anthony Alvarado,Junior Lozano
PL-51,-8.088189092806926,-78.9811609604676,LAREDO,50,Jean piere,Junior Lozano
PL-52,-8.081681460594796,-78.95688084924227,LAREDO,51,Anthony Alvarado,Junior Lozano
PL-53,-8.084963056351492,-78.95553097180107,LAREDO,32,Anthony Alvarado,Junior Lozano
PL-53,-8.082382843618637,-78.95533516921984,LAREDO,52,Anthony Alvarado,Junior Lozano
PL-54,-8.075516218065731,-78.94648935039744,LAREDO,53,Jean Piere,Junior Lozano
PL-55,-8.08693078873462,-78.99103642236311,LAREDO,54,Jean piere,Junior Lozano
PL-56,-8.084637081885079,-78.98902639615191,LAREDO,55,Anthony Alvarado,Junior Lozano
PL-57,-8.084917245049079,-78.98898241070279,LAREDO,56,Jean piere,Junior Lozano
PL-58,-8.086266789470926,-78.98484850897896,LAREDO,57,Jean piere,Junior Lozano
PL-59,-8.086058462740924,-78.98468591247342,LAREDO,58,Anthony Alvarado,Junior Lozano
PL-6,-8.080487765216473,-78.95174369368146,LAREDO,5,Anthony Alvarado,Junior Lozano
PL-60,-8.088978306481588,-78.97844439505648,LAREDO,59,Jean piere,Junior Lozano
PL-61,-8.088746863263774,-78.97826738521206,LAREDO,60,Anthony Alvarado,Junior Lozano
PL-62,-8.092286990906723,-78.96827951173846,LAREDO,61,Anthony Alvarado,Junior Lozano
PL-63,-8.092490068111944,-78.96814192995429,LAREDO,62,Anthony Alvarado,Junior Lozano
PL-64,-8.091330678583978,-78.97195145548935,LAREDO,63,Jean piere,Junior Lozano
PL-65,-8.091436902607956,-78.97204499972233,LAREDO,64,Jean piere,Junior Lozano
PL-66,-8.081353811355637,-78.95813002904093,LAREDO,65,Anthony Alvarado,Junior Lozano
PL-67,-8.081558406160099,-78.95816668893691,LAREDO,66,Anthony Alvarado,Junior Lozano
PL-68,-8.077906196577521,-78.9560530003554,LAREDO,67,Anthony Alvarado,Junior Lozano
PL-69,-8.077877987575258,-78.95593095193286,LAREDO,68,Anthony Alvarado,Junior Lozano
PL-7,-8.081575886032812,-78.95154755691668,LAREDO,6,Anthony Alvarado,Junior Lozano
PL-70,-8.075672833709906,-78.95759928741501,LAREDO,69,Anthony Alvarado,Junior Lozano
PL-71,-8.075668858164818,-78.95759426415516,LAREDO,70,Anthony Alvarado,Junior Lozano
PL-72,-8.073239509238435,-78.95737632762398,LAREDO,71,Anthony Alvarado,Junior Lozano
PL-73,-8.07315564311974,-78.95742293623378,LAREDO,72,Anthony Alvarado,Junior Lozano
PL-74,-8.071180843329142,-78.95484667683414,LAREDO,73,Anthony Alvarado,Junior Lozano
PL-75,-8.071288734920515,-78.95487919591886,LAREDO,74,Anthony Alvarado,Junior Lozano
PL-76,-8.068196228449764,-78.95509410876284,LAREDO,75,Anthony Alvarado,Junior Lozano
PL-77,-8.068269259924374,-78.95513165582908,LAREDO,76,Anthony Alvarado,Junior Lozano
PL-78,-8.068474406108978,-78.95270828275028,LAREDO,77,Anthony Alvarado,Junior Lozano
PL-79,-8.068240710720495,-78.95312335024768,LAREDO,78,Anthony Alvarado,Junior Lozano
PL-8,-8.09109134198684,-78.96327551355029,LAREDO,7,Anthony Alvarado,Junior Lozano
PL-80,-8.070044231124404,-78.95033352443721,LAREDO,79,Anthony Alvarado,Junior Lozano
PL-81,-8.069976516114918,-78.95040996658744,LAREDO,80,Cristopher Gomez,Junior Lozano
PL-82,-8.07163010704232,-78.95050352758841,LAREDO,81,Cristopher Gomez,Junior Lozano
PL-83,-8.071549318426008,-78.95036838607054,LAREDO,82,Anthony Alvarado,Junior Lozano
PL-84,-8.073088316967086,-78.98823280088692,LAREDO,83,Jean piere,Junior Lozano
PL-85,-8.085889480839453,-78.99183055497066,LAREDO,84,Jean piere,Junior Lozano
PL-86,-8.067991409817482,-78.98339979045362,LAREDO,85,Jean piere,Junior Lozano
PL-87,-8.067616961194036,-78.98020695957378,LAREDO,86,Anthony Alvarado,Junior Lozano
PL-88,-8.066201823267646,-78.97788181909615,LAREDO,87,Anthony Alvarado,Junior Lozano
PL-89,-8.064211739169542,-78.97934161130716,LAREDO,88,Anthony Alvarado,Junior Lozano
PL-9,-8.082529304375482,-78.95343232899975,LAREDO,8,Anthony Alvarado,Junior Lozano
PL-90,-8.063720088807859,-78.97621817556745,LAREDO,89,Anthony Alvarado,Junior Lozano
PL-91,-8.082721759115957,-78.9927395786713,LAREDO,90,Anthony Alvarado,Junior Lozano
PL-92,-8.086870068114111,-78.99188261349431,LAREDO,91,Anthony Alvarado,Junior Lozano
PL-93,-8.06786991589431,-78.98315672167348,LAREDO,92,Anthony Alvarado,Junior Lozano
PL-94,-8.067713227221356,-78.97972282289182,LAREDO,93,Anthony Alvarado,Junior Lozano
PL-95,-8.07692993682708,-78.99247336906205,LAREDO,94,Anthony Alvarado,Junior Lozano
PL-96,-8.11123122180187,-78.99606249923927,LAREDO,95,Jean piere,Junior Lozano
PL-97,-8.109290805909188,-78.98969862803237,LAREDO,96,Jean piere,Junior Lozano
PL-98,-8.107589942228104,-78.9869553761363,LAREDO,97,Jean piere,Junior Lozano
PL-99,-8.109296441819284,-78.99158187391127,LAREDO,98,Jean piere,Junior Lozano
PL-Existente,-8.092466237092582,-78.96724820072146,LAREDO,107,Anthony Alvarado,Junior Lozano
PL-Existente,-8.092753361665668,-78.96725824508276,LAREDO,108,Jean piere,Junior Lozano
PM-  83,-8.138324793999798,-78.99231142547214,Moche,60,,
PM- 82,-8.13843695661529,-78.99235931232577,Moche,59,,
PM-1,-8.152852091247787,-79.01203740163527,Moche,20,,
PM-10,-8.179071008504046,-79.01464216437606,Moche,117,,
PM-100,-8.186894007918012,-78.9810193345463,Moche,1,,
PM-101,-8.179213669442914,-78.99362733517923,Moche,70,,
PM-102,-8.18356159005937,-78.99358080998047,Moche,61,,
PM-103,-8.185134484166433,-78.9916016578175,Moche,65,,
PM-104,-8.187092453235966,-78.98979284217006,Moche,64,,
PM-105,-8.18324420300068,-78.99225712194978,Moche,67,,
PM-106,-8.181721619068004,-78.99428523142527,Moche,69,,
PM-107,-8.184442883289073,-78.9906320391346,Moche,66,,
PM-108,-8.187966902034022,-78.99431571401456,Moche,80,,
PM-109,-8.185343557618369,-78.99520184551878,Moche,81,,
PM-11,-8.179711842603947,-79.01341170189838,Moche,118,,
PM-110,-8.18220148641086,-78.99624120560051,Moche,85,,
PM-111,-8.178695289387012,-78.99715650884963,Moche,77,,
PM-112,-8.179253251561256,-78.99362459670839,Moche,71,,
PM-113,-8.181621060131759,-78.99051737083678,Moche,62,,
PM-114,-8.181606787970217,-78.99198654883479,Moche,75,,
PM-115,-8.18352993745416,-78.98804940597236,Moche,63,,
PM-117,-8.119224820512725,-79.00350998800666,Moche,78,,
PM-118,-8.120062145553536,-79.00367298119096,Moche,86,,
PM-119,-8.121648832400174,-79.00462873651374,Moche,83,,
PM-12,-8.182312662391258,-79.01185233111433,Moche,120,,
PM-120,-8.131710291997965,-79.0204793251069,Moche,31,,
PM-121,-8.13379099621582,-79.01882573695028,Moche,29,,
PM-122,-8.136907436383463,-79.01644926639948,Moche,27,,
PM-123,-8.134886683660813,-79.01915706225888,Moche,30,,
PM-124,-8.131743150523736,-79.02073111649138,Moche,32,,
PM-125,-8.140072102218406,-79.01444072865776,Moche,28,,
PM-126,-8.112122764591938,-78.99841613958246,Moche,87,,
PM-13,-8.184296531788949,-79.01037376730777,Moche,106,,
PM-14,-8.187716020118089,-79.00611340664048,Moche,125,,
PM-15,-8.187183720293042,-79.00450073554316,Moche,127,,
PM-16,-8.189770215390604,-79.00378290348044,Moche,128,,
PM-17,-8.169849016145116,-79.00961905489577,Moche,92,,
PM-18,-8.171541904010123,-79.01132628147364,Moche,111,,
PM-19,-8.174283154495193,-79.01200722790196,Moche,112,,
PM-2,-8.156039195928344,-79.01230092915903,Moche,18,,
PM-20,-8.165769604045853,-79.01002339769157,Moche,88,,
PM-21,-8.176619839261285,-79.01284843722954,Moche,113,,
PM-22,-8.169196220654099,-79.00693617682259,Moche,93,,
PM-23,-8.165583427026974,-79.00874733848511,Moche,14,,
PM-24,-8.167885313073942,-79.00605406204198,Moche,12,,
PM-25,-8.170890439049687,-79.0022356037988,Moche,10,,
PM-26,-8.17347339493223,-78.99885736846653,Moche,7,,
PM-27,-8.144225575100652,-79.01259731261376,Moche,24,,
PM-28,-8.148709778467982,-79.01168536034747,Moche,21,,
PM-29,-8.149550710080813,-79.01033100592541,Moche,34,,
PM-3,-8.170228997270593,-79.00806065512151,Moche,94,,
PM-30,-8.149645345313818,-79.00852874382241,Moche,36,,
PM-31,-8.143609907331404,-78.99919498887009,Moche,45,,
PM-32,-8.139713438926298,-78.99808470487554,Moche,48,,
PM-33,-8.137145453108468,-78.99710894338197,Moche,49,,
PM-34,-8.134270263378866,-78.9966881248697,Moche,52,,
PM-35,-8.138575429547949,-78.9939313500384,Moche,57,,
PM-36,-8.17507765381643,-78.99664420382916,Moche,6,,
PM-37,-8.17581141532895,-78.99656776568648,Moche,74,,
PM-38,-8.147024102875433,-79.00261514279745,Moche,40,,
PM-39,-8.14754981810813,-79.00583029728735,Moche,38,,
PM-4,-8.177989460881737,-79.01413589818979,Moche,99,,
PM-40,-8.152857402358974,-79.01186876092412,Moche,19,,
PM-41,-8.156480931183042,-79.01214670609198,Moche,17,,
PM-42,-8.160804363672458,-79.01182617641217,Moche,16,,
PM-43,-8.165779897675439,-79.00997679369412,Moche,90,,
PM-45,-8.178037242776469,-79.01603422817769,Moche,101,,
PM-46,-8.177109037057257,-79.015395475584,Moche,115,,
PM-47,-8.182072056996656,-79.01180639760783,Moche,105,,
PM-48,-8.184717335387639,-79.01031508823937,Moche,121,,
PM-49,-8.16497026611034,-79.01077500705118,Moche,91,,
PM-49,-8.174409924477786,-79.01194084721523,Moche,97,,
PM-5,-8.180068593192335,-79.0128594980574,Moche,119,,
PM-50,-8.178987381647891,-79.01465959965752,Moche,102,,
PM-51,-8.17965687292739,-79.01345662351358,Moche,103,,
PM-52,-8.187632686872407,-79.00591377174422,Moche,124,,
PM-53,-8.187125648004223,-79.00448463827901,Moche,126,,
PM-54,-8.189717789913592,-79.0038593450231,Moche,89,,
PM-56,-8.171627525095415,-79.01129711399331,Moche,96,,
PM-58,-8.17792109338366,-79.01410538778498,Moche,114,,
PM-59,-8.180672211556473,-79.0124980777076,Moche,104,,
PM-6,-8.177255036154422,-79.01528488622559,Moche,100,,
PM-60,-8.176723051762016,-79.01275656844534,Moche,98,,
PM-61,-8.165660422367212,-79.00897331626557,Moche,13,,
PM-62,-8.168435564527513,-79.00586195106352,Moche,11,,
PM-63,-8.169389702877504,-79.00693148759892,Moche,110,,
PM-64,-8.171093210233911,-79.00230702440622,Moche,9,,
PM-65,-8.173940335034924,-78.99866893466508,Moche,8,,
PM-67,-8.14967823807808,-79.00848180318896,Moche,35,,
PM-68,-8.149675951281537,-79.01037665684365,Moche,33,,
PM-69,-8.148686875574192,-79.01181176286947,Moche,22,,
PM-7,-8.169206841689672,-79.01069898167441,Moche,109,,
PM-70,-8.144358659780382,-79.01276595652911,Moche,23,,
PM-71,-8.176015845386507,-78.99570275468767,Moche,5,,
PM-72,-8.138414385002674,-78.99380073171312,Moche,58,,
PM-73,-8.134410989808748,-78.99655032813551,Moche,51,,
PM-74,-8.136977259265226,-78.99735969005779,Moche,50,,
PM-75,-8.14069862888839,-78.99801010017882,Moche,47,,
PM-76,-8.14356875506334,-78.99928819373592,Moche,46,,
PM-77,-8.14701314386606,-79.00240358275512,Moche,39,,
PM-78,-8.133070431458203,-78.99495911221604,Moche,53,,
PM-79,-8.132979168163526,-78.99488156415072,Moche,54,,
PM-79,-8.131978535680771,-78.9971237696658,Moche,56,,
PM-8,-8.178129842121296,-79.01605636249356,Moche,116,,
PM-80,-8.135699194024,-78.99521132248054,Moche,55,,
PM-84,-8.171945459137282,-79.00817066023592,Moche,95,,
PM-85,-8.187014136599664,-79.00788500638811,Moche,122,,
PM-86,-8.186963365376878,-79.00781326167366,Moche,107,,
PM-87,-8.188713258273676,-79.00613855833039,Moche,108,,
PM-88,-8.188791239834355,-79.00622841419865,Moche,123,,
PM-89,-8.177089767688033,-78.99639006477854,Moche,73,,
PM-9,-8.16087970929616,-79.01160430974127,Moche,15,,
PM-90,-8.177079460499861,-78.9963077236521,Moche,72,,
PM-91,-8.178773988008219,-78.99218838213304,Moche,4,,
PM-92,-8.180928128081135,-78.98946561120108,Moche,3,,
PM-93,-8.18302425181924,-78.98664155707414,Moche,2,,
PM-94,-8.182407243762572,-78.993434275633,Moche,68,,
PM-95,-8.179277101562564,-78.99709045470367,Moche,76,,
PM-96,-8.181514554267295,-78.99668595776907,Moche,84,,
PM-97,-8.184529834376027,-78.99571281033909,Moche,82,,
PM-98,-8.188338917757942,-78.99454973987194,Moche,79,,
PM-99,-8.187970604405741,-78.9788048130795,Moche,0,,
PM-SC-01,-8.139945103825266,-79.01420026613273,Moche,25,,
PM-SC-02,-8.137453406125088,-79.01432253258189,Moche,26,,
PM-SC3,-8.178553296080098,-78.99219106552187,Moche,41,,
PM-SC4,-8.180751575778373,-78.98931138228242,Moche,42,,
PM-SC5,-8.183088228117057,-78.9859706931058,Moche,43,,
PM-SC6,-8.185396322051718,-78.98313123341057,Moche,44,,
PS-12,-8.19067585585815,-78.99347048561899,Paraderos_Salaverry,0,Anthony Alvarado,Junior Lozano
PS-13,-8.192863600812009,-78.99198113609233,Paraderos_Salaverry,1,Anthony Alvarado,Junior Lozano
PS-14,-8.195392984999954,-78.99029121199999,Paraderos_Salaverry,2,Anthony Alvarado,Junior Lozano
PS-15,-8.198634352731622,-78.98817244564214,Paraderos_Salaverry,3,Anthony Alvarado,Junior Lozano
PS-16,-8.201101976890724,-78.98674757166434,Paraderos_Salaverry,4,Anthony Alvarado,Junior Lozano
PS-17,-8.204651064751591,-78.98474104336047,Paraderos_Salaverry,5,Anthony Alvarado,Junior Lozano
PS-18,-8.206786815624165,-78.98269906984649,Paraderos_Salaverry,6,Anthony Alvarado,Junior Lozano
PS-19,-8.209578265667307,-78.98147463394821,Paraderos_Salaverry,7,Anthony Alvarado,Junior Lozano
PS-20,-8.212500434773142,-78.9809039998656,Paraderos_Salaverry,8,Jean Pier,Junior Lozano
PS-21,-8.215723895574783,-78.98024686072611,Paraderos_Salaverry,9,Jean Pier,Junior Lozano
PS-22,-8.218379562677615,-78.9791032313949,Paraderos_Salaverry,10,Jean Pier,Junior Lozano
PS-23,-8.220689784219598,-78.97778861080675,Paraderos_Salaverry,11,Jean Pier,Junior Lozano
PS-24,-8.223534229371117,-78.97707983961521,Paraderos_Salaverry,12,Jean Pier,Junior Lozano
PS-25,-8.222961160403415,-78.97433627047242,Paraderos_Salaverry,13,Jean Pier,Junior Lozano
PS-26,-8.220502168037346,-78.97483245955637,Paraderos_Salaverry,14,Jean Pier,Junior Lozano
PS-27,-8.219548877683543,-78.97221939767202,Paraderos_Salaverry,15,Jean Pier,Junior Lozano
PS-28,-8.194684870965002,-78.9712950861313,Paraderos_Salaverry,16,Mely Medina,Junior Lozano
PS-29,-8.192169874059926,-78.97412672835517,Paraderos_Salaverry,17,Mely Medina,Junior Lozano
PS-30,-8.189927177377594,-78.9764171469118,Paraderos_Salaverry,18,Mely Medina,Junior Lozano
PS-36,-8.188828408108094,-78.98624863133276,Paraderos_Salaverry,19,Mely Medina,Junior Lozano
PS-4,-8.18523271343488,-78.98380782802796,Paraderos_Salaverry,20,Mely Medina,Junior Lozano
PS-40,-8.190965566327538,-78.9827114751192,Paraderos_Salaverry,21,Mely Medina,Junior Lozano
PS-41,-8.188474647453548,-78.98520625678377,Paraderos_Salaverry,22,Mely Medina,Junior Lozano
PS-42,-8.186446989711657,-78.98793459442852,Paraderos_Salaverry,23,Mely Medina,Junior Lozano
PS-44,-8.219152070423398,-78.97145524252599,Paraderos_Salaverry,24,Jean Pier,Junior Lozano
PS-45,-8.220260395095467,-78.97395898605127,Paraderos_Salaverry,25,Jean Pier,Junior Lozano
PS-46,-8.219389662806526,-78.97643107813845,Paraderos_Salaverry,26,Jean Pier,Junior Lozano
PS-47,-8.21718528237058,-78.97705268065333,Paraderos_Salaverry,27,Jean Pier,Junior Lozano
PS-48,-8.214737685292556,-78.97753917097072,Paraderos_Salaverry,28,Jean Pier,Junior Lozano
PS-49,-8.211477045448497,-78.9785513630836,Paraderos_Salaverry,29,Jean Pier,Junior Lozano
PS-5,-8.187065912166437,-78.9816137806032,Paraderos_Salaverry,30,Mely Medina,Junior Lozano
PS-50,-8.211457311171937,-78.98082596595374,Paraderos_Salaverry,31,Jean Pier,Junior Lozano
PS-51,-8.207961479112535,-78.98169960726871,Paraderos_Salaverry,32,Anthony Alvarado,Junior Lozano
PS-52,-8.2041509816974,-78.98407336765503,Paraderos_Salaverry,33,Anthony Alvarado,Junior Lozano
PS-53,-8.202115763530951,-78.98551337867798,Paraderos_Salaverry,34,Anthony Alvarado,Junior Lozano
PS-54,-8.198504568243708,-78.98790336973427,Paraderos_Salaverry,35,Anthony Alvarado,Junior Lozano
PS-55,-8.196462384943848,-78.98928925789657,Paraderos_Salaverry,36,Anthony Alvarado,Junior Lozano
PS-56,-8.194355795106796,-78.99073026637852,Paraderos_Salaverry,37,Anthony Alvarado,Junior Lozano
PS-57,-8.191408595103674,-78.99260949787168,Paraderos_Salaverry,38,Anthony Alvarado,Junior Lozano
PS-6,-8.190634039355109,-78.98049395087077,Paraderos_Salaverry,39,Mely Medina,Junior Lozano
PS-62,-8.19239818131062,-78.97460416294365,Paraderos_Salaverry,40,Mely Medina,Junior Lozano
PS-63,-8.190383821937157,-78.97734504092816,Paraderos_Salaverry,41,Mely Medina,Junior Lozano
PS-64,-8.188232056125136,-78.9795803264701,Paraderos_Salaverry,42,Mely Medina,Junior Lozano
PS-69,-8.186467630840797,-78.98511316808431,Paraderos_Salaverry,43,Mely Medina,Junior Lozano
PS-70,-8.188943075825954,-78.98614605300534,Paraderos_Salaverry,44,Mely Medina,Junior Lozano
ABR-359,-8.099626508696174,-79.00138093560719,Puntos_Paraderos,358,Anthony Alvarado,Junior Lozano
ABR-360,-8.10141716521063,-79.00207333717793,Puntos_Paraderos,359,Anthony Alvarado,Junior Lozano
ABR-361,-8.097620867201117,-79.00106850786236,Puntos_Paraderos,360,Anthony Alvarado,Junior Lozano
ABR-362,-8.09622563401521,-79.0008402174492,Puntos_Paraderos,361,Anthony Alvarado,Junior Lozano
ABR-363,-8.094926554385086,-78.99951282577314,Puntos_Paraderos,362,Anthony Alvarado,Junior Lozano
ABR-364,-8.094947132252575,-78.99702508327803,Puntos_Paraderos,363,Anthony Alvarado,Junior Lozano
ABR-365,-8.09732975536169,-78.99604674460855,Puntos_Paraderos,364,Anthony Alvarado,Junior Lozano
ABR-366,-8.098579815167577,-78.99693296986251,Puntos_Paraderos,365,Anthony Alvarado,Junior Lozano
ABR-367,-8.100270093829788,-78.99883585520568,Puntos_Paraderos,366,Anthony Alvarado,Junior Lozano
ABR-368,-8.102806289507008,-79.00159723690183,Puntos_Paraderos,367,Anthony Alvarado,Junior Lozano
AGR-523,-8.104305712628106,-79.029115160855,Puntos_Paraderos,522,Claudia Alvarado,Junior Lozano
AK-455,-8.090958910877083,-79.02692702101717,Puntos_Paraderos,454,Piero Guevara,Junior Lozano
AK-456,-8.0907936005375,-79.02695157394767,Puntos_Paraderos,455,Piero Guevara,Junior Lozano
ALFU-535,-8.092073220746345,-78.99570141332443,Puntos_Paraderos,534,Alfonso Castillo,Junior Lozano
ALM-519,-8.089580570348541,-78.99345056727009,Puntos_Paraderos,518,Brando Acosta,Junior Lozano
AMA-462,-8.105802608979936,-79.02250366707132,Puntos_Paraderos,461,Piero Guevara,Junior Lozano
AMA-463,-8.10402380297522,-79.02313177192765,Puntos_Paraderos,462,Piero Guevara,Junior Lozano
AMEO-67,-8.102012000241896,-79.04451158176389,Puntos_Paraderos,66,Paúl Faría,Junior Lozano
AMEO-68,-8.10309905566707,-79.04559753575518,Puntos_Paraderos,67,Angela Malca,Junior Lozano
AMEO-69,-8.104766327879442,-79.04610515064677,Puntos_Paraderos,68,Angela Malca,Junior Lozano
AMEO-70,-8.106193651204851,-79.04677538511051,Puntos_Paraderos,69,Angela Malca,Junior Lozano
AMEO-71,-8.109896879665627,-79.04774644896432,Puntos_Paraderos,70,Angela Malca,Junior Lozano
AMEO-72,-8.107240171651982,-79.04679815783801,Puntos_Paraderos,71,Angela Malca,Junior Lozano
AMEO-73,-8.110663307507783,-79.04769703742545,Puntos_Paraderos,72,Angela Malca,Junior Lozano
AMEO-74,-8.11286763582102,-79.04799510554125,Puntos_Paraderos,73,Angela Malca,Junior Lozano
AMEO-75,-8.1145723366746,-79.04647227207555,Puntos_Paraderos,74,Angela Malca,Junior Lozano
AMEO-76,-8.114426214695195,-79.04628916266955,Puntos_Paraderos,75,Angela Malca,Junior Lozano
AMEO-77,-8.117152731714405,-79.04309704735,Puntos_Paraderos,76,Angela Malca,Junior Lozano
AMEO-78,-8.118870060762694,-79.04099358947589,Puntos_Paraderos,77,Angela Malca,Junior Lozano
AMEO-79,-8.117448742073385,-79.04308397490813,Puntos_Paraderos,78,Angela Malca,Junior Lozano
AMEO-80,-8.119068820998633,-79.04115848032392,Puntos_Paraderos,79,Angela Malca,Junior Lozano
AMEO-81,-8.095428823935096,-79.04038256799228,Puntos_Paraderos,80,Angela Malca,Junior Lozano
AMEO-82,-8.096135205586307,-79.04108700971169,Puntos_Paraderos,81,Angela Malca,Junior Lozano
AMEO-83,-8.100205599455945,-79.04385572719387,Puntos_Paraderos,82,Anthony Alvarado,Junior Lozano
AMEO-84,-8.097213266532107,-79.04282246831075,Puntos_Paraderos,83,Angela Malca,Junior Lozano
AMEO-85,-8.097865828531443,-79.04305011439605,Puntos_Paraderos,84,Angela Malca,Junior Lozano
AMEO-86,-8.099876346480077,-79.04397614588675,Puntos_Paraderos,85,Anthony Alvarado,Junior Lozano
AMN-16,-8.099488975250042,-79.01385795439307,Puntos_Paraderos,15,Brando Acosta,Junior Lozano
AMN-17,-8.09890336365972,-79.01498494541741,Puntos_Paraderos,16,Brando Acosta,Junior Lozano
AMN-18,-8.097679619301598,-79.0159996973597,Puntos_Paraderos,17,Brando Acosta,Junior Lozano
AMN-19,-8.09663269836025,-79.01758555494858,Puntos_Paraderos,18,Brando Acosta,Junior Lozano
AMN-20,-8.096006733337848,-79.01801957924911,Puntos_Paraderos,19,Brando Acosta,Junior Lozano
AMN-21,-8.096948367356445,-79.02895175125963,Puntos_Paraderos,20,Piero Guevara,Junior Lozano
AMN-22,-8.096112910163194,-79.02842518186254,Puntos_Paraderos,21,Piero Guevara,Junior Lozano
AMN-23,-8.09831746478325,-79.0305375801398,Puntos_Paraderos,22,Piero Guevara,Junior Lozano
AMN-24,-8.099789055103814,-79.03130974202602,Puntos_Paraderos,23,Piero Guevara,Junior Lozano
AMN-25,-8.100879306159648,-79.03200157321396,Puntos_Paraderos,24,Piero Guevara,Junior Lozano
AMN-26,-8.102741274123577,-79.03273388267702,Puntos_Paraderos,25,Piero Guevara,Junior Lozano
AMN-27,-8.103499492995548,-79.03337939062835,Puntos_Paraderos,26,Piero Guevara,Junior Lozano
AMN-28,-8.104794874044975,-79.03382297929963,Puntos_Paraderos,27,Piero Guevara,Junior Lozano
AMN-29,-8.09562859066377,-79.01967198045645,Puntos_Paraderos,28,Brando Acosta,Junior Lozano
AMN-30,-8.09507725287481,-79.02046255758998,Puntos_Paraderos,29,Brando Acosta,Junior Lozano
AMN-31,-8.095166327930919,-79.02091199845405,Puntos_Paraderos,30,Brando Acosta,Junior Lozano
AMN-32,-8.094045763656878,-79.02331644917983,Puntos_Paraderos,31,Brando Acosta,Junior Lozano
AMN-33,-8.093962939271547,-79.02405269354286,Puntos_Paraderos,32,Brando Acosta,Junior Lozano
AMN-34,-8.093973425186922,-79.02609844166109,Puntos_Paraderos,33,Brando Acosta,Junior Lozano
AMN-35,-8.095001239943443,-79.02699071466455,Puntos_Paraderos,34,Brando Acosta,Junior Lozano
AMS-36,-8.126091761999596,-79.02796469578601,Puntos_Paraderos,35,Piero Guevara,Junior Lozano
AMS-37,-8.124507006523599,-79.02463674315543,Puntos_Paraderos,36,Piero Guevara,Junior Lozano
AMS-38,-8.12430740701776,-79.02394105089095,Puntos_Paraderos,37,Piero Guevara,Junior Lozano
AMS-39,-8.126324432738704,-79.03435338495179,Puntos_Paraderos,38,Piero Guevara,Junior Lozano
AMS-40,-8.116403861714803,-79.01644863111991,Puntos_Paraderos,39,Darwin Agreda,Junior Lozano
AMS-41,-8.115135938176833,-79.01529308342322,Puntos_Paraderos,40,Anthony Alvarado,Junior Lozano
AMS-42,-8.120890036957732,-79.0398918129657,Puntos_Paraderos,41,Claudia Alvarado,Junior Lozano
AMS-43,-8.120965053553324,-79.04007185560504,Puntos_Paraderos,42,Claudia Alvarado,Junior Lozano
AMS-44,-8.123519781167854,-79.03902445231545,Puntos_Paraderos,43,Claudia Alvarado,Junior Lozano
AMS-45,-8.123624006872035,-79.03920616837436,Puntos_Paraderos,44,Claudia Alvarado,Junior Lozano
AMS-46,-8.125034772193365,-79.03764788587566,Puntos_Paraderos,45,Claudia Alvarado,Junior Lozano
AMS-47,-8.124768105418356,-79.0377765542066,Puntos_Paraderos,46,Claudia Alvarado,Junior Lozano
AMS-48,-8.12605362880348,-79.03426733877811,Puntos_Paraderos,47,Claudia Alvarado,Junior Lozano
AMS-49,-8.126828185835674,-79.03106837134305,Puntos_Paraderos,48,Piero Guevara,Junior Lozano
AMS-50,-8.12661849306652,-79.03109406108483,Puntos_Paraderos,49,Piero Guevara,Junior Lozano
AMS-51,-8.126563979163596,-79.02883821939909,Puntos_Paraderos,50,Piero Guevara,Junior Lozano
AMS-52,-8.122025180411594,-79.02134601106692,Puntos_Paraderos,51,Darwin Agreda,Junior Lozano
AMS-53,-8.121137642326863,-79.02073479946799,Puntos_Paraderos,52,Anthony Alvarado,Junior Lozano
AMS-54,-8.120226097618827,-79.0194521139369,Puntos_Paraderos,53,Darwin Agreda,Junior Lozano
AMS-55,-8.118928105237815,-79.01857962799266,Puntos_Paraderos,54,Darwin Agreda,Junior Lozano
AMS-56,-8.117874684607465,-79.01740398192338,Puntos_Paraderos,55,Anthony Alvarado,Junior Lozano
AMS-57,-8.122784002997976,-79.02249837350901,Puntos_Paraderos,56,Anthony Alvarado,Junior Lozano
AMS-58,-8.100266363686867,-79.01285916974378,Puntos_Paraderos,57,Brando Acosta,Junior Lozano
AMS-59,-8.100500044807369,-79.01308548056222,Puntos_Paraderos,58,Brando Acosta,Junior Lozano
AMS-60,-8.104291004228262,-79.01031676838556,Puntos_Paraderos,59,Anthony Alvarado,Junior Lozano
AMS-61,-8.112025187840045,-79.01360801397566,Puntos_Paraderos,60,Anthony Alvarado,Junior Lozano
AMS-62,-8.113926007836605,-79.01474596313889,Puntos_Paraderos,61,Anthony Alvarado,Junior Lozano
AMS-63,-8.104175160142061,-79.01061449304444,Puntos_Paraderos,62,Anthony Alvarado,Junior Lozano
AMS-64,-8.111531943465167,-79.01357665332594,Puntos_Paraderos,63,Anthony Alvarado,Junior Lozano
AMS-65,-8.109414943273398,-79.0123163568563,Puntos_Paraderos,64,Anthony Alvarado,Junior Lozano
AMS-66,-8.108906830806852,-79.01233931857978,Puntos_Paraderos,65,Anthony Alvarado,Junior Lozano
ANBE-373,-8.114119961390905,-79.00665306288539,Puntos_Paraderos,372,Anthony Alvarado,Junior Lozano
ANBE-374,-8.114042382151,-79.00659476044332,Puntos_Paraderos,373,Anthony Alvarado,Junior Lozano
ANBE-375,-8.110952882028108,-79.00708656646853,Puntos_Paraderos,374,Anthony Alvarado,Junior Lozano
ANBE-376,-8.108663135777787,-79.00748502101933,Puntos_Paraderos,375,Anthony Alvarado,Junior Lozano
ANTO-346,-8.116144970807925,-79.04369518600686,Puntos_Paraderos,345,Darwin Agreda,Junior Lozano
ANTO-347,-8.113666200647513,-79.04188032743212,Puntos_Paraderos,346,Darwin Agreda,Junior Lozano
ANTO-348,-8.113385721775758,-79.04130499534074,Puntos_Paraderos,347,Darwin Agreda,Junior Lozano
ANTO-349,-8.111582066422546,-79.04028508414615,Puntos_Paraderos,348,Darwin Agreda,Junior Lozano
ANTO-350,-8.11096582915605,-79.03976296573977,Puntos_Paraderos,349,Darwin Agreda,Junior Lozano
AVOC-451,-8.089472483180918,-79.0238086150499,Puntos_Paraderos,450,Piero Guevara,Junior Lozano
AVOC-452,-8.091412945016373,-79.02451931148909,Puntos_Paraderos,451,Piero Guevara,Junior Lozano
AVOC-453,-8.09154943008169,-79.0245237537281,Puntos_Paraderos,452,Piero Guevara,Junior Lozano
AVOC-454,-8.089512644556542,-79.0239216013488,Puntos_Paraderos,453,Piero Guevara,Junior Lozano
BLPAS-447,-8.104697900433546,-79.007772559364,Puntos_Paraderos,446,Alfonso Castillo,Junior Lozano
BLPAS-448,-8.103805730759088,-79.0093810154692,Puntos_Paraderos,447,Alfonso Castillo,Junior Lozano
C20-529,-8.121149599500713,-79.01306335103213,Puntos_Paraderos,528,Angela Malca,Junior Lozano
CA-490,-8.104861587545527,-79.00964822346047,Puntos_Paraderos,489,Anthony Alvarado,Junior Lozano
CA-491,-8.10528214328916,-79.00889754625652,Puntos_Paraderos,490,Anthony Alvarado,Junior Lozano
CALCUC-524,-8.122601052719038,-79.02085851989501,Puntos_Paraderos,523,Piero Guevara,Junior Lozano
CALCUC-525,-8.123718270139724,-79.01967566347396,Puntos_Paraderos,524,Piero Guevara,Junior Lozano
CAR-532,-8.103328542229816,-79.0197007700295,Puntos_Paraderos,531,Piero Guevara,Junior Lozano
CAR-533,-8.105069598777952,-79.021373762107,Puntos_Paraderos,532,Piero Guevara,Junior Lozano
CARE-400,-8.097299548109554,-79.00283809979163,Puntos_Paraderos,399,Alfonso Castillo,Junior Lozano
CARE-401,-8.097037986965624,-79.00286558686003,Puntos_Paraderos,400,Alfonso Castillo,Junior Lozano
CARE-402,-8.09426301583718,-79.00025110580525,Puntos_Paraderos,401,Alfonso Castillo,Junior Lozano
CARE-403,-8.09435130940265,-79.00058839222389,Puntos_Paraderos,402,Alfonso Castillo,Junior Lozano
CARW-305,-8.115042778763033,-79.00767840918746,Puntos_Paraderos,304,Claudia Alvarado,Junior Lozano
CARW-306,-8.11517012390948,-79.00784008415422,Puntos_Paraderos,305,Claudia Alvarado,Junior Lozano
CARW-307,-8.114921373441392,-79.01058196454099,Puntos_Paraderos,306,Claudia Alvarado,Junior Lozano
CARW-308,-8.114985407074004,-79.01073586922706,Puntos_Paraderos,307,Claudia Alvarado,Junior Lozano
CARW-309,-8.114683024309285,-79.01230823902863,Puntos_Paraderos,308,Claudia Alvarado,Junior Lozano
CARW-310,-8.114696123870944,-79.0125879293671,Puntos_Paraderos,309,Claudia Alvarado,Junior Lozano
CARW-311,-8.114337007391924,-79.01446279339558,Puntos_Paraderos,310,Claudia Alvarado,Junior Lozano
CARW-312,-8.114406645563605,-79.01445560226239,Puntos_Paraderos,311,Claudia Alvarado,Junior Lozano
CEV-172,-8.112785782954903,-79.0196636788307,Puntos_Paraderos,171,Gustavo Sevillano,Junior Lozano
CEV-173,-8.10404405349706,-79.01209976219067,Puntos_Paraderos,172,Brando Acosta,Junior Lozano
CEV-174,-8.104387265149976,-79.01260938422801,Puntos_Paraderos,173,Brando Acosta,Junior Lozano
CEV-175,-8.106150132166112,-79.0138854446137,Puntos_Paraderos,174,Brando Acosta,Junior Lozano
CEV-176,-8.10673837110707,-79.01457164470978,Puntos_Paraderos,175,Brando Acosta,Junior Lozano
CEV-177,-8.108018541933058,-79.01549544092236,Puntos_Paraderos,176,Brando Acosta,Junior Lozano
CEV-178,-8.107915640380009,-79.01563358013416,Puntos_Paraderos,177,Brando Acosta,Junior Lozano
CEV-179,-8.110476433410678,-79.01763953344813,Puntos_Paraderos,178,Brando Acosta,Junior Lozano
CEV-180,-8.096270887556589,-79.00546197084135,Puntos_Paraderos,179,Brando Acosta,Junior Lozano
CEV-181,-8.09934325723236,-79.0080925416857,Puntos_Paraderos,180,Brando Acosta,Junior Lozano
CEV-182,-8.102125836309503,-79.01038817741843,Puntos_Paraderos,181,Brando Acosta,Junior Lozano
CEV-183,-8.110688573201093,-79.01810230231133,Puntos_Paraderos,182,Brando Acosta,Junior Lozano
CEV-184,-8.095959862816352,-79.00553673411972,Puntos_Paraderos,183,Alfonso Castillo,Junior Lozano
CEV-185,-8.09911140969774,-79.00820323672463,Puntos_Paraderos,184,Brando Acosta,Junior Lozano
CEV-186,-8.101761377094395,-79.01040628751693,Puntos_Paraderos,185,Brando Acosta,Junior Lozano
CEV-187,-8.089378542336428,-78.9996425837275,Puntos_Paraderos,186,Brando Acosta,Junior Lozano
CEV-188,-8.092977420349923,-79.00266275063312,Puntos_Paraderos,187,Alfonso Castillo,Junior Lozano
CEV-189,-8.08905689773269,-78.9997599263881,Puntos_Paraderos,188,Brando Acosta,Junior Lozano
CEV-190,-8.090863308116655,-79.002788812651,Puntos_Paraderos,189,Alfonso Castillo,Junior Lozano
CEV-191,-8.092525790230082,-79.0038956117434,Puntos_Paraderos,190,Alfonso Castillo,Junior Lozano
CHCH-526,-8.089920933677075,-78.99369008388024,Puntos_Paraderos,525,Brando Acosta,Junior Lozano
CONT-377,-8.118266254196195,-79.00540195554525,Puntos_Paraderos,376,Angela Malca,Junior Lozano
CONT-378,-8.118538484986873,-79.00588960034847,Puntos_Paraderos,377,Anthony Alvarado,Junior Lozano
CONT-379,-8.119706431797981,-79.00635950036795,Puntos_Paraderos,378,Anthony Alvarado,Junior Lozano
CONT-380,-8.120002170273763,-79.00695864252728,Puntos_Paraderos,379,Anthony Alvarado,Junior Lozano
CONT-381,-8.120870789441597,-79.00790546129237,Puntos_Paraderos,380,Anthony Alvarado,Junior Lozano
CONT-382,-8.12077784918512,-79.00863904442888,Puntos_Paraderos,381,Anthony Alvarado,Junior Lozano
CONT-383,-8.121657752491055,-79.00957571654614,Puntos_Paraderos,382,Anthony Alvarado,Junior Lozano
CORT-457,-8.09659926896314,-79.05561314012988,Puntos_Paraderos,456,Brando Acosta,Junior Lozano
COSR-332,-8.122104992505026,-79.02814440177877,Puntos_Paraderos,331,Monica Velasquez,Junior Lozano
COSR-333,-8.125082900737027,-79.03031920884747,Puntos_Paraderos,332,Chris Larco,Junior Lozano
COSR-334,-8.122055065882252,-79.0283240896964,Puntos_Paraderos,333,Chris Larco,Junior Lozano
COSR-335,-8.126125776538728,-79.03032128859451,Puntos_Paraderos,334,Gustavo Sevillano,Junior Lozano
COSR-336,-8.119740628296173,-79.0265008826922,Puntos_Paraderos,335,Gustavo Sevillano,Junior Lozano
COSR-337,-8.119353640441902,-79.02605933666251,Puntos_Paraderos,336,Gustavo Sevillano,Junior Lozano
COVIC-428,-8.111834418638303,-79.0470568893752,Puntos_Paraderos,427,Piero Guevara,Junior Lozano
COVIC-429,-8.11182513158458,-79.04496087056027,Puntos_Paraderos,428,Piero Guevara,Junior Lozano
COVIC-430,-8.110736840048078,-79.04458285444217,Puntos_Paraderos,429,Piero Guevara,Junior Lozano
COVIC-431,-8.109099614626327,-79.04559518810602,Puntos_Paraderos,430,Piero Guevara,Junior Lozano
COVIC-432,-8.109148135870392,-79.04427289310738,Puntos_Paraderos,431,Piero Guevara,Junior Lozano
COVIC-433,-8.108086500243024,-79.04392783567229,Puntos_Paraderos,432,Piero Guevara,Junior Lozano
COVIC-434,-8.113836806822032,-79.04655307286575,Puntos_Paraderos,433,Piero Guevara,Junior Lozano
CRIS-488,-8.09454448963887,-79.04255424055134,Puntos_Paraderos,487,Brando Acosta,Junior Lozano
CRIS-489,-8.092052346742022,-79.04200368282558,Puntos_Paraderos,488,Brando Acosta,Junior Lozano
CTC-475,-8.104700605473532,-79.0041507065269,Puntos_Paraderos,474,Alfonso Castillo,Junior Lozano
CTC-476,-8.102770099532906,-79.0029400417864,Puntos_Paraderos,475,Alfonso Castillo,Junior Lozano
CTC-477,-8.102780064104909,-79.00312877829212,Puntos_Paraderos,476,Alfonso Castillo,Junior Lozano
DQS-517,-8.10295167757984,-79.00383286467797,Puntos_Paraderos,516,Anthony Alvarado,Junior Lozano
EGR-248,-8.12138622994812,-79.007177060631,Puntos_Paraderos,247,Anthony Alvarado,Junior Lozano
EGR-249,-8.120853196505179,-79.00742903010097,Puntos_Paraderos,248,Anthony Alvarado,Junior Lozano
EGR-250,-8.1203865224046,-79.00846671178775,Puntos_Paraderos,249,Anthony Alvarado,Junior Lozano
EGR-251,-8.11984815750526,-79.00876745719147,Puntos_Paraderos,250,Anthony Alvarado,Junior Lozano
EGR-252,-8.118924439492549,-79.0102077988687,Puntos_Paraderos,251,Anthony Alvarado,Junior Lozano
EGR-253,-8.118618416674549,-79.01029799184536,Puntos_Paraderos,252,Anthony Alvarado,Junior Lozano
EGR-254,-8.117611714148712,-79.01165015725023,Puntos_Paraderos,253,Angela Malca,Junior Lozano
EGR-255,-8.117319287680834,-79.0116183113281,Puntos_Paraderos,254,Angela Malca,Junior Lozano
EGR-256,-8.116405518755435,-79.01283468858011,Puntos_Paraderos,255,Anthony Alvarado,Junior Lozano
EGR-257,-8.116190436607166,-79.01287056338249,Puntos_Paraderos,256,Anthony Alvarado,Junior Lozano
EGR-258,-8.115403130471849,-79.01458449932208,Puntos_Paraderos,257,Anthony Alvarado,Junior Lozano
EGR-259,-8.115082162966573,-79.01464149496293,Puntos_Paraderos,258,Anthony Alvarado,Junior Lozano
EGR-260,-8.114668923552026,-79.01552226080891,Puntos_Paraderos,259,Anthony Alvarado,Junior Lozano
EGR-261,-8.11387762994138,-79.01633497278675,Puntos_Paraderos,260,Anthony Alvarado,Junior Lozano
EGR-262,-8.113277089237227,-79.0171934023009,Puntos_Paraderos,261,Anthony Alvarado,Junior Lozano
EGR-263,-8.111385722310798,-79.01943847020428,Puntos_Paraderos,262,Anthony Alvarado,Junior Lozano
EGR-264,-8.111320100606521,-79.0193179744157,Puntos_Paraderos,263,Anthony Alvarado,Junior Lozano
EGR-265,-8.109236703501589,-79.02112237896706,Puntos_Paraderos,264,Brando Acosta,Junior Lozano
EGR-266,-8.109144237157194,-79.02102140988232,Puntos_Paraderos,265,Brando Acosta,Junior Lozano
EJER-409,-8.097623853056376,-79.01824176610688,Puntos_Paraderos,408,Brando Acosta,Junior Lozano
EJER-410,-8.099841818213305,-79.01932966033182,Puntos_Paraderos,409,Brando Acosta,Junior Lozano
EJER-411,-8.101564214385135,-79.02080722179673,Puntos_Paraderos,410,Brando Acosta,Junior Lozano
ESP-1,-8.111157540903863,-79.03279300754362,Puntos_Paraderos,0,Angela Malca,Junior Lozano
ESP-10,-8.107279013303891,-79.02207456802454,Puntos_Paraderos,9,Angela Malca,Junior Lozano
ESP-11,-8.107067902732153,-79.0225362392202,Puntos_Paraderos,10,Angela Malca,Junior Lozano
ESP-12,-8.105760111376734,-79.02391490008478,Puntos_Paraderos,11,Angela Malca,Junior Lozano
ESP-13,-8.105637637165461,-79.02454420607502,Puntos_Paraderos,12,Angela Malca,Junior Lozano
ESP-14,-8.105614731016711,-79.02755566076272,Puntos_Paraderos,13,Angela Malca,Junior Lozano
ESP-15,-8.105874958957706,-79.02779336682703,Puntos_Paraderos,14,Angela Malca,Junior Lozano
ESP-2,-8.112958605291801,-79.03269950781224,Puntos_Paraderos,1,Angela Malca,Junior Lozano
ESP-3,-8.115472165379344,-79.03130605863205,Puntos_Paraderos,2,Angela Malca,Junior Lozano
ESP-4,-8.116218323095913,-79.03042662529191,Puntos_Paraderos,3,Angela Malca,Junior Lozano
ESP-5,-8.114449198646046,-79.03237257310606,Puntos_Paraderos,4,Angela Malca,Junior Lozano
ESP-6,-8.116416807992143,-79.02883808777436,Puntos_Paraderos,5,Angela Malca,Junior Lozano
ESP-7,-8.116501781092737,-79.02828991335447,Puntos_Paraderos,6,Angela Malca,Junior Lozano
ESP-8,-8.108261836940779,-79.0216366924559,Puntos_Paraderos,7,Angela Malca,Junior Lozano
ESP-9,-8.107882118390009,-79.02196090992871,Puntos_Paraderos,8,Angela Malca,Junior Lozano
ESPIN-508,-8.093382055230236,-79.04332537379393,Puntos_Paraderos,507,Brando Acosta,Junior Lozano
ESPIN-509,-8.095807177113057,-79.04383532374364,Puntos_Paraderos,508,Brando Acosta,Junior Lozano
EV-539,-8.121105159270424,-79.00579490586895,Puntos_Paraderos,538,Gustavo Sevillano,Junior Lozano
EV-540,-8.116904380160582,-79.00263957640432,Puntos_Paraderos,539,Gustavo Sevillano,Junior Lozano
EV-541,-8.114325976933198,-79.00071916548782,Puntos_Paraderos,540,Gustavo Sevillano,Junior Lozano
EV-542,-8.11031686570745,-78.99746549314989,Puntos_Paraderos,541,Gustavo Sevillano,Junior Lozano
EV-543,-8.110186096588437,-78.99748876495723,Puntos_Paraderos,542,Gustavo Sevillano,Junior Lozano
EV-544,-8.114188554820624,-79.00072237595843,Puntos_Paraderos,543,Gustavo Sevillano,Junior Lozano
EV-545,-8.12115027454816,-79.00566860242444,Puntos_Paraderos,544,Gustavo Sevillano,Junior Lozano
EV-546,-8.116678928574183,-79.00261966210454,Puntos_Paraderos,545,Gustavo Sevillano,Junior Lozano
FERMO-481,-8.119455110553107,-79.01758711927725,Puntos_Paraderos,480,Anthony Alvarado,Junior Lozano
FERMO-482,-8.120464163566051,-79.01596537357152,Puntos_Paraderos,481,Anthony Alvarado,Junior Lozano
FERMO-483,-8.120542275374895,-79.01599770328775,Puntos_Paraderos,482,Angela Malca,Junior Lozano
FERMO-484,-8.121310710603385,-79.01449386102202,Puntos_Paraderos,483,Piero Guevara,Junior Lozano
FERMO-485,-8.121440007961764,-79.01468541411852,Puntos_Paraderos,484,Anthony Alvarado,Junior Lozano
FERMO-486,-8.122094885298718,-79.01379492476183,Puntos_Paraderos,485,Angela Malca,Junior Lozano
FEVI-211,-8.10188220032884,-79.00318410545437,Puntos_Paraderos,210,Alfonso Castillo,Junior Lozano
FEVI-212,-8.101939620822488,-79.0032481386838,Puntos_Paraderos,211,Alfonso Castillo,Junior Lozano
FEVI-213,-8.099066609531256,-79.00692311382917,Puntos_Paraderos,212,Alfonso Castillo,Junior Lozano
FEVI-214,-8.09348727566892,-79.02680397457455,Puntos_Paraderos,213,Piero Guevara,Junior Lozano
FEVI-215,-8.093419592675781,-79.027154131648,Puntos_Paraderos,214,Piero Guevara,Junior Lozano
FEVI-216,-8.09280299023681,-79.02396583767795,Puntos_Paraderos,215,Piero Guevara,Junior Lozano
FEVI-217,-8.092843321500585,-79.0236339300404,Puntos_Paraderos,216,Piero Guevara,Junior Lozano
FEVI-218,-8.092119365987681,-79.01988421013398,Puntos_Paraderos,217,Piero Guevara,Junior Lozano
FEVI-219,-8.092267423912737,-79.01992067031155,Puntos_Paraderos,218,Piero Guevara,Junior Lozano
FEVI-220,-8.092869156483225,-79.01776951236802,Puntos_Paraderos,219,Piero Guevara,Junior Lozano
FEVI-221,-8.093457741615202,-79.01615233314547,Puntos_Paraderos,220,Piero Guevara,Junior Lozano
FEVI-222,-8.09417218800203,-79.01530123178772,Puntos_Paraderos,221,Piero Guevara,Junior Lozano
FEVI-223,-8.094983656785251,-79.01383615890094,Puntos_Paraderos,222,Piero Guevara,Junior Lozano
FEVI-224,-8.09559674533677,-79.01313526085664,Puntos_Paraderos,223,Piero Guevara,Junior Lozano
FEVI-225,-8.096556538543664,-79.0112736511372,Puntos_Paraderos,224,Piero Guevara,Junior Lozano
FEVI-226,-8.097167792697672,-79.01064460105367,Puntos_Paraderos,225,Piero Guevara,Junior Lozano
FEVI-227,-8.106669560387157,-78.9994892697516,Puntos_Paraderos,226,Gustavo Sevillano,Junior Lozano
FEVI-228,-8.108361971708712,-78.99724961418943,Puntos_Paraderos,227,Gustavo Sevillano,Junior Lozano
FEVI-229,-8.10645361404721,-78.9994737997669,Puntos_Paraderos,228,Gustavo Sevillano,Junior Lozano
FEVI-230,-8.108174674974856,-78.99711666360149,Puntos_Paraderos,229,Gustavo Sevillano,Junior Lozano
FRAZ-422,-8.115265679182626,-79.01835802195403,Puntos_Paraderos,421,Cristopher Gómez,Junior Lozano
GPRA-420,-8.120353334236297,-79.0192133161398,Puntos_Paraderos,419,Angela Malca,Junior Lozano
GPRA-421,-8.11740990867557,-79.02012158379448,Puntos_Paraderos,420,Angela Malca,Junior Lozano
GUZBA-459,-8.106212530856482,-79.00597293292567,Puntos_Paraderos,458,Alfonso Castillo,Junior Lozano
GUZBA-460,-8.106363224299528,-79.0063226238459,Puntos_Paraderos,459,Alfonso Castillo,Junior Lozano
GUZBA-461,-8.107095117873506,-79.01288565425577,Puntos_Paraderos,460,Brando Acosta,Junior Lozano
HDY-538,-8.091667927323298,-78.99345874462678,Puntos_Paraderos,537,Alfonso Castillo,Junior Lozano
HOND-313,-8.103419156072414,-79.00256491122481,Puntos_Paraderos,312,Piero Guevara,Junior Lozano
HOND-314,-8.103488737478143,-79.00296516320877,Puntos_Paraderos,313,Piero Guevara,Junior Lozano
HOND-315,-8.10659092740667,-79.00383084956952,Puntos_Paraderos,314,Piero Guevara,Junior Lozano
HOND-316,-8.106661921116912,-79.00357267757428,Puntos_Paraderos,315,Piero Guevara,Junior Lozano
HOND-317,-8.108991204824683,-79.0032359248851,Puntos_Paraderos,316,Piero Guevara,Junior Lozano
HOND-318,-8.10896751246898,-79.00343556205439,Puntos_Paraderos,317,Piero Guevara,Junior Lozano
HSJ-231,-8.125304139493709,-79.03561268016223,Puntos_Paraderos,230,Brando Acosta,Junior Lozano
HSJ-232,-8.125252026508747,-79.03536289718136,Puntos_Paraderos,231,Brando Acosta,Junior Lozano
HSJ-233,-8.122920687780931,-79.03467390262108,Puntos_Paraderos,232,Brando Acosta,Junior Lozano
HSJ-234,-8.12225686163589,-79.034187088052,Puntos_Paraderos,233,Brando Acosta,Junior Lozano
HSJ-235,-8.120072861703107,-79.0334940733827,Puntos_Paraderos,234,Brando Acosta,Junior Lozano
HSJ-236,-8.11988234800898,-79.0331822621838,Puntos_Paraderos,235,Brando Acosta,Junior Lozano
HUALL-510,-8.103276458419504,-79.02144684264609,Puntos_Paraderos,509,Brando Acosta,Junior Lozano
HUALL-511,-8.106451187675393,-79.01711717077839,Puntos_Paraderos,510,Brando Acosta,Junior Lozano
HUAS-443,-8.091732322144447,-78.99586099987634,Puntos_Paraderos,442,Alfonso Castillo,Junior Lozano
HUAS-444,-8.09019267182634,-78.99537256405335,Puntos_Paraderos,443,Alfonso Castillo,Junior Lozano
HUAY-494,-8.119807669552044,-79.02081426181266,Puntos_Paraderos,493,Angela Malca,Junior Lozano
HUAY-495,-8.117331572276239,-79.02206048761593,Puntos_Paraderos,494,Angela Malca,Junior Lozano
IN-167,-8.117565022047078,-79.02423125181582,Puntos_Paraderos,166,Gustavo Sevillano,Junior Lozano
IN-168,-8.117219168817817,-79.02412730951005,Puntos_Paraderos,167,Gustavo Sevillano,Junior Lozano
IN-169,-8.115362842373305,-79.02210740551274,Puntos_Paraderos,168,Gustavo Sevillano,Junior Lozano
IN-170,-8.115047145879457,-79.02201614527674,Puntos_Paraderos,169,Gustavo Sevillano,Junior Lozano
IN-171,-8.113093271454696,-79.0201808417875,Puntos_Paraderos,170,Gustavo Sevillano,Junior Lozano
JEN-140,-8.11292535145817,-79.0342058646311,Puntos_Paraderos,139,Cristopher Gómez,Junior Lozano
JEN-141,-8.111255654141887,-79.03640683260753,Puntos_Paraderos,140,Cristopher Gómez,Junior Lozano
JEN-142,-8.110903620926642,-79.03663727768085,Puntos_Paraderos,141,Cristopher Gómez,Junior Lozano
JEN-143,-8.109528460990777,-79.03890811124936,Puntos_Paraderos,142,Cristopher Gómez,Junior Lozano
JEN-144,-8.109394939005654,-79.03969050965942,Puntos_Paraderos,143,Cristopher Gómez,Junior Lozano
JEN-145,-8.108616698860361,-79.04134515077442,Puntos_Paraderos,144,Cristopher Gómez,Junior Lozano
JEN-146,-8.108478003218725,-79.04219209110443,Puntos_Paraderos,145,Cristopher Gómez,Junior Lozano
JEN-147,-8.107820448545953,-79.043575386382,Puntos_Paraderos,146,Cristopher Gómez,Junior Lozano
JEN-148,-8.107603297244173,-79.04465075947302,Puntos_Paraderos,147,Cristopher Gómez,Junior Lozano
JEN-149,-8.107005746551557,-79.04604613355767,Puntos_Paraderos,148,Cristopher Gómez,Junior Lozano
JEN-150,-8.102341919770081,-79.05123393213593,Puntos_Paraderos,149,Cristopher Gómez,Junior Lozano
JOIN-464,-8.126935204390959,-79.02074988683836,Puntos_Paraderos,463,Piero Guevara,Junior Lozano
JOIN-465,-8.125170043335693,-79.01913822093154,Puntos_Paraderos,464,Piero Guevara,Junior Lozano
JOIN-466,-8.122431776759466,-79.0148852392597,Puntos_Paraderos,465,Anthony Alvarado,Junior Lozano
JOIN-467,-8.123682756637765,-79.01627831571584,Puntos_Paraderos,466,Anthony Alvarado,Junior Lozano
JOIN-468,-8.124413289314505,-79.01805055270073,Puntos_Paraderos,467,Anthony Alvarado,Junior Lozano
JOSA-520,-8.109998128537233,-79.01993483541312,Puntos_Paraderos,519,Brando Acosta,Junior Lozano
JPT-127,-8.115994941329067,-79.03754856270656,Puntos_Paraderos,126,Angela Malca,Junior Lozano
JPT-128,-8.115514988636031,-79.03680056449497,Puntos_Paraderos,127,Angela Malca,Junior Lozano
JPT-129,-8.1135319783798,-79.03503768885624,Puntos_Paraderos,128,Angela Malca,Junior Lozano
JPT-130,-8.118037368381906,-79.03897557349283,Puntos_Paraderos,129,Angela Malca,Junior Lozano
JPT-131,-8.117924047457054,-79.03918202975038,Puntos_Paraderos,130,Angela Malca,Junior Lozano
JPT-132,-8.123317320925675,-79.04384739267668,Puntos_Paraderos,131,Angela Malca,Junior Lozano
JPT-133,-8.120495394651451,-79.04142133988941,Puntos_Paraderos,132,Angela Malca,Junior Lozano
JPT-134,-8.12064475048898,-79.04126912189702,Puntos_Paraderos,133,Angela Malca,Junior Lozano
JPT-135,-8.12343716757345,-79.04363457917816,Puntos_Paraderos,134,Angela Malca,Junior Lozano
JPT-136,-8.125770264822329,-79.04563197343043,Puntos_Paraderos,135,Angela Malca,Junior Lozano
JPT-137,-8.111732755846294,-79.0336570111902,Puntos_Paraderos,136,Angela Malca,Junior Lozano
JPT-138,-8.112164587752765,-79.03425280764091,Puntos_Paraderos,137,Angela Malca,Junior Lozano
JPT-139,-8.113598819682144,-79.03546049326494,Puntos_Paraderos,138,Angela Malca,Junior Lozano
JUL-435,-8.119551756559487,-79.02644093242374,Puntos_Paraderos,434,Darwin Agreda,Junior Lozano
JUL-436,-8.117587809085263,-79.0288675945266,Puntos_Paraderos,435,Darwin Agreda,Junior Lozano
JUL-437,-8.120033947960323,-79.02562080495754,Puntos_Paraderos,436,Darwin Agreda,Junior Lozano
JUL-438,-8.120796443441943,-79.02500789695443,Puntos_Paraderos,437,Darwin Agreda,Junior Lozano
JUL-439,-8.118235596687914,-79.02775415057204,Puntos_Paraderos,438,Darwin Agreda,Junior Lozano
JUL-440,-8.118449802500148,-79.02776252190114,Puntos_Paraderos,439,Darwin Agreda,Junior Lozano
JUN-283,-8.10785630361905,-79.02121326921379,Puntos_Paraderos,282,Angela Malca,Junior Lozano
JUN-284,-8.105815272167945,-79.01877446200966,Puntos_Paraderos,283,Angela Malca,Junior Lozano
JUN-285,-8.104033513172185,-79.01724759641237,Puntos_Paraderos,284,Angela Malca,Junior Lozano
JUN-286,-8.102107644323285,-79.01518095253547,Puntos_Paraderos,285,Angela Malca,Junior Lozano
LAM-412,-8.126894654065964,-79.02211614063948,Puntos_Paraderos,411,Angela Malca,Junior Lozano
LAM-413,-8.12659327559896,-79.02234982590006,Puntos_Paraderos,412,Angela Malca,Junior Lozano
LAM-414,-8.124376781827053,-79.0228416804478,Puntos_Paraderos,413,Angela Malca,Junior Lozano
LAM-415,-8.124744874560749,-79.02292516448132,Puntos_Paraderos,414,Angela Malca,Junior Lozano
LAM-416,-8.129276754992103,-79.0213849033977,Puntos_Paraderos,415,Angela Malca,Junior Lozano
LAM-417,-8.129316587808114,-79.02151331463695,Puntos_Paraderos,416,Angela Malca,Junior Lozano
LIVP-514,-8.103974772738283,-79.04280445663557,Puntos_Paraderos,513,Brando Acosta,Junior Lozano
LUSE-500,-8.103083454400998,-79.00859278092238,Puntos_Paraderos,499,Alfonso Castillo,Junior Lozano
LUSE-501,-8.103079467297713,-79.00865748919986,Puntos_Paraderos,500,Alfonso Castillo,Junior Lozano
MAN-512,-8.101795894278965,-79.02123470024284,Puntos_Paraderos,511,Brando Acosta,Junior Lozano
MANT-100,-8.103936334018858,-79.03734747799294,Puntos_Paraderos,99,Anthony Alvarado,Junior Lozano
MANT-101,-8.102650057712449,-79.03985222762007,Puntos_Paraderos,100,Anthony Alvarado,Junior Lozano
MANT-102,-8.102827347563213,-79.03928976296328,Puntos_Paraderos,101,Andrea Jimenez,Junior Lozano
MANT-103,-8.104271405825923,-79.03643679288575,Puntos_Paraderos,102,Andrea Jimenez,Junior Lozano
MANT-104,-8.100805701888435,-79.0519868773742,Puntos_Paraderos,103,Gustavo Sevillano,Junior Lozano
MANT-105,-8.101197180608862,-79.04586810405563,Puntos_Paraderos,104,Gustavo Sevillano,Junior Lozano
MANT-106,-8.101138227566388,-79.0459359358116,Puntos_Paraderos,105,Gustavo Sevillano,Junior Lozano
MANT-107,-8.102064923903162,-79.04130018678897,Puntos_Paraderos,106,Gustavo Sevillano,Junior Lozano
MANT-108,-8.101828490079411,-79.04319638298934,Puntos_Paraderos,107,Gustavo Sevillano,junior Lozano
MANT-109,-8.101625094399843,-79.04367026945685,Puntos_Paraderos,108,Chris Larco,Junior Lozano
MANT-110,-8.10071046095948,-79.0510691670251,Puntos_Paraderos,109,Gustavo Sevillano,junior Lozano
MANT-111,-8.100886403666987,-79.04907756689802,Puntos_Paraderos,110,Gustavo Sevillano,junior Lozano
MANT-112,-8.100868799383191,-79.05354039418275,Puntos_Paraderos,111,Gustavo Sevillano,junior Lozano
MANT-113,-8.10097180108139,-79.05510830848858,Puntos_Paraderos,112,Chris Larco,Junior Lozano
MANT-114,-8.100727506920926,-79.04880691808907,Puntos_Paraderos,113,Chris Larco,Junior Lozano
MARVA-518,-8.128106784635508,-79.0205299503815,Puntos_Paraderos,517,Piero Guevara,Junior Lozano
MAVE-351,-8.101313451837282,-79.03519467743273,Puntos_Paraderos,350,Piero Guevara,Junior Lozano
MAVE-352,-8.102307734711902,-79.03440602261357,Puntos_Paraderos,351,Piero Guevara,Junior Lozano
MAVE-353,-8.102630405511896,-79.03348400691297,Puntos_Paraderos,352,Piero Guevara,Junior Lozano
MAVE-354,-8.103344378551446,-79.03249496384132,Puntos_Paraderos,353,Angela Malca,Junior Lozano
MAVE-355,-8.104042953418823,-79.0312458547933,Puntos_Paraderos,354,Angela Malca,Junior Lozano
MAVE-356,-8.104943592320849,-79.0305990220683,Puntos_Paraderos,355,Angela Malca,Junior Lozano
MAVE-357,-8.106062932201262,-79.02939466674738,Puntos_Paraderos,356,Angela Malca,Junior Lozano
MAVE-358,-8.105879331983898,-79.02928434222069,Puntos_Paraderos,357,Angela Malca,Junior Lozano
MEI-392,-8.091216826823114,-79.04486831645428,Puntos_Paraderos,391,Claudia Alvarado,Junior Lozano
MEI-393,-8.091276573448349,-79.04258675456825,Puntos_Paraderos,392,Claudia Alvarado,Junior Lozano
MEI-394,-8.091099821130737,-79.04245030327898,Puntos_Paraderos,393,Claudia Alvarado,Junior Lozano
MEI-395,-8.09100414221566,-79.04475322802013,Puntos_Paraderos,394,Claudia Alvarado,Junior Lozano
MEI-396,-8.090889533276767,-79.04762998490156,Puntos_Paraderos,395,Claudia Alvarado,Junior Lozano
MEI-397,-8.09081119836902,-79.05026760219664,Puntos_Paraderos,396,Claudia Alvarado,Junior Lozano
MEI-398,-8.090959480771883,-79.05199714554081,Puntos_Paraderos,397,Claudia Alvarado,Junior Lozano
MEI-399,-8.091090235623536,-79.04834388211847,Puntos_Paraderos,398,Claudia Alvarado,Junior Lozano
MEII-386,-8.099033901692705,-79.04895700079014,Puntos_Paraderos,385,Claudia Alvarado,Junior Lozano
MEII-387,-8.098495169785746,-79.0486180410562,Puntos_Paraderos,386,Claudia Alvarado,Junior Lozano
MEII-388,-8.097219913425844,-79.04849835116343,Puntos_Paraderos,387,Claudia Alvarado,Junior Lozano
MEII-389,-8.096423249868666,-79.04813692237151,Puntos_Paraderos,388,Claudia Alvarado,Junior Lozano
MEII-390,-8.093079661490625,-79.04803097528779,Puntos_Paraderos,389,Claudia Alvarado,Junior Lozano
MEII-391,-8.093366120523875,-79.04785026236995,Puntos_Paraderos,390,Claudia Alvarado,Junior Lozano
MI-503,-8.127754960683337,-79.01895179907032,Puntos_Paraderos,502,Piero Guevara,Junior Lozano
MI-504,-8.129756689132417,-79.02103654816909,Puntos_Paraderos,503,Piero Guevara,Junior Lozano
MI-505,-8.129317772892835,-79.02040506678439,Puntos_Paraderos,504,Piero Guevara,Junior Lozano
MM-516,-8.10813272077039,-79.01402592289841,Puntos_Paraderos,515,Brando Acosta,Junior Lozano
MO-418,-8.122423797452454,-79.02346291021783,Puntos_Paraderos,417,Angela Malca,Junior Lozano
MO-419,-8.122560585911007,-79.02360797332474,Puntos_Paraderos,418,Piero Guevara,Junior Lozano
MR-536,-8.129298455616937,-79.02076370099549,Puntos_Paraderos,535,Piero Guevara,Junior Lozano
MRFT-151,-8.085887179101768,-79.01473164113787,Puntos_Paraderos,150,Cristopher Gómez,Junior Lozano
MRFT-152,-8.087667724748929,-79.01535898077373,Puntos_Paraderos,151,Cristopher Gómez,Junior Lozano
MRFT-153,-8.087977723505082,-79.01582767746747,Puntos_Paraderos,152,Cristopher Gómez,Junior Lozano
MRFT-154,-8.090294033284763,-79.01671584970451,Puntos_Paraderos,153,Cristopher Gómez,Junior Lozano
MRFT-155,-8.090903471307605,-79.01731833858476,Puntos_Paraderos,154,Cristopher Gómez,Junior Lozano
MRFT-156,-8.09299269071651,-79.01824034363196,Puntos_Paraderos,155,Cristopher Gómez,Junior Lozano
MRFT-157,-8.093147370919583,-79.01844352853303,Puntos_Paraderos,156,Cristopher Gómez,Junior Lozano
MRFT-158,-8.095218653617971,-79.01900779232462,Puntos_Paraderos,157,Cristopher Gómez,Junior Lozano
MRFT-159,-8.09583107023397,-79.01952009797384,Puntos_Paraderos,158,Anthony Alvarado,Junior Lozano
MRFT-160,-8.097972644449117,-79.0202265184093,Puntos_Paraderos,159,Anthony Alvarado,Junior Lozano
MRFT-161,-8.09822539693071,-79.0205477907252,Puntos_Paraderos,160,Anthony Alvarado,Junior Lozano
MRFT-162,-8.10043298733711,-79.02155126784554,Puntos_Paraderos,161,Anthony Alvarado,Junior Lozano
MRFT-163,-8.100837280258222,-79.0220679102546,Puntos_Paraderos,162,Anthony Alvarado,Junior Lozano
MRFT-164,-8.102700375530713,-79.02346199658898,Puntos_Paraderos,163,Anthony Alvarado,Junior Lozano
MRFT-165,-8.102952670066784,-79.02373753805652,Puntos_Paraderos,164,Anthony Alvarado,Junior Lozano
MRFT-166,-8.104683355970552,-79.02500047401813,Puntos_Paraderos,165,Anthony Alvarado,Junior Lozano
NA-527,-8.106955385739901,-79.03486352236465,Puntos_Paraderos,526,Piero Guevara,Junior Lozano
NPT-196,-8.103076676058759,-79.03520966350197,Puntos_Paraderos,195,Gustavo Sevillano,Junior Lozano
NPT-197,-8.103497818868442,-79.03534041943408,Puntos_Paraderos,196,Gustavo Sevillano,Junior Lozano
NPT-198,-8.101716423037482,-79.03585458523476,Puntos_Paraderos,197,Andres Cucho,Junior Lozano
NPT-199,-8.101080809700113,-79.03643972706392,Puntos_Paraderos,198,Andres Cucho,Junior Lozano
NPT-200,-8.096814940425327,-79.03836328221183,Puntos_Paraderos,199,Gustavo Sevillano,Junior Lozano
NPT-201,-8.09201045377985,-79.04051135015571,Puntos_Paraderos,200,Gustavo Sevillano,Junior Lozano
NPT-202,-8.094129908850556,-79.0395749763371,Puntos_Paraderos,201,Alfonso Castillo,Junior Lozano
NPT-203,-8.093748573101315,-79.03953861160487,Puntos_Paraderos,202,Gustavo Sevillano,Junior Lozano
NPT-204,-8.099443618797439,-79.0371447295226,Puntos_Paraderos,203,Gustavo Sevillano,Junior Lozano
NPT-205,-8.09124951557719,-79.04069812382775,Puntos_Paraderos,204,Gustavo Sevillano,Junior Lozano
NPT-206,-8.095983808802067,-79.03850545465879,Puntos_Paraderos,205,Gustavo Sevillano,Junior Lozano
NPT-207,-8.09848382275919,-79.03741592820246,Puntos_Paraderos,206,Gustavo Sevillano,Junior Lozano
NPT-208,-8.086861494662067,-79.04269160623366,Puntos_Paraderos,207,Gustavo Sevillano,Junior Lozano
NPT-209,-8.089316448761043,-79.04154943647494,Puntos_Paraderos,208,Gustavo Sevillano,Junior Lozano
NPT-210,-8.088164637395238,-79.04221694919401,Puntos_Paraderos,209,Alfonso Castillo,Junior Lozano
PACALS-87,-8.094367224712277,-79.03784528471728,Puntos_Paraderos,86,Anthony Alvarado,Junior Lozano
PACALS-88,-8.093208435308291,-79.03598756425676,Puntos_Paraderos,87,Anthony Alvarado,Junior Lozano
PACALS-89,-8.094299680195567,-79.0382243983212,Puntos_Paraderos,88,Anthony Alvarado,Junior Lozano
PACALS-90,-8.092914352330745,-79.0359181322543,Puntos_Paraderos,89,Angela Malca,Junior Lozano
PCVT-192,-8.127425866624723,-79.03019810573304,Puntos_Paraderos,191,Gustavo Sevillano,Junior Lozano
PCVT-193,-8.127166122956393,-79.03045625951724,Puntos_Paraderos,192,Chris Larco,Junior Lozano
PCVT-194,-8.13104244442577,-79.03317174807418,Puntos_Paraderos,193,Chris Larco,Junior Lozano
PCVT-195,-8.130929811817769,-79.03288247569203,Puntos_Paraderos,194,Gustavo Sevillano,Junior Lozano
PE-237,-8.106548768666652,-79.02141038392135,Puntos_Paraderos,236,Brando Acosta,Junior Lozano
PE-238,-8.106244729777185,-79.02135539940525,Puntos_Paraderos,237,Brando Acosta,Junior Lozano
PE-239,-8.104714878764824,-79.01947181745722,Puntos_Paraderos,238,Brando Acosta,Junior Lozano
PE-240,-8.104274935030265,-79.01934005535834,Puntos_Paraderos,239,Brando Acosta,Junior Lozano
PE-241,-8.102961631461191,-79.01764657634833,Puntos_Paraderos,240,Brando Acosta,Junior Lozano
PE-242,-8.10237478651502,-79.01731096419032,Puntos_Paraderos,241,Brando Acosta,Junior Lozano
PE-243,-8.100981343854592,-79.01557825059034,Puntos_Paraderos,242,Brando Acosta,Junior Lozano
PE-244,-8.100507178299653,-79.01531554218745,Puntos_Paraderos,243,Brando Acosta,Junior Lozano
PE-245,-8.099314046910184,-79.01383951712717,Puntos_Paraderos,244,Brando Acosta,Junior Lozano
PE-246,-8.097709027881505,-79.01238731116985,Puntos_Paraderos,245,Brando Acosta,Junior Lozano
PE-247,-8.097184912065504,-79.0117809217789,Puntos_Paraderos,246,Brando Acosta,Junior Lozano
PEMU-341,-8.108725203844793,-79.03541553435835,Puntos_Paraderos,340,Darwin Agreda,Junior Lozano
PEMU-342,-8.107856557297614,-79.03703760307008,Puntos_Paraderos,341,Darwin Agreda,Junior Lozano
PEMU-343,-8.1063263827281,-79.04142905399753,Puntos_Paraderos,342,Darwin Agreda,Junior Lozano
PEMU-344,-8.107097443962274,-79.0392155582395,Puntos_Paraderos,343,Darwin Agreda,Junior Lozano
PEMU-345,-8.106146813004244,-79.04390070582953,Puntos_Paraderos,344,Darwin Agreda,Junior Lozano
PESQT-404,-8.09250138790664,-79.00050890837561,Puntos_Paraderos,403,Alfonso Castillo,Junior Lozano
PESQT-405,-8.093101124418354,-78.99981720141294,Puntos_Paraderos,404,Alfonso Castillo,Junior Lozano
PESQT-406,-8.093504867130962,-78.99689868173888,Puntos_Paraderos,405,Alfonso Castillo,Junior Lozano
PESQT-407,-8.093634324106304,-78.9966116825359,Puntos_Paraderos,406,Alfonso Castillo,Junior Lozano
PESQT-408,-8.089985991405921,-79.00585558243753,Puntos_Paraderos,407,Alfonso Castillo,Junior Lozano
PFRAZ-423,-8.117602216323425,-79.0150698823607,Puntos_Paraderos,422,Cristopher Gómez,Junior Lozano
PFRAZ-424,-8.121372642363447,-79.01032615097742,Puntos_Paraderos,423,Cristopher Gómez,Junior Lozano
PFRAZ-425,-8.121177924481646,-79.01097130484574,Puntos_Paraderos,424,Cristopher Gómez,Junior Lozano
PFRAZ-426,-8.120175783090732,-79.01165291827922,Puntos_Paraderos,425,Cristopher Gómez,Junior Lozano
PFRAZ-427,-8.118820880231599,-79.01310090190633,Puntos_Paraderos,426,Cristopher Gómez,Junior Lozano
PLAT-513,-8.104647167346316,-79.0072677622457,Puntos_Paraderos,512,Alfonso Castillo,Junior Lozano
PLUN-287,-8.100051603983799,-79.01288525135958,Puntos_Paraderos,286,Angela Malca,Junior Lozano
PLUN-288,-8.097646781485254,-79.01150333955698,Puntos_Paraderos,287,Claudia Alvarado,Junior Lozano
PLUN-289,-8.097431384584638,-79.0111519742748,Puntos_Paraderos,288,Claudia Alvarado,Junior Lozano
PLUN-290,-8.094359994024222,-79.00937837042962,Puntos_Paraderos,289,Claudia Alvarado,Junior Lozano
PLUN-291,-8.094270015139813,-79.00913156553808,Puntos_Paraderos,290,Claudia Alvarado,Junior Lozano
PLUN-292,-8.091288857408724,-79.00718294128265,Puntos_Paraderos,291,Claudia Alvarado,Junior Lozano
PLUN-293,-8.091281580212382,-79.00737006148276,Puntos_Paraderos,292,Claudia Alvarado,Junior Lozano
PLUN-294,-8.088212185768073,-79.00535810694137,Puntos_Paraderos,293,Claudia Alvarado,Junior Lozano
PLUN-295,-8.088025219468216,-79.00502376683231,Puntos_Paraderos,294,Claudia Alvarado,Junior Lozano
PRO-445,-8.091075841339105,-79.02631781334196,Puntos_Paraderos,444,Angela Malca,Junior Lozano
PRO-446,-8.091259979769568,-79.02624405645709,Puntos_Paraderos,445,Anthony Alvarado,Junior Lozano
PROSAC-441,-8.08763718107549,-79.00228321856864,Puntos_Paraderos,440,Brando Acosta,Junior Lozano
PROSAC-442,-8.090827124914474,-79.00316130783946,Puntos_Paraderos,441,Brando Acosta,Junior Lozano
PSAN-273,-8.086827853667238,-79.01130957173572,Puntos_Paraderos,272,Piero Guevara,Junior Lozano
PSAN-274,-8.089551822650167,-79.01256446086073,Puntos_Paraderos,273,Piero Guevara,Junior Lozano
PSAN-275,-8.086954105009037,-79.01124545505535,Puntos_Paraderos,274,Piero Guevara,Junior Lozano
PSAN-276,-8.089691117060047,-79.01286028843091,Puntos_Paraderos,275,Piero Guevara,Junior Lozano
PSAN-277,-8.091855131969831,-79.01386805009342,Puntos_Paraderos,276,Piero Guevara,Junior Lozano
PSAN-278,-8.092036069475062,-79.0141219753277,Puntos_Paraderos,277,Piero Guevara,Junior Lozano
PSAN-279,-8.094575883692304,-79.01532407436294,Puntos_Paraderos,278,Piero Guevara,Junior Lozano
PSAN-280,-8.094622547118663,-79.01526780328645,Puntos_Paraderos,279,Piero Guevara,Junior Lozano
PSAN-281,-8.097148735461866,-79.01624820365129,Puntos_Paraderos,280,Piero Guevara,Junior Lozano
PSAN-282,-8.097211401658004,-79.01619594506944,Puntos_Paraderos,281,Piero Guevara,Junior Lozano
PUC-458,-8.09172004605463,-79.0227883725987,Puntos_Paraderos,457,Piero Guevara,Junior Lozano
PUN-521,-8.104914698384782,-79.0176217644276,Puntos_Paraderos,520,Brando Acosta,Junior Lozano
PUN-522,-8.10697794903092,-79.01520307698067,Puntos_Paraderos,521,Brando Acosta,Junior Lozano
RASAN-471,-8.109230397441308,-79.00628138346849,Puntos_Paraderos,470,Anthony Alvarado,Junior Lozano
RASAN-472,-8.10618000315583,-79.00681179240516,Puntos_Paraderos,471,Angela Malca,Junior Lozano
RASAN-473,-8.103425008503622,-79.00558669313172,Puntos_Paraderos,472,Angela Malca,Junior Lozano
RASAN-474,-8.103484425070768,-79.00572248151727,Puntos_Paraderos,473,Anthony Alvarado,Junior Lozano
REP-469,-8.098916725338752,-79.04984682619835,Puntos_Paraderos,468,Claudia Alvarado,Junior Lozano
REP-470,-8.096269893254105,-79.04887151143267,Puntos_Paraderos,469,Claudia Alvarado,Junior Lozano
RIP-319,-8.111992254947332,-79.0031757538385,Puntos_Paraderos,318,Piero Guevara,Junior Lozano
RIP-320,-8.111819599387571,-79.00318745589988,Puntos_Paraderos,319,Piero Guevara,Junior Lozano
RIP-321,-8.112227216734075,-79.00564764499032,Puntos_Paraderos,320,Piero Guevara,Junior Lozano
RIP-322,-8.112340584179407,-79.00555784801467,Puntos_Paraderos,321,Piero Guevara,Junior Lozano
RIP-323,-8.112738477088307,-79.00813217939562,Puntos_Paraderos,322,Piero Guevara,Junior Lozano
RIP-324,-8.112613725290245,-79.00824374957806,Puntos_Paraderos,323,Piero Guevara,Junior Lozano
RIP-325,-8.113181303625998,-79.01071775618557,Puntos_Paraderos,324,Piero Guevara,Junior Lozano
RIP-326,-8.113020727645344,-79.01076704339654,Puntos_Paraderos,325,Piero Guevara,Junior Lozano
RIP-327,-8.113127160354573,-79.01314146781633,Puntos_Paraderos,326,Piero Guevara,Junior Lozano
RIP-328,-8.112703588593256,-79.01368632754348,Puntos_Paraderos,327,Piero Guevara,Junior Lozano
RIP-329,-8.1123146129927,-79.01498783293643,Puntos_Paraderos,328,Piero Guevara,Junior Lozano
RIP-330,-8.11133905412004,-79.01611838160301,Puntos_Paraderos,329,Piero Guevara,Junior Lozano
RIP-331,-8.110738975302132,-79.01706071587422,Puntos_Paraderos,330,Piero Guevara,Junior Lozano
RJ-515,-8.104865568958738,-79.03723139179573,Puntos_Paraderos,514,Brando Acosta,Junior Lozano
ROM-369,-8.106456869973792,-79.03611388986471,Puntos_Paraderos,368,Piero Guevara,Junior Lozano
ROM-370,-8.106049759332183,-79.03626678169148,Puntos_Paraderos,369,Piero Guevara,Junior Lozano
ROM-371,-8.107821042343563,-79.03671205494626,Puntos_Paraderos,370,Piero Guevara,Junior Lozano
ROM-372,-8.108971161763579,-79.03735444303688,Puntos_Paraderos,371,Piero Guevara,Junior Lozano
ROME-534,-8.105551331990581,-79.0071712082828,Puntos_Paraderos,533,Alfonso Castillo,Junior Lozano
S-537,-8.114656036734269,-79.01814391307515,Puntos_Paraderos,536,Anthony Alvarado,Junior Lozano
SALV-502,-8.10638691804342,-79.03538846686878,Puntos_Paraderos,501,Piero Guevara,Junior Lozano
SALVLA-296,-8.104911706357901,-79.02988046840264,Puntos_Paraderos,295,Claudia Alvarado,Junior Lozano
SALVLA-297,-8.103364474916793,-79.02881343140902,Puntos_Paraderos,296,Claudia Alvarado,Junior Lozano
SALVLA-298,-8.103168420553757,-79.02842335537659,Puntos_Paraderos,297,Claudia Alvarado,Junior Lozano
SALVLA-299,-8.101383642687196,-79.02689449201677,Puntos_Paraderos,298,Claudia Alvarado,Junior Lozano
SALVLA-300,-8.10111345026494,-79.02693472515482,Puntos_Paraderos,299,Claudia Alvarado,Junior Lozano
SALVLA-301,-8.098808189348597,-79.02473498295899,Puntos_Paraderos,300,Claudia Alvarado,Junior Lozano
SALVLA-302,-8.098727523102363,-79.02441771189245,Puntos_Paraderos,301,Claudia Alvarado,Junior Lozano
SALVLA-303,-8.096810941934454,-79.02285206905117,Puntos_Paraderos,302,Claudia Alvarado,Junior Lozano
SALVLA-304,-8.09647502847381,-79.02246717564,Puntos_Paraderos,303,Claudia Alvarado,Junior Lozano
SAN-267,-8.099210232467179,-79.01694522806967,Puntos_Paraderos,266,Piero Guevara,Junior Lozano
SAN-268,-8.099926036662856,-79.01709303574302,Puntos_Paraderos,267,Piero Guevara,Junior Lozano
SAN-269,-8.101294558693787,-79.01839605832023,Puntos_Paraderos,268,Piero Guevara,Junior Lozano
SAN-270,-8.101562271294076,-79.0183817490079,Puntos_Paraderos,269,Piero Guevara,Junior Lozano
SAN-271,-8.102652191916949,-79.01969119618506,Puntos_Paraderos,270,Piero Guevara,Junior Lozano
SAN-272,-8.10454125216543,-79.02146033810136,Puntos_Paraderos,271,Piero Guevara,Junior Lozano
SANTR-384,-8.117161893235984,-79.00658842356849,Puntos_Paraderos,383,Claudia Alvarado,Junior Lozano
SANTR-385,-8.117058405925924,-79.00647315993623,Puntos_Paraderos,384,Claudia Alvarado,Junior Lozano
SB-530,-8.107772912326865,-79.0017551557484,Puntos_Paraderos,529,Alfonso Castillo,Junior Lozano
SB-531,-8.107883775517093,-79.00179270880213,Puntos_Paraderos,530,Alfonso Castillo,Junior Lozano
SEP-449,-8.091431891056226,-79.02861312682536,Puntos_Paraderos,448,Piero Guevara,Junior Lozano
SEP-450,-8.091314676003082,-79.02867719585963,Puntos_Paraderos,449,Piero Guevara,Junior Lozano
SOCR-498,-8.103190003201812,-79.00725703615896,Puntos_Paraderos,497,Alfonso Castillo,Junior Lozano
SOCR-499,-8.103101044736473,-79.0072731313079,Puntos_Paraderos,498,Alfonso Castillo,Junior Lozano
SR-528,-8.102860064585597,-79.00463819831081,Puntos_Paraderos,527,Angela Malca,Junior Lozano
SS-507,-8.091286202094436,-78.99491518929688,Puntos_Paraderos,506,Alfonso Castillo,Junior Lozano
TCH-496,-8.120674958151142,-79.01711012972132,Puntos_Paraderos,495,Angela Malca,Junior Lozano
TCH-497,-8.121714841058532,-79.01840127902189,Puntos_Paraderos,496,Angela Malca,Junior Lozano
TEVA-338,-8.095453996602735,-79.02857120742536,Puntos_Paraderos,337,Alfonso Castillo,Junior Lozano
TEVA-339,-8.095194983791055,-79.0286239928081,Puntos_Paraderos,338,Alfonso Castillo,Junior Lozano
TEVA-340,-8.094088741757696,-79.0314311151628,Puntos_Paraderos,339,Alfonso Castillo,Junior Lozano
TUPAT-115,-8.101685798685752,-79.025380042335,Puntos_Paraderos,114,Piero Guevara,Junior Lozano
TUPAT-116,-8.101758699555893,-79.02552562062189,Puntos_Paraderos,115,Piero Guevara,Junior Lozano
TUPAT-117,-8.09943532221329,-79.02794244145133,Puntos_Paraderos,116,Piero Guevara,Junior Lozano
TUPAT-118,-8.099440541775115,-79.02767387265908,Puntos_Paraderos,117,Piero Guevara,Junior Lozano
TUPAT-119,-8.096963386730364,-79.03012057027301,Puntos_Paraderos,118,Piero Guevara,Junior Lozano
TUPAT-120,-8.096864386588585,-79.0306038884051,Puntos_Paraderos,119,Piero Guevara,Junior Lozano
TUPAT-121,-8.09391500213227,-79.03361752959421,Puntos_Paraderos,120,Piero Guevara,Junior Lozano
TUPAT-122,-8.094273155079348,-79.03289915129365,Puntos_Paraderos,121,Piero Guevara,Junior Lozano
TUPAT-123,-8.092055964266027,-79.03541553652646,Puntos_Paraderos,122,Piero Guevara,Junior Lozano
TUPAT-124,-8.091351219301977,-79.03626065454138,Puntos_Paraderos,123,Piero Guevara,Junior Lozano
TUPAT-125,-8.089159126115316,-79.03812471864839,Puntos_Paraderos,124,Piero Guevara,Junior Lozano
TUPAT-126,-8.087555392510065,-79.04026132380805,Puntos_Paraderos,125,Piero Guevara,Junior Lozano
TUYU-492,-8.121626559369005,-79.02292683848468,Puntos_Paraderos,491,Angela Malca,Junior Lozano
TUYU-493,-8.119368875925552,-79.0235715773566,Puntos_Paraderos,492,Angela Malca,Junior Lozano
VF-478,-8.12783008404908,-79.02103774778936,Puntos_Paraderos,477,Piero Guevara,Junior Lozano
VF-479,-8.126689866947178,-79.01990465685851,Puntos_Paraderos,478,Piero Guevara,Junior Lozano
VF-480,-8.125570660643838,-79.0188964818184,Puntos_Paraderos,479,Piero Guevara,Junior Lozano
VICFE-487,-8.108525389261889,-79.0196548794873,Puntos_Paraderos,486,Brando Acosta,Junior Lozano
VLHT-91,-8.116663820158115,-79.03180937952007,Puntos_Paraderos,90,Brando Acosta,Junior Lozano
VLHT-92,-8.116880164367654,-79.0323048497156,Puntos_Paraderos,91,Brando Acosta,Junior Lozano
VLHT-93,-8.119134869360918,-79.03422161945365,Puntos_Paraderos,92,Brando Acosta,Junior Lozano
VLHT-94,-8.119945076557412,-79.03464674676243,Puntos_Paraderos,93,Brando Acosta,Junior Lozano
VLHT-95,-8.122376347554235,-79.03704565341691,Puntos_Paraderos,94,Brando Acosta,Junior Lozano
VLHT-96,-8.123015938793326,-79.03734606045904,Puntos_Paraderos,95,Brando Acosta,Junior Lozano
VLHT-97,-8.125145819931104,-79.03945192823828,Puntos_Paraderos,96,Brando Acosta,Junior Lozano
VLHT-98,-8.125936810236329,-79.03980677325815,Puntos_Paraderos,97,Brando Acosta,Junior Lozano
VLHT-99,-8.128295303315962,-79.04214452505371,Puntos_Paraderos,98,Brando Acosta,Junior Lozano
YP-506,-8.091043879060713,-78.9945504037225,Puntos_Paraderos,505,Alfonso Castillo,Junior Lozano
