<?xml version='1.0' encoding='UTF-8'?>
<osm version="0.6" generator="paraderos_trujillo">
  <node id="-1" lat="-8.0639341" lon="-79.0188810" visible="true">
    <tag k="public_transport" v="platform"/>
    <tag k="bus" v="yes"/>
    <tag k="highway" v="bus_stop"/>
    <tag k="source" v="Gerencia de Transporte Metropolitano de Trujillo"/>
    <tag k="ref" v="PAT-102"/>
  <tag k="network" v="Transporte Público Urbano Trujillo"/></node>
  <node id="-2" lat="-8.0605214" lon="-79.0168695" visible="true">
    <tag k="public_transport" v="platform"/>
    <tag k="bus" v="yes"/>
    <tag k="highway" v="bus_stop"/>
    <tag k="source" v="Gerencia de Transporte Metropolitano de Trujillo"/>
    <tag k="ref" v="PAT-110"/>
  <tag k="network" v="Transporte Público Urbano Trujillo"/></node>
  <node id="-3" lat="-8.0603441" lon="-79.0205617" visible="true">
    <tag k="public_transport" v="platform"/>
    <tag k="bus" v="yes"/>
    <tag k="highway" v="bus_stop"/>
    <tag k="source" v="Gerencia de Transporte Metropolitano de Trujillo"/>
    <tag k="ref" v="PAT-116"/>
  <tag k="network" v="Transporte Público Urbano Trujillo"/></node>
  <node id="-4" lat="-8.0597726" lon="-79.0183134" visible="true">
    <tag k="public_transport" v="platform"/>
    <tag k="bus" v="yes"/>
    <tag k="highway" v="bus_stop"/>
    <tag k="source" v="Gerencia de Transporte Metropolitano de Trujillo"/>
    <tag k="ref" v="PAT-124"/>
  <tag k="network" v="Transporte Público Urbano Trujillo"/></node>
  <node id="-5" lat="-8.0600562" lon="-79.0184666" visible="true">
    <tag k="public_transport" v="platform"/>
    <tag k="bus" v="yes"/>
    <tag k="highway" v="bus_stop"/>
    <tag k="source" v="Gerencia de Transporte Metropolitano de Trujillo"/>
    <tag k="ref" v="PAT-125"/>
  <tag k="network" v="Transporte Público Urbano Trujillo"/></node>
  <node id="-6" lat="-8.0595649" lon="-79.0196195" visible="true">
    <tag k="public_transport" v="platform"/>
    <tag k="bus" v="yes"/>
    <tag k="highway" v="bus_stop"/>
    <tag k="source" v="Gerencia de Transporte Metropolitano de Trujillo"/>
    <tag k="ref" v="PAT-128"/>
  <tag k="network" v="Transporte Público Urbano Trujillo"/></node>
  <node id="-7" lat="-8.0548494" lon="-79.0233756" visible="true">
    <tag k="public_transport" v="platform"/>
    <tag k="bus" v="yes"/>
    <tag k="highway" v="bus_stop"/>
    <tag k="source" v="Gerencia de Transporte Metropolitano de Trujillo"/>
    <tag k="ref" v="PAT-132"/>
  <tag k="network" v="Transporte Público Urbano Trujillo"/></node>
  <node id="-8" lat="-8.0561907" lon="-79.0226096" visible="true">
    <tag k="public_transport" v="platform"/>
    <tag k="bus" v="yes"/>
    <tag k="highway" v="bus_stop"/>
    <tag k="source" v="Gerencia de Transporte Metropolitano de Trujillo"/>
    <tag k="ref" v="PAT-134"/>
  <tag k="network" v="Transporte Público Urbano Trujillo"/></node>
  <node id="-9" lat="-8.0547912" lon="-79.0024693" visible="true">
    <tag k="public_transport" v="platform"/>
    <tag k="bus" v="yes"/>
    <tag k="highway" v="bus_stop"/>
    <tag k="source" v="Gerencia de Transporte Metropolitano de Trujillo"/>
    <tag k="ref" v="PAT-14"/>
  <tag k="network" v="Transporte Público Urbano Trujillo"/></node>
  <node id="-10" lat="-8.0677742" lon="-79.0314110" visible="true">
    <tag k="public_transport" v="platform"/>
    <tag k="bus" v="yes"/>
    <tag k="highway" v="bus_stop"/>
    <tag k="source" v="Gerencia de Transporte Metropolitano de Trujillo"/>
    <tag k="ref" v="PAT-141"/>
  <tag k="network" v="Transporte Público Urbano Trujillo"/></node>
  <node id="-11" lat="-8.0626287" lon="-79.0322312" visible="true">
    <tag k="public_transport" v="platform"/>
    <tag k="bus" v="yes"/>
    <tag k="highway" v="bus_stop"/>
    <tag k="source" v="Gerencia de Transporte Metropolitano de Trujillo"/>
    <tag k="ref" v="PAT-153"/>
  <tag k="network" v="Transporte Público Urbano Trujillo"/></node>
  <node id="-12" lat="-8.0612121" lon="-79.0287551" visible="true">
    <tag k="public_transport" v="platform"/>
    <tag k="bus" v="yes"/>
    <tag k="highway" v="bus_stop"/>
    <tag k="source" v="Gerencia de Transporte Metropolitano de Trujillo"/>
    <tag k="ref" v="PAT-155"/>
  <tag k="network" v="Transporte Público Urbano Trujillo"/></node>
  <node id="-13" lat="-8.0480134" lon="-79.0002307" visible="true">
    <tag k="public_transport" v="platform"/>
    <tag k="bus" v="yes"/>
    <tag k="highway" v="bus_stop"/>
    <tag k="source" v="Gerencia de Transporte Metropolitano de Trujillo"/>
    <tag k="ref" v="PAT-16"/>
  <tag k="network" v="Transporte Público Urbano Trujillo"/></node>
  <node id="-14" lat="-8.0476441" lon="-79.0000337" visible="true">
    <tag k="public_transport" v="platform"/>
    <tag k="bus" v="yes"/>
    <tag k="highway" v="bus_stop"/>
    <tag k="source" v="Gerencia de Transporte Metropolitano de Trujillo"/>
    <tag k="ref" v="PAT-17"/>
  <tag k="network" v="Transporte Público Urbano Trujillo"/></node>
  <node id="-15" lat="-8.0576025" lon="-79.0056593" visible="true">
    <tag k="public_transport" v="platform"/>
    <tag k="bus" v="yes"/>
    <tag k="highway" v="bus_stop"/>
    <tag k="source" v="Gerencia de Transporte Metropolitano de Trujillo"/>
    <tag k="ref" v="PAT-30"/>
  <tag k="network" v="Transporte Público Urbano Trujillo"/></node>
  <node id="-16" lat="-8.0576508" lon="-79.0055770" visible="true">
    <tag k="public_transport" v="platform"/>
    <tag k="bus" v="yes"/>
    <tag k="highway" v="bus_stop"/>
    <tag k="source" v="Gerencia de Transporte Metropolitano de Trujillo"/>
    <tag k="ref" v="PAT-31"/>
  <tag k="network" v="Transporte Público Urbano Trujillo"/></node>
  <node id="-17" lat="-8.0487249" lon="-79.0063687" visible="true">
    <tag k="public_transport" v="platform"/>
    <tag k="bus" v="yes"/>
    <tag k="highway" v="bus_stop"/>
    <tag k="source" v="Gerencia de Transporte Metropolitano de Trujillo"/>
    <tag k="ref" v="PAT-37"/>
  <tag k="network" v="Transporte Público Urbano Trujillo"/></node>
  <node id="-18" lat="-8.0572958" lon="-79.0100296" visible="true">
    <tag k="public_transport" v="platform"/>
    <tag k="bus" v="yes"/>
    <tag k="highway" v="bus_stop"/>
    <tag k="source" v="Gerencia de Transporte Metropolitano de Trujillo"/>
    <tag k="ref" v="PAT-42"/>
  <tag k="network" v="Transporte Público Urbano Trujillo"/></node>
  <node id="-19" lat="-8.0590833" lon="-79.0080298" visible="true">
    <tag k="public_transport" v="platform"/>
    <tag k="bus" v="yes"/>
    <tag k="highway" v="bus_stop"/>
    <tag k="source" v="Gerencia de Transporte Metropolitano de Trujillo"/>
    <tag k="ref" v="PAT-44"/>
  <tag k="network" v="Transporte Público Urbano Trujillo"/></node>
  <node id="-20" lat="-8.0607019" lon="-79.0104078" visible="true">
    <tag k="public_transport" v="platform"/>
    <tag k="bus" v="yes"/>
    <tag k="highway" v="bus_stop"/>
    <tag k="source" v="Gerencia de Transporte Metropolitano de Trujillo"/>
    <tag k="ref" v="PAT-50"/>
  <tag k="network" v="Transporte Público Urbano Trujillo"/></node>
  <node id="-21" lat="-8.0596660" lon="-79.0126941" visible="true">
    <tag k="public_transport" v="platform"/>
    <tag k="bus" v="yes"/>
    <tag k="highway" v="bus_stop"/>
    <tag k="source" v="Gerencia de Transporte Metropolitano de Trujillo"/>
    <tag k="ref" v="PAT-52"/>
  <tag k="network" v="Transporte Público Urbano Trujillo"/></node>
  <node id="-22" lat="-8.0597551" lon="-79.0127572" visible="true">
    <tag k="public_transport" v="platform"/>
    <tag k="bus" v="yes"/>
    <tag k="highway" v="bus_stop"/>
    <tag k="source" v="Gerencia de Transporte Metropolitano de Trujillo"/>
    <tag k="ref" v="PAT-53"/>
  <tag k="network" v="Transporte Público Urbano Trujillo"/></node>
  <node id="-23" lat="-8.0600403" lon="-79.0083312" visible="true">
    <tag k="public_transport" v="platform"/>
    <tag k="bus" v="yes"/>
    <tag k="highway" v="bus_stop"/>
    <tag k="source" v="Gerencia de Transporte Metropolitano de Trujillo"/>
    <tag k="ref" v="PAT-56"/>
  <tag k="network" v="Transporte Público Urbano Trujillo"/></node>
  <node id="-24" lat="-8.0578289" lon="-79.0121747" visible="true">
    <tag k="public_transport" v="platform"/>
    <tag k="bus" v="yes"/>
    <tag k="highway" v="bus_stop"/>
    <tag k="source" v="Gerencia de Transporte Metropolitano de Trujillo"/>
    <tag k="ref" v="PAT-58"/>
  <tag k="network" v="Transporte Público Urbano Trujillo"/></node>
  <node id="-25" lat="-8.0613612" lon="-79.0144460" visible="true">
    <tag k="public_transport" v="platform"/>
    <tag k="bus" v="yes"/>
    <tag k="highway" v="bus_stop"/>
    <tag k="source" v="Gerencia de Transporte Metropolitano de Trujillo"/>
    <tag k="ref" v="PAT-60"/>
  <tag k="network" v="Transporte Público Urbano Trujillo"/></node>
  <node id="-26" lat="-8.0695672" lon="-79.0259798" visible="true">
    <tag k="public_transport" v="platform"/>
    <tag k="bus" v="yes"/>
    <tag k="highway" v="bus_stop"/>
    <tag k="source" v="Gerencia de Transporte Metropolitano de Trujillo"/>
    <tag k="ref" v="PAT-66"/>
  <tag k="network" v="Transporte Público Urbano Trujillo"/></node>
  <node id="-27" lat="-8.0697992" lon="-79.0258133" visible="true">
    <tag k="public_transport" v="platform"/>
    <tag k="bus" v="yes"/>
    <tag k="highway" v="bus_stop"/>
    <tag k="source" v="Gerencia de Transporte Metropolitano de Trujillo"/>
    <tag k="ref" v="PAT-72"/>
  <tag k="network" v="Transporte Público Urbano Trujillo"/></node>
  <node id="-28" lat="-8.0661640" lon="-79.0149551" visible="true">
    <tag k="public_transport" v="platform"/>
    <tag k="bus" v="yes"/>
    <tag k="highway" v="bus_stop"/>
    <tag k="source" v="Gerencia de Transporte Metropolitano de Trujillo"/>
    <tag k="ref" v="PAT-75"/>
  <tag k="network" v="Transporte Público Urbano Trujillo"/></node>
  <node id="-29" lat="-8.0682930" lon="-79.0176974" visible="true">
    <tag k="public_transport" v="platform"/>
    <tag k="bus" v="yes"/>
    <tag k="highway" v="bus_stop"/>
    <tag k="source" v="Gerencia de Transporte Metropolitano de Trujillo"/>
    <tag k="ref" v="PAT-80"/>
  <tag k="network" v="Transporte Público Urbano Trujillo"/></node>
  <node id="-30" lat="-8.0680815" lon="-79.0178136" visible="true">
    <tag k="public_transport" v="platform"/>
    <tag k="bus" v="yes"/>
    <tag k="highway" v="bus_stop"/>
    <tag k="source" v="Gerencia de Transporte Metropolitano de Trujillo"/>
    <tag k="ref" v="PAT-83"/>
  <tag k="network" v="Transporte Público Urbano Trujillo"/></node>
  <node id="-31" lat="-8.0669263" lon="-79.0283708" visible="true">
    <tag k="public_transport" v="platform"/>
    <tag k="bus" v="yes"/>
    <tag k="highway" v="bus_stop"/>
    <tag k="source" v="Gerencia de Transporte Metropolitano de Trujillo"/>
    <tag k="ref" v="PAT-88"/>
  <tag k="network" v="Transporte Público Urbano Trujillo"/></node>
  <node id="-32" lat="-8.0641486" lon="-79.0272476" visible="true">
    <tag k="public_transport" v="platform"/>
    <tag k="bus" v="yes"/>
    <tag k="highway" v="bus_stop"/>
    <tag k="source" v="Gerencia de Transporte Metropolitano de Trujillo"/>
    <tag k="ref" v="PAT-90"/>
  <tag k="network" v="Transporte Público Urbano Trujillo"/></node>
  <node id="-33" lat="-8.0652866" lon="-79.0222233" visible="true">
    <tag k="public_transport" v="platform"/>
    <tag k="bus" v="yes"/>
    <tag k="highway" v="bus_stop"/>
    <tag k="source" v="Gerencia de Transporte Metropolitano de Trujillo"/>
    <tag k="ref" v="PAT-93"/>
  <tag k="network" v="Transporte Público Urbano Trujillo"/></node>
  <node id="-34" lat="-8.0653032" lon="-79.0223361" visible="true">
    <tag k="public_transport" v="platform"/>
    <tag k="bus" v="yes"/>
    <tag k="highway" v="bus_stop"/>
    <tag k="source" v="Gerencia de Transporte Metropolitano de Trujillo"/>
    <tag k="ref" v="PAT-94"/>
  <tag k="network" v="Transporte Público Urbano Trujillo"/></node>
  <node id="-35" lat="-8.0660813" lon="-79.0149956" visible="true">
    <tag k="public_transport" v="platform"/>
    <tag k="bus" v="yes"/>
    <tag k="highway" v="bus_stop"/>
    <tag k="source" v="Gerencia de Transporte Metropolitano de Trujillo"/>
    <tag k="ref" v="PAT-95"/>
  <tag k="network" v="Transporte Público Urbano Trujillo"/></node>
  <node id="-36" lat="-8.0656215" lon="-79.0203136" visible="true">
    <tag k="public_transport" v="platform"/>
    <tag k="bus" v="yes"/>
    <tag k="highway" v="bus_stop"/>
    <tag k="source" v="Gerencia de Transporte Metropolitano de Trujillo"/>
    <tag k="ref" v="PAT-96"/>
  <tag k="network" v="Transporte Público Urbano Trujillo"/></node>
  <node id="-37" lat="-8.0515912" lon="-79.0547485" visible="true">
    <tag k="public_transport" v="platform"/>
    <tag k="bus" v="yes"/>
    <tag k="highway" v="bus_stop"/>
    <tag k="source" v="Gerencia de Transporte Metropolitano de Trujillo"/>
    <tag k="ref" v="PE-100"/>
  <tag k="network" v="Transporte Público Urbano Trujillo"/></node>
  <node id="-38" lat="-8.0459220" lon="-79.0524655" visible="true">
    <tag k="public_transport" v="platform"/>
    <tag k="bus" v="yes"/>
    <tag k="highway" v="bus_stop"/>
    <tag k="source" v="Gerencia de Transporte Metropolitano de Trujillo"/>
    <tag k="ref" v="PE-105"/>
  <tag k="network" v="Transporte Público Urbano Trujillo"/></node>
  <node id="-39" lat="-8.0478361" lon="-79.0496626" visible="true">
    <tag k="public_transport" v="platform"/>
    <tag k="bus" v="yes"/>
    <tag k="highway" v="bus_stop"/>
    <tag k="source" v="Gerencia de Transporte Metropolitano de Trujillo"/>
    <tag k="ref" v="PE-108"/>
  <tag k="network" v="Transporte Público Urbano Trujillo"/></node>
  <node id="-40" lat="-8.0517486" lon="-79.0549211" visible="true">
    <tag k="public_transport" v="platform"/>
    <tag k="bus" v="yes"/>
    <tag k="highway" v="bus_stop"/>
    <tag k="source" v="Gerencia de Transporte Metropolitano de Trujillo"/>
    <tag k="ref" v="PE-110"/>
  <tag k="network" v="Transporte Público Urbano Trujillo"/></node>
  <node id="-41" lat="-8.0477868" lon="-79.0494279" visible="true">
    <tag k="public_transport" v="platform"/>
    <tag k="bus" v="yes"/>
    <tag k="highway" v="bus_stop"/>
    <tag k="source" v="Gerencia de Transporte Metropolitano de Trujillo"/>
    <tag k="ref" v="PE-113"/>
  <tag k="network" v="Transporte Público Urbano Trujillo"/></node>
  <node id="-42" lat="-8.0457675" lon="-79.0698795" visible="true">
    <tag k="public_transport" v="platform"/>
    <tag k="bus" v="yes"/>
    <tag k="highway" v="bus_stop"/>
    <tag k="source" v="Gerencia de Transporte Metropolitano de Trujillo"/>
    <tag k="ref" v="PE-133"/>
  <tag k="network" v="Transporte Público Urbano Trujillo"/></node>
  <node id="-43" lat="-8.0488078" lon="-79.0658456" visible="true">
    <tag k="public_transport" v="platform"/>
    <tag k="bus" v="yes"/>
    <tag k="highway" v="bus_stop"/>
    <tag k="source" v="Gerencia de Transporte Metropolitano de Trujillo"/>
    <tag k="ref" v="PE-146"/>
  <tag k="network" v="Transporte Público Urbano Trujillo"/></node>
  <node id="-44" lat="-8.0512635" lon="-79.0609876" visible="true">
    <tag k="public_transport" v="platform"/>
    <tag k="bus" v="yes"/>
    <tag k="highway" v="bus_stop"/>
    <tag k="source" v="Gerencia de Transporte Metropolitano de Trujillo"/>
    <tag k="ref" v="PE-148"/>
  <tag k="network" v="Transporte Público Urbano Trujillo"/></node>
  <node id="-45" lat="-8.0527492" lon="-79.0668335" visible="true">
    <tag k="public_transport" v="platform"/>
    <tag k="bus" v="yes"/>
    <tag k="highway" v="bus_stop"/>
    <tag k="source" v="Gerencia de Transporte Metropolitano de Trujillo"/>
    <tag k="ref" v="PE-150"/>
  <tag k="network" v="Transporte Público Urbano Trujillo"/></node>
  <node id="-46" lat="-8.0665879" lon="-79.0684644" visible="true">
    <tag k="public_transport" v="platform"/>
    <tag k="bus" v="yes"/>
    <tag k="highway" v="bus_stop"/>
    <tag k="source" v="Gerencia de Transporte Metropolitano de Trujillo"/>
    <tag k="ref" v="PE-161"/>
  <tag k="network" v="Transporte Público Urbano Trujillo"/></node>
  <node id="-47" lat="-8.0614915" lon="-79.0745726" visible="true">
    <tag k="public_transport" v="platform"/>
    <tag k="bus" v="yes"/>
    <tag k="highway" v="bus_stop"/>
    <tag k="source" v="Gerencia de Transporte Metropolitano de Trujillo"/>
    <tag k="ref" v="PE-170"/>
  <tag k="network" v="Transporte Público Urbano Trujillo"/></node>
  <node id="-48" lat="-8.0643119" lon="-79.0728928" visible="true">
    <tag k="public_transport" v="platform"/>
    <tag k="bus" v="yes"/>
    <tag k="highway" v="bus_stop"/>
    <tag k="source" v="Gerencia de Transporte Metropolitano de Trujillo"/>
    <tag k="ref" v="PE-172"/>
  <tag k="network" v="Transporte Público Urbano Trujillo"/></node>
  <node id="-49" lat="-8.0675391" lon="-79.0506094" visible="true">
    <tag k="public_transport" v="platform"/>
    <tag k="bus" v="yes"/>
    <tag k="highway" v="bus_stop"/>
    <tag k="source" v="Gerencia de Transporte Metropolitano de Trujillo"/>
    <tag k="ref" v="PE-189"/>
  <tag k="network" v="Transporte Público Urbano Trujillo"/></node>
  <node id="-50" lat="-8.0625638" lon="-79.0492706" visible="true">
    <tag k="public_transport" v="platform"/>
    <tag k="bus" v="yes"/>
    <tag k="highway" v="bus_stop"/>
    <tag k="source" v="Gerencia de Transporte Metropolitano de Trujillo"/>
    <tag k="ref" v="PE-192"/>
  <tag k="network" v="Transporte Público Urbano Trujillo"/></node>
  <node id="-51" lat="-8.0744327" lon="-79.0477654" visible="true">
    <tag k="public_transport" v="platform"/>
    <tag k="bus" v="yes"/>
    <tag k="highway" v="bus_stop"/>
    <tag k="source" v="Gerencia de Transporte Metropolitano de Trujillo"/>
    <tag k="ref" v="PE-198"/>
  <tag k="network" v="Transporte Público Urbano Trujillo"/></node>
  <node id="-52" lat="-8.0731883" lon="-79.0532348" visible="true">
    <tag k="public_transport" v="platform"/>
    <tag k="bus" v="yes"/>
    <tag k="highway" v="bus_stop"/>
    <tag k="source" v="Gerencia de Transporte Metropolitano de Trujillo"/>
    <tag k="ref" v="PE-202"/>
  <tag k="network" v="Transporte Público Urbano Trujillo"/></node>
  <node id="-53" lat="-8.0677227" lon="-79.0568391" visible="true">
    <tag k="public_transport" v="platform"/>
    <tag k="bus" v="yes"/>
    <tag k="highway" v="bus_stop"/>
    <tag k="source" v="Gerencia de Transporte Metropolitano de Trujillo"/>
    <tag k="ref" v="PE-205"/>
  <tag k="network" v="Transporte Público Urbano Trujillo"/></node>
  <node id="-54" lat="-8.0639917" lon="-79.0576940" visible="true">
    <tag k="public_transport" v="platform"/>
    <tag k="bus" v="yes"/>
    <tag k="highway" v="bus_stop"/>
    <tag k="source" v="Gerencia de Transporte Metropolitano de Trujillo"/>
    <tag k="ref" v="PE-207"/>
  <tag k="network" v="Transporte Público Urbano Trujillo"/></node>
  <node id="-55" lat="-8.0628875" lon="-79.0548493" visible="true">
    <tag k="public_transport" v="platform"/>
    <tag k="bus" v="yes"/>
    <tag k="highway" v="bus_stop"/>
    <tag k="source" v="Gerencia de Transporte Metropolitano de Trujillo"/>
    <tag k="ref" v="PE-208"/>
  <tag k="network" v="Transporte Público Urbano Trujillo"/></node>
  <node id="-56" lat="-8.0725750" lon="-79.0606207" visible="true">
    <tag k="public_transport" v="platform"/>
    <tag k="bus" v="yes"/>
    <tag k="highway" v="bus_stop"/>
    <tag k="source" v="Gerencia de Transporte Metropolitano de Trujillo"/>
    <tag k="ref" v="PE-213"/>
  <tag k="network" v="Transporte Público Urbano Trujillo"/></node>
  <node id="-57" lat="-8.0788273" lon="-79.0463248" visible="true">
    <tag k="public_transport" v="platform"/>
    <tag k="bus" v="yes"/>
    <tag k="highway" v="bus_stop"/>
    <tag k="source" v="Gerencia de Transporte Metropolitano de Trujillo"/>
    <tag k="ref" v="PE-225"/>
  <tag k="network" v="Transporte Público Urbano Trujillo"/></node>
  <node id="-58" lat="-8.0557104" lon="-79.0485844" visible="true">
    <tag k="public_transport" v="platform"/>
    <tag k="bus" v="yes"/>
    <tag k="highway" v="bus_stop"/>
    <tag k="source" v="Gerencia de Transporte Metropolitano de Trujillo"/>
    <tag k="ref" v="PE-227"/>
  <tag k="network" v="Transporte Público Urbano Trujillo"/></node>
  <node id="-59" lat="-8.0605411" lon="-79.0478548" visible="true">
    <tag k="public_transport" v="platform"/>
    <tag k="bus" v="yes"/>
    <tag k="highway" v="bus_stop"/>
    <tag k="source" v="Gerencia de Transporte Metropolitano de Trujillo"/>
    <tag k="ref" v="PE-231"/>
  <tag k="network" v="Transporte Público Urbano Trujillo"/></node>
  <node id="-60" lat="-8.0614838" lon="-79.0492407" visible="true">
    <tag k="public_transport" v="platform"/>
    <tag k="bus" v="yes"/>
    <tag k="highway" v="bus_stop"/>
    <tag k="source" v="Gerencia de Transporte Metropolitano de Trujillo"/>
    <tag k="ref" v="PE-232"/>
  <tag k="network" v="Transporte Público Urbano Trujillo"/></node>
  <node id="-61" lat="-8.0621381" lon="-79.0520178" visible="true">
    <tag k="public_transport" v="platform"/>
    <tag k="bus" v="yes"/>
    <tag k="highway" v="bus_stop"/>
    <tag k="source" v="Gerencia de Transporte Metropolitano de Trujillo"/>
    <tag k="ref" v="PE-233"/>
  <tag k="network" v="Transporte Público Urbano Trujillo"/></node>
  <node id="-62" lat="-8.0496012" lon="-79.0563403" visible="true">
    <tag k="public_transport" v="platform"/>
    <tag k="bus" v="yes"/>
    <tag k="highway" v="bus_stop"/>
    <tag k="source" v="Gerencia de Transporte Metropolitano de Trujillo"/>
    <tag k="ref" v="PE-237"/>
  <tag k="network" v="Transporte Público Urbano Trujillo"/></node>
  <node id="-63" lat="-8.0656021" lon="-79.0449278" visible="true">
    <tag k="public_transport" v="platform"/>
    <tag k="bus" v="yes"/>
    <tag k="highway" v="bus_stop"/>
    <tag k="source" v="Gerencia de Transporte Metropolitano de Trujillo"/>
    <tag k="ref" v="PE-238"/>
  <tag k="network" v="Transporte Público Urbano Trujillo"/></node>
  <node id="-64" lat="-8.0667633" lon="-79.0452012" visible="true">
    <tag k="public_transport" v="platform"/>
    <tag k="bus" v="yes"/>
    <tag k="highway" v="bus_stop"/>
    <tag k="source" v="Gerencia de Transporte Metropolitano de Trujillo"/>
    <tag k="ref" v="PE-239"/>
  <tag k="network" v="Transporte Público Urbano Trujillo"/></node>
  <node id="-65" lat="-8.0684283" lon="-79.0448327" visible="true">
    <tag k="public_transport" v="platform"/>
    <tag k="bus" v="yes"/>
    <tag k="highway" v="bus_stop"/>
    <tag k="source" v="Gerencia de Transporte Metropolitano de Trujillo"/>
    <tag k="ref" v="PE-240"/>
  <tag k="network" v="Transporte Público Urbano Trujillo"/></node>
  <node id="-66" lat="-8.0705267" lon="-79.0433503" visible="true">
    <tag k="public_transport" v="platform"/>
    <tag k="bus" v="yes"/>
    <tag k="highway" v="bus_stop"/>
    <tag k="source" v="Gerencia de Transporte Metropolitano de Trujillo"/>
    <tag k="ref" v="PE-242"/>
  <tag k="network" v="Transporte Público Urbano Trujillo"/></node>
  <node id="-67" lat="-8.0719115" lon="-79.0416660" visible="true">
    <tag k="public_transport" v="platform"/>
    <tag k="bus" v="yes"/>
    <tag k="highway" v="bus_stop"/>
    <tag k="source" v="Gerencia de Transporte Metropolitano de Trujillo"/>
    <tag k="ref" v="PE-243"/>
  <tag k="network" v="Transporte Público Urbano Trujillo"/></node>
  <node id="-68" lat="-8.0822409" lon="-79.0524368" visible="true">
    <tag k="public_transport" v="platform"/>
    <tag k="bus" v="yes"/>
    <tag k="highway" v="bus_stop"/>
    <tag k="source" v="Gerencia de Transporte Metropolitano de Trujillo"/>
    <tag k="ref" v="PE-245"/>
  <tag k="network" v="Transporte Público Urbano Trujillo"/></node>
  <node id="-69" lat="-8.0723882" lon="-79.0642983" visible="true">
    <tag k="public_transport" v="platform"/>
    <tag k="bus" v="yes"/>
    <tag k="highway" v="bus_stop"/>
    <tag k="source" v="Gerencia de Transporte Metropolitano de Trujillo"/>
    <tag k="ref" v="PE-253"/>
  <tag k="network" v="Transporte Público Urbano Trujillo"/></node>
  <node id="-70" lat="-8.0719676" lon="-79.0648165" visible="true">
    <tag k="public_transport" v="platform"/>
    <tag k="bus" v="yes"/>
    <tag k="highway" v="bus_stop"/>
    <tag k="source" v="Gerencia de Transporte Metropolitano de Trujillo"/>
    <tag k="ref" v="PE-255"/>
  <tag k="network" v="Transporte Público Urbano Trujillo"/></node>
  <node id="-71" lat="-8.0721480" lon="-79.0643917" visible="true">
    <tag k="public_transport" v="platform"/>
    <tag k="bus" v="yes"/>
    <tag k="highway" v="bus_stop"/>
    <tag k="source" v="Gerencia de Transporte Metropolitano de Trujillo"/>
    <tag k="ref" v="PE-256"/>
  <tag k="network" v="Transporte Público Urbano Trujillo"/></node>
  <node id="-72" lat="-8.0674504" lon="-79.0636363" visible="true">
    <tag k="public_transport" v="platform"/>
    <tag k="bus" v="yes"/>
    <tag k="highway" v="bus_stop"/>
    <tag k="source" v="Gerencia de Transporte Metropolitano de Trujillo"/>
    <tag k="ref" v="PE-265"/>
  <tag k="network" v="Transporte Público Urbano Trujillo"/></node>
  <node id="-73" lat="-8.0676540" lon="-79.0639838" visible="true">
    <tag k="public_transport" v="platform"/>
    <tag k="bus" v="yes"/>
    <tag k="highway" v="bus_stop"/>
    <tag k="source" v="Gerencia de Transporte Metropolitano de Trujillo"/>
    <tag k="ref" v="PE-266"/>
  <tag k="network" v="Transporte Público Urbano Trujillo"/></node>
  <node id="-74" lat="-8.0657685" lon="-79.0619525" visible="true">
    <tag k="public_transport" v="platform"/>
    <tag k="bus" v="yes"/>
    <tag k="highway" v="bus_stop"/>
    <tag k="source" v="Gerencia de Transporte Metropolitano de Trujillo"/>
    <tag k="ref" v="PE-267"/>
  <tag k="network" v="Transporte Público Urbano Trujillo"/></node>
  <node id="-75" lat="-8.0596597" lon="-79.0533255" visible="true">
    <tag k="public_transport" v="platform"/>
    <tag k="bus" v="yes"/>
    <tag k="highway" v="bus_stop"/>
    <tag k="source" v="Gerencia de Transporte Metropolitano de Trujillo"/>
    <tag k="ref" v="PE-271"/>
  <tag k="network" v="Transporte Público Urbano Trujillo"/></node>
  <node id="-76" lat="-8.0595439" lon="-79.0531725" visible="true">
    <tag k="public_transport" v="platform"/>
    <tag k="bus" v="yes"/>
    <tag k="highway" v="bus_stop"/>
    <tag k="source" v="Gerencia de Transporte Metropolitano de Trujillo"/>
    <tag k="ref" v="PE-272"/>
  <tag k="network" v="Transporte Público Urbano Trujillo"/></node>
  <node id="-77" lat="-8.0566946" lon="-79.0542699" visible="true">
    <tag k="public_transport" v="platform"/>
    <tag k="bus" v="yes"/>
    <tag k="highway" v="bus_stop"/>
    <tag k="source" v="Gerencia de Transporte Metropolitano de Trujillo"/>
    <tag k="ref" v="PE-273"/>
  <tag k="network" v="Transporte Público Urbano Trujillo"/></node>
  <node id="-78" lat="-8.0561947" lon="-79.0542786" visible="true">
    <tag k="public_transport" v="platform"/>
    <tag k="bus" v="yes"/>
    <tag k="highway" v="bus_stop"/>
    <tag k="source" v="Gerencia de Transporte Metropolitano de Trujillo"/>
    <tag k="ref" v="PE-274"/>
  <tag k="network" v="Transporte Público Urbano Trujillo"/></node>
  <node id="-79" lat="-8.0494699" lon="-79.0567702" visible="true">
    <tag k="public_transport" v="platform"/>
    <tag k="bus" v="yes"/>
    <tag k="highway" v="bus_stop"/>
    <tag k="source" v="Gerencia de Transporte Metropolitano de Trujillo"/>
    <tag k="ref" v="PE-276"/>
  <tag k="network" v="Transporte Público Urbano Trujillo"/></node>
  <node id="-80" lat="-8.0529364" lon="-79.0560623" visible="true">
    <tag k="public_transport" v="platform"/>
    <tag k="bus" v="yes"/>
    <tag k="highway" v="bus_stop"/>
    <tag k="source" v="Gerencia de Transporte Metropolitano de Trujillo"/>
    <tag k="ref" v="PE-277"/>
  <tag k="network" v="Transporte Público Urbano Trujillo"/></node>
  <node id="-81" lat="-8.0536123" lon="-79.0579846" visible="true">
    <tag k="public_transport" v="platform"/>
    <tag k="bus" v="yes"/>
    <tag k="highway" v="bus_stop"/>
    <tag k="source" v="Gerencia de Transporte Metropolitano de Trujillo"/>
    <tag k="ref" v="PE-280"/>
  <tag k="network" v="Transporte Público Urbano Trujillo"/></node>
  <node id="-82" lat="-8.0667101" lon="-79.0680936" visible="true">
    <tag k="public_transport" v="platform"/>
    <tag k="bus" v="yes"/>
    <tag k="highway" v="bus_stop"/>
    <tag k="source" v="Gerencia de Transporte Metropolitano de Trujillo"/>
    <tag k="ref" v="PE-29"/>
  <tag k="network" v="Transporte Público Urbano Trujillo"/></node>
  <node id="-83" lat="-8.0498996" lon="-79.0629984" visible="true">
    <tag k="public_transport" v="platform"/>
    <tag k="bus" v="yes"/>
    <tag k="highway" v="bus_stop"/>
    <tag k="source" v="Gerencia de Transporte Metropolitano de Trujillo"/>
    <tag k="ref" v="PE-3"/>
  <tag k="network" v="Transporte Público Urbano Trujillo"/></node>
  <node id="-84" lat="-8.0840322" lon="-79.0441866" visible="true">
    <tag k="public_transport" v="platform"/>
    <tag k="bus" v="yes"/>
    <tag k="highway" v="bus_stop"/>
    <tag k="source" v="Gerencia de Transporte Metropolitano de Trujillo"/>
    <tag k="ref" v="PE-303"/>
  <tag k="network" v="Transporte Público Urbano Trujillo"/></node>
  <node id="-85" lat="-8.0839587" lon="-79.0440018" visible="true">
    <tag k="public_transport" v="platform"/>
    <tag k="bus" v="yes"/>
    <tag k="highway" v="bus_stop"/>
    <tag k="source" v="Gerencia de Transporte Metropolitano de Trujillo"/>
    <tag k="ref" v="PE-304"/>
  <tag k="network" v="Transporte Público Urbano Trujillo"/></node>
  <node id="-86" lat="-8.0814882" lon="-79.0451167" visible="true">
    <tag k="public_transport" v="platform"/>
    <tag k="bus" v="yes"/>
    <tag k="highway" v="bus_stop"/>
    <tag k="source" v="Gerencia de Transporte Metropolitano de Trujillo"/>
    <tag k="ref" v="PE-305"/>
  <tag k="network" v="Transporte Público Urbano Trujillo"/></node>
  <node id="-87" lat="-8.0815809" lon="-79.0453013" visible="true">
    <tag k="public_transport" v="platform"/>
    <tag k="bus" v="yes"/>
    <tag k="highway" v="bus_stop"/>
    <tag k="source" v="Gerencia de Transporte Metropolitano de Trujillo"/>
    <tag k="ref" v="PE-306"/>
  <tag k="network" v="Transporte Público Urbano Trujillo"/></node>
  <node id="-88" lat="-8.0857501" lon="-79.0314262" visible="true">
    <tag k="public_transport" v="platform"/>
    <tag k="bus" v="yes"/>
    <tag k="highway" v="bus_stop"/>
    <tag k="source" v="Gerencia de Transporte Metropolitano de Trujillo"/>
    <tag k="ref" v="PE-327"/>
  <tag k="network" v="Transporte Público Urbano Trujillo"/></node>
  <node id="-89" lat="-8.0682187" lon="-79.0715709" visible="true">
    <tag k="public_transport" v="platform"/>
    <tag k="bus" v="yes"/>
    <tag k="highway" v="bus_stop"/>
    <tag k="source" v="Gerencia de Transporte Metropolitano de Trujillo"/>
    <tag k="ref" v="PE-33"/>
  <tag k="network" v="Transporte Público Urbano Trujillo"/></node>
  <node id="-90" lat="-8.0735667" lon="-79.0337519" visible="true">
    <tag k="public_transport" v="platform"/>
    <tag k="bus" v="yes"/>
    <tag k="highway" v="bus_stop"/>
    <tag k="source" v="Gerencia de Transporte Metropolitano de Trujillo"/>
    <tag k="ref" v="PE-336"/>
  <tag k="network" v="Transporte Público Urbano Trujillo"/></node>
  <node id="-91" lat="-8.0605491" lon="-79.0422778" visible="true">
    <tag k="public_transport" v="platform"/>
    <tag k="bus" v="yes"/>
    <tag k="highway" v="bus_stop"/>
    <tag k="source" v="Gerencia de Transporte Metropolitano de Trujillo"/>
    <tag k="ref" v="PE-351"/>
  <tag k="network" v="Transporte Público Urbano Trujillo"/></node>
  <node id="-92" lat="-8.0680052" lon="-79.0567126" visible="true">
    <tag k="public_transport" v="platform"/>
    <tag k="bus" v="yes"/>
    <tag k="highway" v="bus_stop"/>
    <tag k="source" v="Gerencia de Transporte Metropolitano de Trujillo"/>
    <tag k="ref" v="PE-38"/>
  <tag k="network" v="Transporte Público Urbano Trujillo"/></node>
  <node id="-93" lat="-8.0484010" lon="-79.0659521" visible="true">
    <tag k="public_transport" v="platform"/>
    <tag k="bus" v="yes"/>
    <tag k="highway" v="bus_stop"/>
    <tag k="source" v="Gerencia de Transporte Metropolitano de Trujillo"/>
    <tag k="ref" v="PE-4"/>
  <tag k="network" v="Transporte Público Urbano Trujillo"/></node>
  <node id="-94" lat="-8.0677612" lon="-79.0507251" visible="true">
    <tag k="public_transport" v="platform"/>
    <tag k="bus" v="yes"/>
    <tag k="highway" v="bus_stop"/>
    <tag k="source" v="Gerencia de Transporte Metropolitano de Trujillo"/>
    <tag k="ref" v="PE-42"/>
  <tag k="network" v="Transporte Público Urbano Trujillo"/></node>
  <node id="-95" lat="-8.0742710" lon="-79.0480679" visible="true">
    <tag k="public_transport" v="platform"/>
    <tag k="bus" v="yes"/>
    <tag k="highway" v="bus_stop"/>
    <tag k="source" v="Gerencia de Transporte Metropolitano de Trujillo"/>
    <tag k="ref" v="PE-44"/>
  <tag k="network" v="Transporte Público Urbano Trujillo"/></node>
  <node id="-96" lat="-8.0732827" lon="-79.0532398" visible="true">
    <tag k="public_transport" v="platform"/>
    <tag k="bus" v="yes"/>
    <tag k="highway" v="bus_stop"/>
    <tag k="source" v="Gerencia de Transporte Metropolitano de Trujillo"/>
    <tag k="ref" v="PE-48"/>
  <tag k="network" v="Transporte Público Urbano Trujillo"/></node>
  <node id="-97" lat="-8.0627464" lon="-79.0491893" visible="true">
    <tag k="public_transport" v="platform"/>
    <tag k="bus" v="yes"/>
    <tag k="highway" v="bus_stop"/>
    <tag k="source" v="Gerencia de Transporte Metropolitano de Trujillo"/>
    <tag k="ref" v="PE-60"/>
  <tag k="network" v="Transporte Público Urbano Trujillo"/></node>
  <node id="-98" lat="-8.0555369" lon="-79.0480820" visible="true">
    <tag k="public_transport" v="platform"/>
    <tag k="bus" v="yes"/>
    <tag k="highway" v="bus_stop"/>
    <tag k="source" v="Gerencia de Transporte Metropolitano de Trujillo"/>
    <tag k="ref" v="PE-67"/>
  <tag k="network" v="Transporte Público Urbano Trujillo"/></node>
  <node id="-99" lat="-8.0559167" lon="-79.0497489" visible="true">
    <tag k="public_transport" v="platform"/>
    <tag k="bus" v="yes"/>
    <tag k="highway" v="bus_stop"/>
    <tag k="source" v="Gerencia de Transporte Metropolitano de Trujillo"/>
    <tag k="ref" v="PE-68"/>
  <tag k="network" v="Transporte Público Urbano Trujillo"/></node>
  <node id="-100" lat="-8.0565957" lon="-79.0515199" visible="true">
    <tag k="public_transport" v="platform"/>
    <tag k="bus" v="yes"/>
    <tag k="highway" v="bus_stop"/>
    <tag k="source" v="Gerencia de Transporte Metropolitano de Trujillo"/>
    <tag k="ref" v="PE-69"/>
  <tag k="network" v="Transporte Público Urbano Trujillo"/></node>
  <node id="-101" lat="-8.0614137" lon="-79.0489176" visible="true">
    <tag k="public_transport" v="platform"/>
    <tag k="bus" v="yes"/>
    <tag k="highway" v="bus_stop"/>
    <tag k="source" v="Gerencia de Transporte Metropolitano de Trujillo"/>
    <tag k="ref" v="PE-72"/>
  <tag k="network" v="Transporte Público Urbano Trujillo"/></node>
  <node id="-102" lat="-8.0621145" lon="-79.0517523" visible="true">
    <tag k="public_transport" v="platform"/>
    <tag k="bus" v="yes"/>
    <tag k="highway" v="bus_stop"/>
    <tag k="source" v="Gerencia de Transporte Metropolitano de Trujillo"/>
    <tag k="ref" v="PE-73"/>
  <tag k="network" v="Transporte Público Urbano Trujillo"/></node>
  <node id="-103" lat="-8.0658787" lon="-79.0447687" visible="true">
    <tag k="public_transport" v="platform"/>
    <tag k="bus" v="yes"/>
    <tag k="highway" v="bus_stop"/>
    <tag k="source" v="Gerencia de Transporte Metropolitano de Trujillo"/>
    <tag k="ref" v="PE-76"/>
  <tag k="network" v="Transporte Público Urbano Trujillo"/></node>
  <node id="-104" lat="-8.0669380" lon="-79.0454769" visible="true">
    <tag k="public_transport" v="platform"/>
    <tag k="bus" v="yes"/>
    <tag k="highway" v="bus_stop"/>
    <tag k="source" v="Gerencia de Transporte Metropolitano de Trujillo"/>
    <tag k="ref" v="PE-78"/>
  <tag k="network" v="Transporte Público Urbano Trujillo"/></node>
  <node id="-105" lat="-8.0687889" lon="-79.0445976" visible="true">
    <tag k="public_transport" v="platform"/>
    <tag k="bus" v="yes"/>
    <tag k="highway" v="bus_stop"/>
    <tag k="source" v="Gerencia de Transporte Metropolitano de Trujillo"/>
    <tag k="ref" v="PE-79"/>
  <tag k="network" v="Transporte Público Urbano Trujillo"/></node>
  <node id="-106" lat="-8.0721117" lon="-79.0415496" visible="true">
    <tag k="public_transport" v="platform"/>
    <tag k="bus" v="yes"/>
    <tag k="highway" v="bus_stop"/>
    <tag k="source" v="Gerencia de Transporte Metropolitano de Trujillo"/>
    <tag k="ref" v="PE-81"/>
  <tag k="network" v="Transporte Público Urbano Trujillo"/></node>
  <node id="-107" lat="-8.0737142" lon="-79.0423665" visible="true">
    <tag k="public_transport" v="platform"/>
    <tag k="bus" v="yes"/>
    <tag k="highway" v="bus_stop"/>
    <tag k="source" v="Gerencia de Transporte Metropolitano de Trujillo"/>
    <tag k="ref" v="PE-82"/>
  <tag k="network" v="Transporte Público Urbano Trujillo"/></node>
  <node id="-108" lat="-8.0759611" lon="-79.0568656" visible="true">
    <tag k="public_transport" v="platform"/>
    <tag k="bus" v="yes"/>
    <tag k="highway" v="bus_stop"/>
    <tag k="source" v="Gerencia de Transporte Metropolitano de Trujillo"/>
    <tag k="ref" v="PE-88"/>
  <tag k="network" v="Transporte Público Urbano Trujillo"/></node>
  <node id="-109" lat="-8.0726609" lon="-79.0605818" visible="true">
    <tag k="public_transport" v="platform"/>
    <tag k="bus" v="yes"/>
    <tag k="highway" v="bus_stop"/>
    <tag k="source" v="Gerencia de Transporte Metropolitano de Trujillo"/>
    <tag k="ref" v="PE-97"/>
  <tag k="network" v="Transporte Público Urbano Trujillo"/></node>
  <node id="-110" lat="-8.0803621" lon="-79.0245885" visible="true">
    <tag k="public_transport" v="platform"/>
    <tag k="bus" v="yes"/>
    <tag k="highway" v="bus_stop"/>
    <tag k="source" v="Gerencia de Transporte Metropolitano de Trujillo"/>
    <tag k="ref" v="PFM-10"/>
  <tag k="network" v="Transporte Público Urbano Trujillo"/></node>
  <node id="-111" lat="-8.0830030" lon="-79.0304228" visible="true">
    <tag k="public_transport" v="platform"/>
    <tag k="bus" v="yes"/>
    <tag k="highway" v="bus_stop"/>
    <tag k="source" v="Gerencia de Transporte Metropolitano de Trujillo"/>
    <tag k="ref" v="PFM-68"/>
  <tag k="network" v="Transporte Público Urbano Trujillo"/></node>
  <node id="-112" lat="-8.0797966" lon="-79.0308157" visible="true">
    <tag k="public_transport" v="platform"/>
    <tag k="bus" v="yes"/>
    <tag k="highway" v="bus_stop"/>
    <tag k="source" v="Gerencia de Transporte Metropolitano de Trujillo"/>
    <tag k="ref" v="PFM-84"/>
  <tag k="network" v="Transporte Público Urbano Trujillo"/></node>
  <node id="-113" lat="-8.0761374" lon="-79.0280604" visible="true">
    <tag k="public_transport" v="platform"/>
    <tag k="bus" v="yes"/>
    <tag k="highway" v="bus_stop"/>
    <tag k="source" v="Gerencia de Transporte Metropolitano de Trujillo"/>
    <tag k="ref" v="PFM-86"/>
  <tag k="network" v="Transporte Público Urbano Trujillo"/></node>
  <node id="-114" lat="-8.0804396" lon="-79.0245255" visible="true">
    <tag k="public_transport" v="platform"/>
    <tag k="bus" v="yes"/>
    <tag k="highway" v="bus_stop"/>
    <tag k="source" v="Gerencia de Transporte Metropolitano de Trujillo"/>
    <tag k="ref" v="PFM-9"/>
  <tag k="network" v="Transporte Público Urbano Trujillo"/></node>
  <node id="-115" lat="-8.0709439" lon="-79.0263426" visible="true">
    <tag k="public_transport" v="platform"/>
    <tag k="bus" v="yes"/>
    <tag k="highway" v="bus_stop"/>
    <tag k="source" v="Gerencia de Transporte Metropolitano de Trujillo"/>
    <tag k="ref" v="PFM-98"/>
  <tag k="network" v="Transporte Público Urbano Trujillo"/></node>
  <node id="-116" lat="-8.0364956" lon="-79.0670920" visible="true">
    <tag k="public_transport" v="platform"/>
    <tag k="bus" v="yes"/>
    <tag k="highway" v="bus_stop"/>
    <tag k="source" v="Gerencia de Transporte Metropolitano de Trujillo"/>
    <tag k="ref" v="PH-100"/>
  <tag k="network" v="Transporte Público Urbano Trujillo"/></node>
  <node id="-117" lat="-8.0053188" lon="-79.0709029" visible="true">
    <tag k="public_transport" v="platform"/>
    <tag k="bus" v="yes"/>
    <tag k="highway" v="bus_stop"/>
    <tag k="source" v="Gerencia de Transporte Metropolitano de Trujillo"/>
    <tag k="ref" v="PH-101"/>
  <tag k="network" v="Transporte Público Urbano Trujillo"/></node>
  <node id="-118" lat="-7.9929843" lon="-79.0747991" visible="true">
    <tag k="public_transport" v="platform"/>
    <tag k="bus" v="yes"/>
    <tag k="highway" v="bus_stop"/>
    <tag k="source" v="Gerencia de Transporte Metropolitano de Trujillo"/>
    <tag k="ref" v="PH-102"/>
  <tag k="network" v="Transporte Público Urbano Trujillo"/></node>
  <node id="-119" lat="-7.9975336" lon="-79.0733612" visible="true">
    <tag k="public_transport" v="platform"/>
    <tag k="bus" v="yes"/>
    <tag k="highway" v="bus_stop"/>
    <tag k="source" v="Gerencia de Transporte Metropolitano de Trujillo"/>
    <tag k="ref" v="PH-103"/>
  <tag k="network" v="Transporte Público Urbano Trujillo"/></node>
  <node id="-120" lat="-8.0159950" lon="-79.0673078" visible="true">
    <tag k="public_transport" v="platform"/>
    <tag k="bus" v="yes"/>
    <tag k="highway" v="bus_stop"/>
    <tag k="source" v="Gerencia de Transporte Metropolitano de Trujillo"/>
    <tag k="ref" v="PH-109"/>
  <tag k="network" v="Transporte Público Urbano Trujillo"/></node>
  <node id="-121" lat="-8.0812524" lon="-79.1226920" visible="true">
    <tag k="public_transport" v="platform"/>
    <tag k="bus" v="yes"/>
    <tag k="highway" v="bus_stop"/>
    <tag k="source" v="Gerencia de Transporte Metropolitano de Trujillo"/>
    <tag k="ref" v="PH-11"/>
  <tag k="network" v="Transporte Público Urbano Trujillo"/></node>
  <node id="-122" lat="-8.0196706" lon="-79.0661602" visible="true">
    <tag k="public_transport" v="platform"/>
    <tag k="bus" v="yes"/>
    <tag k="highway" v="bus_stop"/>
    <tag k="source" v="Gerencia de Transporte Metropolitano de Trujillo"/>
    <tag k="ref" v="PH-110"/>
  <tag k="network" v="Transporte Público Urbano Trujillo"/></node>
  <node id="-123" lat="-8.0273704" lon="-79.0636536" visible="true">
    <tag k="public_transport" v="platform"/>
    <tag k="bus" v="yes"/>
    <tag k="highway" v="bus_stop"/>
    <tag k="source" v="Gerencia de Transporte Metropolitano de Trujillo"/>
    <tag k="ref" v="PH-112"/>
  <tag k="network" v="Transporte Público Urbano Trujillo"/></node>
  <node id="-124" lat="-8.0306138" lon="-79.0626536" visible="true">
    <tag k="public_transport" v="platform"/>
    <tag k="bus" v="yes"/>
    <tag k="highway" v="bus_stop"/>
    <tag k="source" v="Gerencia de Transporte Metropolitano de Trujillo"/>
    <tag k="ref" v="PH-113"/>
  <tag k="network" v="Transporte Público Urbano Trujillo"/></node>
  <node id="-125" lat="-8.0425310" lon="-79.0587534" visible="true">
    <tag k="public_transport" v="platform"/>
    <tag k="bus" v="yes"/>
    <tag k="highway" v="bus_stop"/>
    <tag k="source" v="Gerencia de Transporte Metropolitano de Trujillo"/>
    <tag k="ref" v="PH-116"/>
  <tag k="network" v="Transporte Público Urbano Trujillo"/></node>
  <node id="-126" lat="-8.0153774" lon="-79.0691328" visible="true">
    <tag k="public_transport" v="platform"/>
    <tag k="bus" v="yes"/>
    <tag k="highway" v="bus_stop"/>
    <tag k="source" v="Gerencia de Transporte Metropolitano de Trujillo"/>
    <tag k="ref" v="PH-117"/>
  <tag k="network" v="Transporte Público Urbano Trujillo"/></node>
  <node id="-127" lat="-8.0162457" lon="-79.0720972" visible="true">
    <tag k="public_transport" v="platform"/>
    <tag k="bus" v="yes"/>
    <tag k="highway" v="bus_stop"/>
    <tag k="source" v="Gerencia de Transporte Metropolitano de Trujillo"/>
    <tag k="ref" v="PH-118"/>
  <tag k="network" v="Transporte Público Urbano Trujillo"/></node>
  <node id="-128" lat="-8.0373568" lon="-79.0695006" visible="true">
    <tag k="public_transport" v="platform"/>
    <tag k="bus" v="yes"/>
    <tag k="highway" v="bus_stop"/>
    <tag k="source" v="Gerencia de Transporte Metropolitano de Trujillo"/>
    <tag k="ref" v="PH-125"/>
  <tag k="network" v="Transporte Público Urbano Trujillo"/></node>
  <node id="-129" lat="-8.0155533" lon="-79.0673739" visible="true">
    <tag k="public_transport" v="platform"/>
    <tag k="bus" v="yes"/>
    <tag k="highway" v="bus_stop"/>
    <tag k="source" v="Gerencia de Transporte Metropolitano de Trujillo"/>
    <tag k="ref" v="PH-128"/>
  <tag k="network" v="Transporte Público Urbano Trujillo"/></node>
  <node id="-130" lat="-8.0269626" lon="-79.0636060" visible="true">
    <tag k="public_transport" v="platform"/>
    <tag k="bus" v="yes"/>
    <tag k="highway" v="bus_stop"/>
    <tag k="source" v="Gerencia de Transporte Metropolitano de Trujillo"/>
    <tag k="ref" v="PH-131"/>
  <tag k="network" v="Transporte Público Urbano Trujillo"/></node>
  <node id="-131" lat="-8.0304715" lon="-79.0624792" visible="true">
    <tag k="public_transport" v="platform"/>
    <tag k="bus" v="yes"/>
    <tag k="highway" v="bus_stop"/>
    <tag k="source" v="Gerencia de Transporte Metropolitano de Trujillo"/>
    <tag k="ref" v="PH-132"/>
  <tag k="network" v="Transporte Público Urbano Trujillo"/></node>
  <node id="-132" lat="-8.0421470" lon="-79.0586570" visible="true">
    <tag k="public_transport" v="platform"/>
    <tag k="bus" v="yes"/>
    <tag k="highway" v="bus_stop"/>
    <tag k="source" v="Gerencia de Transporte Metropolitano de Trujillo"/>
    <tag k="ref" v="PH-135"/>
  <tag k="network" v="Transporte Público Urbano Trujillo"/></node>
  <node id="-133" lat="-7.9929158" lon="-79.0745783" visible="true">
    <tag k="public_transport" v="platform"/>
    <tag k="bus" v="yes"/>
    <tag k="highway" v="bus_stop"/>
    <tag k="source" v="Gerencia de Transporte Metropolitano de Trujillo"/>
    <tag k="ref" v="PH-136"/>
  <tag k="network" v="Transporte Público Urbano Trujillo"/></node>
  <node id="-134" lat="-7.9976500" lon="-79.0730719" visible="true">
    <tag k="public_transport" v="platform"/>
    <tag k="bus" v="yes"/>
    <tag k="highway" v="bus_stop"/>
    <tag k="source" v="Gerencia de Transporte Metropolitano de Trujillo"/>
    <tag k="ref" v="PH-137"/>
  <tag k="network" v="Transporte Público Urbano Trujillo"/></node>
  <node id="-135" lat="-8.0323716" lon="-79.0663938" visible="true">
    <tag k="public_transport" v="platform"/>
    <tag k="bus" v="yes"/>
    <tag k="highway" v="bus_stop"/>
    <tag k="source" v="Gerencia de Transporte Metropolitano de Trujillo"/>
    <tag k="ref" v="PH-144"/>
  <tag k="network" v="Transporte Público Urbano Trujillo"/></node>
  <node id="-136" lat="-8.0348911" lon="-79.0691141" visible="true">
    <tag k="public_transport" v="platform"/>
    <tag k="bus" v="yes"/>
    <tag k="highway" v="bus_stop"/>
    <tag k="source" v="Gerencia de Transporte Metropolitano de Trujillo"/>
    <tag k="ref" v="PH-146"/>
  <tag k="network" v="Transporte Público Urbano Trujillo"/></node>
  <node id="-137" lat="-8.0381761" lon="-79.0718674" visible="true">
    <tag k="public_transport" v="platform"/>
    <tag k="bus" v="yes"/>
    <tag k="highway" v="bus_stop"/>
    <tag k="source" v="Gerencia de Transporte Metropolitano de Trujillo"/>
    <tag k="ref" v="PH-148"/>
  <tag k="network" v="Transporte Público Urbano Trujillo"/></node>
  <node id="-138" lat="-8.0380713" lon="-79.0717600" visible="true">
    <tag k="public_transport" v="platform"/>
    <tag k="bus" v="yes"/>
    <tag k="highway" v="bus_stop"/>
    <tag k="source" v="Gerencia de Transporte Metropolitano de Trujillo"/>
    <tag k="ref" v="PH-149"/>
  <tag k="network" v="Transporte Público Urbano Trujillo"/></node>
  <node id="-139" lat="-8.0975252" lon="-79.1106729" visible="true">
    <tag k="public_transport" v="platform"/>
    <tag k="bus" v="yes"/>
    <tag k="highway" v="bus_stop"/>
    <tag k="source" v="Gerencia de Transporte Metropolitano de Trujillo"/>
    <tag k="ref" v="PH-15"/>
  <tag k="network" v="Transporte Público Urbano Trujillo"/></node>
  <node id="-140" lat="-8.0373015" lon="-79.0695985" visible="true">
    <tag k="public_transport" v="platform"/>
    <tag k="bus" v="yes"/>
    <tag k="highway" v="bus_stop"/>
    <tag k="source" v="Gerencia de Transporte Metropolitano de Trujillo"/>
    <tag k="ref" v="PH-150"/>
  <tag k="network" v="Transporte Público Urbano Trujillo"/></node>
  <node id="-141" lat="-8.0364951" lon="-79.0668594" visible="true">
    <tag k="public_transport" v="platform"/>
    <tag k="bus" v="yes"/>
    <tag k="highway" v="bus_stop"/>
    <tag k="source" v="Gerencia de Transporte Metropolitano de Trujillo"/>
    <tag k="ref" v="PH-151"/>
  <tag k="network" v="Transporte Público Urbano Trujillo"/></node>
  <node id="-142" lat="-8.0419891" lon="-79.0755401" visible="true">
    <tag k="public_transport" v="platform"/>
    <tag k="bus" v="yes"/>
    <tag k="highway" v="bus_stop"/>
    <tag k="source" v="Gerencia de Transporte Metropolitano de Trujillo"/>
    <tag k="ref" v="PH-154"/>
  <tag k="network" v="Transporte Público Urbano Trujillo"/></node>
  <node id="-143" lat="-8.0297127" lon="-79.0589251" visible="true">
    <tag k="public_transport" v="platform"/>
    <tag k="bus" v="yes"/>
    <tag k="highway" v="bus_stop"/>
    <tag k="source" v="Gerencia de Transporte Metropolitano de Trujillo"/>
    <tag k="ref" v="PH-162"/>
  <tag k="network" v="Transporte Público Urbano Trujillo"/></node>
  <node id="-144" lat="-8.0297431" lon="-79.0590476" visible="true">
    <tag k="public_transport" v="platform"/>
    <tag k="bus" v="yes"/>
    <tag k="highway" v="bus_stop"/>
    <tag k="source" v="Gerencia de Transporte Metropolitano de Trujillo"/>
    <tag k="ref" v="PH-163"/>
  <tag k="network" v="Transporte Público Urbano Trujillo"/></node>
  <node id="-145" lat="-8.0928578" lon="-79.0545901" visible="true">
    <tag k="public_transport" v="platform"/>
    <tag k="bus" v="yes"/>
    <tag k="highway" v="bus_stop"/>
    <tag k="source" v="Gerencia de Transporte Metropolitano de Trujillo"/>
    <tag k="ref" v="PH-167"/>
  <tag k="network" v="Transporte Público Urbano Trujillo"/></node>
  <node id="-146" lat="-8.0868799" lon="-79.1000869" visible="true">
    <tag k="public_transport" v="platform"/>
    <tag k="bus" v="yes"/>
    <tag k="highway" v="bus_stop"/>
    <tag k="source" v="Gerencia de Transporte Metropolitano de Trujillo"/>
    <tag k="ref" v="PH-17"/>
  <tag k="network" v="Transporte Público Urbano Trujillo"/></node>
  <node id="-147" lat="-8.0707524" lon="-79.1130563" visible="true">
    <tag k="public_transport" v="platform"/>
    <tag k="bus" v="yes"/>
    <tag k="highway" v="bus_stop"/>
    <tag k="source" v="Gerencia de Transporte Metropolitano de Trujillo"/>
    <tag k="ref" v="PH-19"/>
  <tag k="network" v="Transporte Público Urbano Trujillo"/></node>
  <node id="-148" lat="-8.0990953" lon="-79.1093556" visible="true">
    <tag k="public_transport" v="platform"/>
    <tag k="bus" v="yes"/>
    <tag k="highway" v="bus_stop"/>
    <tag k="source" v="Gerencia de Transporte Metropolitano de Trujillo"/>
    <tag k="ref" v="PH-23"/>
  <tag k="network" v="Transporte Público Urbano Trujillo"/></node>
  <node id="-149" lat="-8.1009414" lon="-79.1067659" visible="true">
    <tag k="public_transport" v="platform"/>
    <tag k="bus" v="yes"/>
    <tag k="highway" v="bus_stop"/>
    <tag k="source" v="Gerencia de Transporte Metropolitano de Trujillo"/>
    <tag k="ref" v="PH-24"/>
  <tag k="network" v="Transporte Público Urbano Trujillo"/></node>
  <node id="-150" lat="-8.0867295" lon="-79.1001045" visible="true">
    <tag k="public_transport" v="platform"/>
    <tag k="bus" v="yes"/>
    <tag k="highway" v="bus_stop"/>
    <tag k="source" v="Gerencia de Transporte Metropolitano de Trujillo"/>
    <tag k="ref" v="PH-25"/>
  <tag k="network" v="Transporte Público Urbano Trujillo"/></node>
  <node id="-151" lat="-8.0972975" lon="-79.1105261" visible="true">
    <tag k="public_transport" v="platform"/>
    <tag k="bus" v="yes"/>
    <tag k="highway" v="bus_stop"/>
    <tag k="source" v="Gerencia de Transporte Metropolitano de Trujillo"/>
    <tag k="ref" v="PH-27"/>
  <tag k="network" v="Transporte Público Urbano Trujillo"/></node>
  <node id="-152" lat="-8.0827213" lon="-79.1134901" visible="true">
    <tag k="public_transport" v="platform"/>
    <tag k="bus" v="yes"/>
    <tag k="highway" v="bus_stop"/>
    <tag k="source" v="Gerencia de Transporte Metropolitano de Trujillo"/>
    <tag k="ref" v="PH-3"/>
  <tag k="network" v="Transporte Público Urbano Trujillo"/></node>
  <node id="-153" lat="-8.0838447" lon="-79.1230144" visible="true">
    <tag k="public_transport" v="platform"/>
    <tag k="bus" v="yes"/>
    <tag k="highway" v="bus_stop"/>
    <tag k="source" v="Gerencia de Transporte Metropolitano de Trujillo"/>
    <tag k="ref" v="PH-31"/>
  <tag k="network" v="Transporte Público Urbano Trujillo"/></node>
  <node id="-154" lat="-8.0819735" lon="-79.1223416" visible="true">
    <tag k="public_transport" v="platform"/>
    <tag k="bus" v="yes"/>
    <tag k="highway" v="bus_stop"/>
    <tag k="source" v="Gerencia de Transporte Metropolitano de Trujillo"/>
    <tag k="ref" v="PH-32"/>
  <tag k="network" v="Transporte Público Urbano Trujillo"/></node>
  <node id="-155" lat="-8.0785497" lon="-79.1164473" visible="true">
    <tag k="public_transport" v="platform"/>
    <tag k="bus" v="yes"/>
    <tag k="highway" v="bus_stop"/>
    <tag k="source" v="Gerencia de Transporte Metropolitano de Trujillo"/>
    <tag k="ref" v="PH-39"/>
  <tag k="network" v="Transporte Público Urbano Trujillo"/></node>
  <node id="-156" lat="-8.0670427" lon="-79.1119697" visible="true">
    <tag k="public_transport" v="platform"/>
    <tag k="bus" v="yes"/>
    <tag k="highway" v="bus_stop"/>
    <tag k="source" v="Gerencia de Transporte Metropolitano de Trujillo"/>
    <tag k="ref" v="PH-44"/>
  <tag k="network" v="Transporte Público Urbano Trujillo"/></node>
  <node id="-157" lat="-8.1009844" lon="-79.1065686" visible="true">
    <tag k="public_transport" v="platform"/>
    <tag k="bus" v="yes"/>
    <tag k="highway" v="bus_stop"/>
    <tag k="source" v="Gerencia de Transporte Metropolitano de Trujillo"/>
    <tag k="ref" v="PH-45"/>
  <tag k="network" v="Transporte Público Urbano Trujillo"/></node>
  <node id="-158" lat="-8.0989125" lon="-79.1094810" visible="true">
    <tag k="public_transport" v="platform"/>
    <tag k="bus" v="yes"/>
    <tag k="highway" v="bus_stop"/>
    <tag k="source" v="Gerencia de Transporte Metropolitano de Trujillo"/>
    <tag k="ref" v="PH-46"/>
  <tag k="network" v="Transporte Público Urbano Trujillo"/></node>
  <node id="-159" lat="-8.1011311" lon="-79.0574763" visible="true">
    <tag k="public_transport" v="platform"/>
    <tag k="bus" v="yes"/>
    <tag k="highway" v="bus_stop"/>
    <tag k="source" v="Gerencia de Transporte Metropolitano de Trujillo"/>
    <tag k="ref" v="PH-55"/>
  <tag k="network" v="Transporte Público Urbano Trujillo"/></node>
  <node id="-160" lat="-8.1049948" lon="-79.0996378" visible="true">
    <tag k="public_transport" v="platform"/>
    <tag k="bus" v="yes"/>
    <tag k="highway" v="bus_stop"/>
    <tag k="source" v="Gerencia de Transporte Metropolitano de Trujillo"/>
    <tag k="ref" v="PH-57"/>
  <tag k="network" v="Transporte Público Urbano Trujillo"/></node>
  <node id="-161" lat="-8.1028484" lon="-79.0988919" visible="true">
    <tag k="public_transport" v="platform"/>
    <tag k="bus" v="yes"/>
    <tag k="highway" v="bus_stop"/>
    <tag k="source" v="Gerencia de Transporte Metropolitano de Trujillo"/>
    <tag k="ref" v="PH-58"/>
  <tag k="network" v="Transporte Público Urbano Trujillo"/></node>
  <node id="-162" lat="-8.0991141" lon="-79.0991171" visible="true">
    <tag k="public_transport" v="platform"/>
    <tag k="bus" v="yes"/>
    <tag k="highway" v="bus_stop"/>
    <tag k="source" v="Gerencia de Transporte Metropolitano de Trujillo"/>
    <tag k="ref" v="PH-59"/>
  <tag k="network" v="Transporte Público Urbano Trujillo"/></node>
  <node id="-163" lat="-8.0957239" lon="-79.0986323" visible="true">
    <tag k="public_transport" v="platform"/>
    <tag k="bus" v="yes"/>
    <tag k="highway" v="bus_stop"/>
    <tag k="source" v="Gerencia de Transporte Metropolitano de Trujillo"/>
    <tag k="ref" v="PH-60"/>
  <tag k="network" v="Transporte Público Urbano Trujillo"/></node>
  <node id="-164" lat="-8.0926387" lon="-79.0978411" visible="true">
    <tag k="public_transport" v="platform"/>
    <tag k="bus" v="yes"/>
    <tag k="highway" v="bus_stop"/>
    <tag k="source" v="Gerencia de Transporte Metropolitano de Trujillo"/>
    <tag k="ref" v="PH-61"/>
  <tag k="network" v="Transporte Público Urbano Trujillo"/></node>
  <node id="-165" lat="-8.0898048" lon="-79.0970780" visible="true">
    <tag k="public_transport" v="platform"/>
    <tag k="bus" v="yes"/>
    <tag k="highway" v="bus_stop"/>
    <tag k="source" v="Gerencia de Transporte Metropolitano de Trujillo"/>
    <tag k="ref" v="PH-62"/>
  <tag k="network" v="Transporte Público Urbano Trujillo"/></node>
  <node id="-166" lat="-8.0765994" lon="-79.1176733" visible="true">
    <tag k="public_transport" v="platform"/>
    <tag k="bus" v="yes"/>
    <tag k="highway" v="bus_stop"/>
    <tag k="source" v="Gerencia de Transporte Metropolitano de Trujillo"/>
    <tag k="ref" v="PH-7"/>
  <tag k="network" v="Transporte Público Urbano Trujillo"/></node>
  <node id="-167" lat="-8.0894992" lon="-79.0970211" visible="true">
    <tag k="public_transport" v="platform"/>
    <tag k="bus" v="yes"/>
    <tag k="highway" v="bus_stop"/>
    <tag k="source" v="Gerencia de Transporte Metropolitano de Trujillo"/>
    <tag k="ref" v="PH-73"/>
  <tag k="network" v="Transporte Público Urbano Trujillo"/></node>
  <node id="-168" lat="-8.0923390" lon="-79.0977797" visible="true">
    <tag k="public_transport" v="platform"/>
    <tag k="bus" v="yes"/>
    <tag k="highway" v="bus_stop"/>
    <tag k="source" v="Gerencia de Transporte Metropolitano de Trujillo"/>
    <tag k="ref" v="PH-74"/>
  <tag k="network" v="Transporte Público Urbano Trujillo"/></node>
  <node id="-169" lat="-8.0955774" lon="-79.0986306" visible="true">
    <tag k="public_transport" v="platform"/>
    <tag k="bus" v="yes"/>
    <tag k="highway" v="bus_stop"/>
    <tag k="source" v="Gerencia de Transporte Metropolitano de Trujillo"/>
    <tag k="ref" v="PH-75"/>
  <tag k="network" v="Transporte Público Urbano Trujillo"/></node>
  <node id="-170" lat="-8.0988643" lon="-79.0991120" visible="true">
    <tag k="public_transport" v="platform"/>
    <tag k="bus" v="yes"/>
    <tag k="highway" v="bus_stop"/>
    <tag k="source" v="Gerencia de Transporte Metropolitano de Trujillo"/>
    <tag k="ref" v="PH-76"/>
  <tag k="network" v="Transporte Público Urbano Trujillo"/></node>
  <node id="-171" lat="-8.1026599" lon="-79.0989491" visible="true">
    <tag k="public_transport" v="platform"/>
    <tag k="bus" v="yes"/>
    <tag k="highway" v="bus_stop"/>
    <tag k="source" v="Gerencia de Transporte Metropolitano de Trujillo"/>
    <tag k="ref" v="PH-77"/>
  <tag k="network" v="Transporte Público Urbano Trujillo"/></node>
  <node id="-172" lat="-8.1050310" lon="-79.0994216" visible="true">
    <tag k="public_transport" v="platform"/>
    <tag k="bus" v="yes"/>
    <tag k="highway" v="bus_stop"/>
    <tag k="source" v="Gerencia de Transporte Metropolitano de Trujillo"/>
    <tag k="ref" v="PH-78"/>
  <tag k="network" v="Transporte Público Urbano Trujillo"/></node>
  <node id="-173" lat="-8.1029646" lon="-79.1024055" visible="true">
    <tag k="public_transport" v="platform"/>
    <tag k="bus" v="yes"/>
    <tag k="highway" v="bus_stop"/>
    <tag k="source" v="Gerencia de Transporte Metropolitano de Trujillo"/>
    <tag k="ref" v="PH-79"/>
  <tag k="network" v="Transporte Público Urbano Trujillo"/></node>
  <node id="-174" lat="-8.0734127" lon="-79.1183684" visible="true">
    <tag k="public_transport" v="platform"/>
    <tag k="bus" v="yes"/>
    <tag k="highway" v="bus_stop"/>
    <tag k="source" v="Gerencia de Transporte Metropolitano de Trujillo"/>
    <tag k="ref" v="PH-8"/>
  <tag k="network" v="Transporte Público Urbano Trujillo"/></node>
  <node id="-175" lat="-8.0889465" lon="-79.0916476" visible="true">
    <tag k="public_transport" v="platform"/>
    <tag k="bus" v="yes"/>
    <tag k="highway" v="bus_stop"/>
    <tag k="source" v="Gerencia de Transporte Metropolitano de Trujillo"/>
    <tag k="ref" v="PH-81"/>
  <tag k="network" v="Transporte Público Urbano Trujillo"/></node>
  <node id="-176" lat="-8.0907488" lon="-79.0526884" visible="true">
    <tag k="public_transport" v="platform"/>
    <tag k="bus" v="yes"/>
    <tag k="highway" v="bus_stop"/>
    <tag k="source" v="Gerencia de Transporte Metropolitano de Trujillo"/>
    <tag k="ref" v="PH-83"/>
  <tag k="network" v="Transporte Público Urbano Trujillo"/></node>
  <node id="-177" lat="-8.0898841" lon="-79.0538717" visible="true">
    <tag k="public_transport" v="platform"/>
    <tag k="bus" v="yes"/>
    <tag k="highway" v="bus_stop"/>
    <tag k="source" v="Gerencia de Transporte Metropolitano de Trujillo"/>
    <tag k="ref" v="PH-87"/>
  <tag k="network" v="Transporte Público Urbano Trujillo"/></node>
  <node id="-178" lat="-8.0756212" lon="-79.1190308" visible="true">
    <tag k="public_transport" v="platform"/>
    <tag k="bus" v="yes"/>
    <tag k="highway" v="bus_stop"/>
    <tag k="source" v="Gerencia de Transporte Metropolitano de Trujillo"/>
    <tag k="ref" v="PH-9"/>
  <tag k="network" v="Transporte Público Urbano Trujillo"/></node>
  <node id="-179" lat="-8.0162428" lon="-79.0718624" visible="true">
    <tag k="public_transport" v="platform"/>
    <tag k="bus" v="yes"/>
    <tag k="highway" v="bus_stop"/>
    <tag k="source" v="Gerencia de Transporte Metropolitano de Trujillo"/>
    <tag k="ref" v="PH-91"/>
  <tag k="network" v="Transporte Público Urbano Trujillo"/></node>
  <node id="-180" lat="-8.0340704" lon="-79.0665462" visible="true">
    <tag k="public_transport" v="platform"/>
    <tag k="bus" v="yes"/>
    <tag k="highway" v="bus_stop"/>
    <tag k="source" v="Gerencia de Transporte Metropolitano de Trujillo"/>
    <tag k="ref" v="PH-97"/>
  <tag k="network" v="Transporte Público Urbano Trujillo"/></node>
  <node id="-181" lat="-8.0348317" lon="-79.0689048" visible="true">
    <tag k="public_transport" v="platform"/>
    <tag k="bus" v="yes"/>
    <tag k="highway" v="bus_stop"/>
    <tag k="source" v="Gerencia de Transporte Metropolitano de Trujillo"/>
    <tag k="ref" v="PH-98"/>
  <tag k="network" v="Transporte Público Urbano Trujillo"/></node>
  <node id="-182" lat="-8.0754198" lon="-79.0057421" visible="true">
    <tag k="public_transport" v="platform"/>
    <tag k="bus" v="yes"/>
    <tag k="highway" v="bus_stop"/>
    <tag k="source" v="Gerencia de Transporte Metropolitano de Trujillo"/>
    <tag k="ref" v="PP-100"/>
  <tag k="network" v="Transporte Público Urbano Trujillo"/></node>
  <node id="-183" lat="-8.0829353" lon="-78.9928229" visible="true">
    <tag k="public_transport" v="platform"/>
    <tag k="bus" v="yes"/>
    <tag k="highway" v="bus_stop"/>
    <tag k="source" v="Gerencia de Transporte Metropolitano de Trujillo"/>
    <tag k="ref" v="PP-11"/>
  <tag k="network" v="Transporte Público Urbano Trujillo"/></node>
  <node id="-184" lat="-8.0799871" lon="-78.9936224" visible="true">
    <tag k="public_transport" v="platform"/>
    <tag k="bus" v="yes"/>
    <tag k="highway" v="bus_stop"/>
    <tag k="source" v="Gerencia de Transporte Metropolitano de Trujillo"/>
    <tag k="ref" v="PP-12"/>
  <tag k="network" v="Transporte Público Urbano Trujillo"/></node>
  <node id="-185" lat="-8.0752439" lon="-79.0049673" visible="true">
    <tag k="public_transport" v="platform"/>
    <tag k="bus" v="yes"/>
    <tag k="highway" v="bus_stop"/>
    <tag k="source" v="Gerencia de Transporte Metropolitano de Trujillo"/>
    <tag k="ref" v="PP-122"/>
  <tag k="network" v="Transporte Público Urbano Trujillo"/></node>
  <node id="-186" lat="-8.0750171" lon="-79.0052388" visible="true">
    <tag k="public_transport" v="platform"/>
    <tag k="bus" v="yes"/>
    <tag k="highway" v="bus_stop"/>
    <tag k="source" v="Gerencia de Transporte Metropolitano de Trujillo"/>
    <tag k="ref" v="PP-123"/>
  <tag k="network" v="Transporte Público Urbano Trujillo"/></node>
  <node id="-187" lat="-8.0759705" lon="-79.0081743" visible="true">
    <tag k="public_transport" v="platform"/>
    <tag k="bus" v="yes"/>
    <tag k="highway" v="bus_stop"/>
    <tag k="source" v="Gerencia de Transporte Metropolitano de Trujillo"/>
    <tag k="ref" v="PP-128"/>
  <tag k="network" v="Transporte Público Urbano Trujillo"/></node>
  <node id="-188" lat="-8.0761080" lon="-79.0078545" visible="true">
    <tag k="public_transport" v="platform"/>
    <tag k="bus" v="yes"/>
    <tag k="highway" v="bus_stop"/>
    <tag k="source" v="Gerencia de Transporte Metropolitano de Trujillo"/>
    <tag k="ref" v="PP-129"/>
  <tag k="network" v="Transporte Público Urbano Trujillo"/></node>
  <node id="-189" lat="-8.0725376" lon="-79.0108963" visible="true">
    <tag k="public_transport" v="platform"/>
    <tag k="bus" v="yes"/>
    <tag k="highway" v="bus_stop"/>
    <tag k="source" v="Gerencia de Transporte Metropolitano de Trujillo"/>
    <tag k="ref" v="PP-132"/>
  <tag k="network" v="Transporte Público Urbano Trujillo"/></node>
  <node id="-190" lat="-8.0724742" lon="-79.0026743" visible="true">
    <tag k="public_transport" v="platform"/>
    <tag k="bus" v="yes"/>
    <tag k="highway" v="bus_stop"/>
    <tag k="source" v="Gerencia de Transporte Metropolitano de Trujillo"/>
    <tag k="ref" v="PP-149"/>
  <tag k="network" v="Transporte Público Urbano Trujillo"/></node>
  <node id="-191" lat="-8.0725658" lon="-79.0027052" visible="true">
    <tag k="public_transport" v="platform"/>
    <tag k="bus" v="yes"/>
    <tag k="highway" v="bus_stop"/>
    <tag k="source" v="Gerencia de Transporte Metropolitano de Trujillo"/>
    <tag k="ref" v="PP-150"/>
  <tag k="network" v="Transporte Público Urbano Trujillo"/></node>
  <node id="-192" lat="-8.0685459" lon="-78.9938130" visible="true">
    <tag k="public_transport" v="platform"/>
    <tag k="bus" v="yes"/>
    <tag k="highway" v="bus_stop"/>
    <tag k="source" v="Gerencia de Transporte Metropolitano de Trujillo"/>
    <tag k="ref" v="PP-156"/>
  <tag k="network" v="Transporte Público Urbano Trujillo"/></node>
  <node id="-193" lat="-8.0755903" lon="-78.9934329" visible="true">
    <tag k="public_transport" v="platform"/>
    <tag k="bus" v="yes"/>
    <tag k="highway" v="bus_stop"/>
    <tag k="source" v="Gerencia de Transporte Metropolitano de Trujillo"/>
    <tag k="ref" v="PP-163"/>
  <tag k="network" v="Transporte Público Urbano Trujillo"/></node>
  <node id="-194" lat="-8.0711607" lon="-78.9922652" visible="true">
    <tag k="public_transport" v="platform"/>
    <tag k="bus" v="yes"/>
    <tag k="highway" v="bus_stop"/>
    <tag k="source" v="Gerencia de Transporte Metropolitano de Trujillo"/>
    <tag k="ref" v="PP-168"/>
  <tag k="network" v="Transporte Público Urbano Trujillo"/></node>
  <node id="-195" lat="-8.0716927" lon="-79.0175100" visible="true">
    <tag k="public_transport" v="platform"/>
    <tag k="bus" v="yes"/>
    <tag k="highway" v="bus_stop"/>
    <tag k="source" v="Gerencia de Transporte Metropolitano de Trujillo"/>
    <tag k="ref" v="PP-183"/>
  <tag k="network" v="Transporte Público Urbano Trujillo"/></node>
  <node id="-196" lat="-8.0714825" lon="-79.0179681" visible="true">
    <tag k="public_transport" v="platform"/>
    <tag k="bus" v="yes"/>
    <tag k="highway" v="bus_stop"/>
    <tag k="source" v="Gerencia de Transporte Metropolitano de Trujillo"/>
    <tag k="ref" v="PP-186"/>
  <tag k="network" v="Transporte Público Urbano Trujillo"/></node>
  <node id="-197" lat="-8.0889930" lon="-78.9940735" visible="true">
    <tag k="public_transport" v="platform"/>
    <tag k="bus" v="yes"/>
    <tag k="highway" v="bus_stop"/>
    <tag k="source" v="Gerencia de Transporte Metropolitano de Trujillo"/>
    <tag k="ref" v="PP-27"/>
  <tag k="network" v="Transporte Público Urbano Trujillo"/></node>
  <node id="-198" lat="-8.0657022" lon="-78.9887117" visible="true">
    <tag k="public_transport" v="platform"/>
    <tag k="bus" v="yes"/>
    <tag k="highway" v="bus_stop"/>
    <tag k="source" v="Gerencia de Transporte Metropolitano de Trujillo"/>
    <tag k="ref" v="PP-3"/>
  <tag k="network" v="Transporte Público Urbano Trujillo"/></node>
  <node id="-199" lat="-8.0795148" lon="-78.9998016" visible="true">
    <tag k="public_transport" v="platform"/>
    <tag k="bus" v="yes"/>
    <tag k="highway" v="bus_stop"/>
    <tag k="source" v="Gerencia de Transporte Metropolitano de Trujillo"/>
    <tag k="ref" v="PP-39"/>
  <tag k="network" v="Transporte Público Urbano Trujillo"/></node>
  <node id="-200" lat="-8.0702459" lon="-78.9866036" visible="true">
    <tag k="public_transport" v="platform"/>
    <tag k="bus" v="yes"/>
    <tag k="highway" v="bus_stop"/>
    <tag k="source" v="Gerencia de Transporte Metropolitano de Trujillo"/>
    <tag k="ref" v="PP-4"/>
  <tag k="network" v="Transporte Público Urbano Trujillo"/></node>
  <node id="-201" lat="-8.0891372" lon="-78.9941117" visible="true">
    <tag k="public_transport" v="platform"/>
    <tag k="bus" v="yes"/>
    <tag k="highway" v="bus_stop"/>
    <tag k="source" v="Gerencia de Transporte Metropolitano de Trujillo"/>
    <tag k="ref" v="PP-42"/>
  <tag k="network" v="Transporte Público Urbano Trujillo"/></node>
  <node id="-202" lat="-8.0831629" lon="-78.9955326" visible="true">
    <tag k="public_transport" v="platform"/>
    <tag k="bus" v="yes"/>
    <tag k="highway" v="bus_stop"/>
    <tag k="source" v="Gerencia de Transporte Metropolitano de Trujillo"/>
    <tag k="ref" v="PP-46"/>
  <tag k="network" v="Transporte Público Urbano Trujillo"/></node>
  <node id="-203" lat="-8.0834177" lon="-78.9952695" visible="true">
    <tag k="public_transport" v="platform"/>
    <tag k="bus" v="yes"/>
    <tag k="highway" v="bus_stop"/>
    <tag k="source" v="Gerencia de Transporte Metropolitano de Trujillo"/>
    <tag k="ref" v="PP-47"/>
  <tag k="network" v="Transporte Público Urbano Trujillo"/></node>
  <node id="-204" lat="-8.0815139" lon="-78.9990939" visible="true">
    <tag k="public_transport" v="platform"/>
    <tag k="bus" v="yes"/>
    <tag k="highway" v="bus_stop"/>
    <tag k="source" v="Gerencia de Transporte Metropolitano de Trujillo"/>
    <tag k="ref" v="PP-48"/>
  <tag k="network" v="Transporte Público Urbano Trujillo"/></node>
  <node id="-205" lat="-8.0799968" lon="-78.9937284" visible="true">
    <tag k="public_transport" v="platform"/>
    <tag k="bus" v="yes"/>
    <tag k="highway" v="bus_stop"/>
    <tag k="source" v="Gerencia de Transporte Metropolitano de Trujillo"/>
    <tag k="ref" v="PP-59"/>
  <tag k="network" v="Transporte Público Urbano Trujillo"/></node>
  <node id="-206" lat="-8.0706665" lon="-78.9972567" visible="true">
    <tag k="public_transport" v="platform"/>
    <tag k="bus" v="yes"/>
    <tag k="highway" v="bus_stop"/>
    <tag k="source" v="Gerencia de Transporte Metropolitano de Trujillo"/>
    <tag k="ref" v="PP-6"/>
  <tag k="network" v="Transporte Público Urbano Trujillo"/></node>
  <node id="-207" lat="-8.0886327" lon="-78.9939937" visible="true">
    <tag k="public_transport" v="platform"/>
    <tag k="bus" v="yes"/>
    <tag k="highway" v="bus_stop"/>
    <tag k="source" v="Gerencia de Transporte Metropolitano de Trujillo"/>
    <tag k="ref" v="PP-60"/>
  <tag k="network" v="Transporte Público Urbano Trujillo"/></node>
  <node id="-208" lat="-8.0706249" lon="-78.9973603" visible="true">
    <tag k="public_transport" v="platform"/>
    <tag k="bus" v="yes"/>
    <tag k="highway" v="bus_stop"/>
    <tag k="source" v="Gerencia de Transporte Metropolitano de Trujillo"/>
    <tag k="ref" v="PP-75"/>
  <tag k="network" v="Transporte Público Urbano Trujillo"/></node>
  <node id="-209" lat="-8.0703517" lon="-78.9885965" visible="true">
    <tag k="public_transport" v="platform"/>
    <tag k="bus" v="yes"/>
    <tag k="highway" v="bus_stop"/>
    <tag k="source" v="Gerencia de Transporte Metropolitano de Trujillo"/>
    <tag k="ref" v="PP-84"/>
  <tag k="network" v="Transporte Público Urbano Trujillo"/></node>
  <node id="-210" lat="-8.0794839" lon="-79.0000633" visible="true">
    <tag k="public_transport" v="platform"/>
    <tag k="bus" v="yes"/>
    <tag k="highway" v="bus_stop"/>
    <tag k="source" v="Gerencia de Transporte Metropolitano de Trujillo"/>
    <tag k="ref" v="PP-90"/>
  <tag k="network" v="Transporte Público Urbano Trujillo"/></node>
  <node id="-211" lat="-8.1284649" lon="-79.0420651" visible="true">
    <tag k="public_transport" v="platform"/>
    <tag k="bus" v="yes"/>
    <tag k="highway" v="bus_stop"/>
    <tag k="source" v="Gerencia de Transporte Metropolitano de Trujillo"/>
    <tag k="ref" v="PT-160"/>
  <tag k="network" v="Transporte Público Urbano Trujillo"/></node>
  <node id="-212" lat="-8.1257924" lon="-79.0459576" visible="true">
    <tag k="public_transport" v="platform"/>
    <tag k="bus" v="yes"/>
    <tag k="highway" v="bus_stop"/>
    <tag k="source" v="Gerencia de Transporte Metropolitano de Trujillo"/>
    <tag k="ref" v="PT-183"/>
  <tag k="network" v="Transporte Público Urbano Trujillo"/></node>
  <node id="-213" lat="-8.1260118" lon="-79.0459134" visible="true">
    <tag k="public_transport" v="platform"/>
    <tag k="bus" v="yes"/>
    <tag k="highway" v="bus_stop"/>
    <tag k="source" v="Gerencia de Transporte Metropolitano de Trujillo"/>
    <tag k="ref" v="PT-185"/>
  <tag k="network" v="Transporte Público Urbano Trujillo"/></node>
  <node id="-214" lat="-8.1400331" lon="-79.0461648" visible="true">
    <tag k="public_transport" v="platform"/>
    <tag k="bus" v="yes"/>
    <tag k="highway" v="bus_stop"/>
    <tag k="source" v="Gerencia de Transporte Metropolitano de Trujillo"/>
    <tag k="ref" v="PVL-10"/>
  <tag k="network" v="Transporte Público Urbano Trujillo"/></node>
  <node id="-215" lat="-8.1485718" lon="-79.0468642" visible="true">
    <tag k="public_transport" v="platform"/>
    <tag k="bus" v="yes"/>
    <tag k="highway" v="bus_stop"/>
    <tag k="source" v="Gerencia de Transporte Metropolitano de Trujillo"/>
    <tag k="ref" v="PVL-14"/>
  <tag k="network" v="Transporte Público Urbano Trujillo"/></node>
  <node id="-216" lat="-8.1310870" lon="-79.0445230" visible="true">
    <tag k="public_transport" v="platform"/>
    <tag k="bus" v="yes"/>
    <tag k="highway" v="bus_stop"/>
    <tag k="source" v="Gerencia de Transporte Metropolitano de Trujillo"/>
    <tag k="ref" v="PVL-21"/>
  <tag k="network" v="Transporte Público Urbano Trujillo"/></node>
  <node id="-217" lat="-8.1339475" lon="-79.0357809" visible="true">
    <tag k="public_transport" v="platform"/>
    <tag k="bus" v="yes"/>
    <tag k="highway" v="bus_stop"/>
    <tag k="source" v="Gerencia de Transporte Metropolitano de Trujillo"/>
    <tag k="ref" v="PVL-25"/>
  <tag k="network" v="Transporte Público Urbano Trujillo"/></node>
  <node id="-218" lat="-8.1367137" lon="-79.0375234" visible="true">
    <tag k="public_transport" v="platform"/>
    <tag k="bus" v="yes"/>
    <tag k="highway" v="bus_stop"/>
    <tag k="source" v="Gerencia de Transporte Metropolitano de Trujillo"/>
    <tag k="ref" v="PVL-26"/>
  <tag k="network" v="Transporte Público Urbano Trujillo"/></node>
  <node id="-219" lat="-8.1371477" lon="-79.0439149" visible="true">
    <tag k="public_transport" v="platform"/>
    <tag k="bus" v="yes"/>
    <tag k="highway" v="bus_stop"/>
    <tag k="source" v="Gerencia de Transporte Metropolitano de Trujillo"/>
    <tag k="ref" v="PVL-27"/>
  <tag k="network" v="Transporte Público Urbano Trujillo"/></node>
  <node id="-220" lat="-8.1397377" lon="-79.0462118" visible="true">
    <tag k="public_transport" v="platform"/>
    <tag k="bus" v="yes"/>
    <tag k="highway" v="bus_stop"/>
    <tag k="source" v="Gerencia de Transporte Metropolitano de Trujillo"/>
    <tag k="ref" v="PVL-28"/>
  <tag k="network" v="Transporte Público Urbano Trujillo"/></node>
  <node id="-221" lat="-8.1487138" lon="-79.0469936" visible="true">
    <tag k="public_transport" v="platform"/>
    <tag k="bus" v="yes"/>
    <tag k="highway" v="bus_stop"/>
    <tag k="source" v="Gerencia de Transporte Metropolitano de Trujillo"/>
    <tag k="ref" v="PVL-32"/>
  <tag k="network" v="Transporte Público Urbano Trujillo"/></node>
  <node id="-222" lat="-8.1315145" lon="-79.0509294" visible="true">
    <tag k="public_transport" v="platform"/>
    <tag k="bus" v="yes"/>
    <tag k="highway" v="bus_stop"/>
    <tag k="source" v="Gerencia de Transporte Metropolitano de Trujillo"/>
    <tag k="ref" v="PVL-36"/>
  <tag k="network" v="Transporte Público Urbano Trujillo"/></node>
  <node id="-223" lat="-8.1314687" lon="-79.0507061" visible="true">
    <tag k="public_transport" v="platform"/>
    <tag k="bus" v="yes"/>
    <tag k="highway" v="bus_stop"/>
    <tag k="source" v="Gerencia de Transporte Metropolitano de Trujillo"/>
    <tag k="ref" v="PVL-37"/>
  <tag k="network" v="Transporte Público Urbano Trujillo"/></node>
  <node id="-224" lat="-8.1345713" lon="-79.0476012" visible="true">
    <tag k="public_transport" v="platform"/>
    <tag k="bus" v="yes"/>
    <tag k="highway" v="bus_stop"/>
    <tag k="source" v="Gerencia de Transporte Metropolitano de Trujillo"/>
    <tag k="ref" v="PVL-41"/>
  <tag k="network" v="Transporte Público Urbano Trujillo"/></node>
  <node id="-225" lat="-8.1281665" lon="-79.0407967" visible="true">
    <tag k="public_transport" v="platform"/>
    <tag k="bus" v="yes"/>
    <tag k="highway" v="bus_stop"/>
    <tag k="source" v="Gerencia de Transporte Metropolitano de Trujillo"/>
    <tag k="ref" v="PVL-47"/>
  <tag k="network" v="Transporte Público Urbano Trujillo"/></node>
  <node id="-226" lat="-8.1295878" lon="-79.0370919" visible="true">
    <tag k="public_transport" v="platform"/>
    <tag k="bus" v="yes"/>
    <tag k="highway" v="bus_stop"/>
    <tag k="source" v="Gerencia de Transporte Metropolitano de Trujillo"/>
    <tag k="ref" v="PVL-48"/>
  <tag k="network" v="Transporte Público Urbano Trujillo"/></node>
  <node id="-227" lat="-8.1337548" lon="-79.0353250" visible="true">
    <tag k="public_transport" v="platform"/>
    <tag k="bus" v="yes"/>
    <tag k="highway" v="bus_stop"/>
    <tag k="source" v="Gerencia de Transporte Metropolitano de Trujillo"/>
    <tag k="ref" v="PVL-7"/>
  <tag k="network" v="Transporte Público Urbano Trujillo"/></node>
  <node id="-228" lat="-8.1314597" lon="-79.0445857" visible="true">
    <tag k="public_transport" v="platform"/>
    <tag k="bus" v="yes"/>
    <tag k="highway" v="bus_stop"/>
    <tag k="source" v="Gerencia de Transporte Metropolitano de Trujillo"/>
    <tag k="ref" v="PVL-8"/>
  <tag k="network" v="Transporte Público Urbano Trujillo"/></node>
  <node id="-229" lat="-8.1373327" lon="-79.0438407" visible="true">
    <tag k="public_transport" v="platform"/>
    <tag k="bus" v="yes"/>
    <tag k="highway" v="bus_stop"/>
    <tag k="source" v="Gerencia de Transporte Metropolitano de Trujillo"/>
    <tag k="ref" v="PVL-9"/>
  <tag k="network" v="Transporte Público Urbano Trujillo"/></node>
  <node id="-230" lat="-8.1103696" lon="-78.9974003" visible="true">
    <tag k="public_transport" v="platform"/>
    <tag k="bus" v="yes"/>
    <tag k="highway" v="bus_stop"/>
    <tag k="source" v="Gerencia de Transporte Metropolitano de Trujillo"/>
    <tag k="ref" v="PL-1"/>
  <tag k="network" v="Transporte Público Urbano Trujillo"/></node>
  <node id="-231" lat="-8.1095524" lon="-78.9948321" visible="true">
    <tag k="public_transport" v="platform"/>
    <tag k="bus" v="yes"/>
    <tag k="highway" v="bus_stop"/>
    <tag k="source" v="Gerencia de Transporte Metropolitano de Trujillo"/>
    <tag k="ref" v="PL-101"/>
  <tag k="network" v="Transporte Público Urbano Trujillo"/></node>
  <node id="-232" lat="-8.1093621" lon="-78.9948451" visible="true">
    <tag k="public_transport" v="platform"/>
    <tag k="bus" v="yes"/>
    <tag k="highway" v="bus_stop"/>
    <tag k="source" v="Gerencia de Transporte Metropolitano de Trujillo"/>
    <tag k="ref" v="PL-102"/>
  <tag k="network" v="Transporte Público Urbano Trujillo"/></node>
  <node id="-233" lat="-8.1076209" lon="-78.9864444" visible="true">
    <tag k="public_transport" v="platform"/>
    <tag k="bus" v="yes"/>
    <tag k="highway" v="bus_stop"/>
    <tag k="source" v="Gerencia de Transporte Metropolitano de Trujillo"/>
    <tag k="ref" v="PL-106"/>
  <tag k="network" v="Transporte Público Urbano Trujillo"/></node>
  <node id="-234" lat="-8.1110742" lon="-78.9958627" visible="true">
    <tag k="public_transport" v="platform"/>
    <tag k="bus" v="yes"/>
    <tag k="highway" v="bus_stop"/>
    <tag k="source" v="Gerencia de Transporte Metropolitano de Trujillo"/>
    <tag k="ref" v="PL-107"/>
  <tag k="network" v="Transporte Público Urbano Trujillo"/></node>
  <node id="-235" lat="-8.0869016" lon="-78.9617648" visible="true">
    <tag k="public_transport" v="platform"/>
    <tag k="bus" v="yes"/>
    <tag k="highway" v="bus_stop"/>
    <tag k="source" v="Gerencia de Transporte Metropolitano de Trujillo"/>
    <tag k="ref" v="PL-11"/>
  <tag k="network" v="Transporte Público Urbano Trujillo"/></node>
  <node id="-236" lat="-8.0868472" lon="-78.9552859" visible="true">
    <tag k="public_transport" v="platform"/>
    <tag k="bus" v="yes"/>
    <tag k="highway" v="bus_stop"/>
    <tag k="source" v="Gerencia de Transporte Metropolitano de Trujillo"/>
    <tag k="ref" v="PL-14"/>
  <tag k="network" v="Transporte Público Urbano Trujillo"/></node>
  <node id="-237" lat="-8.0916573" lon="-78.9613551" visible="true">
    <tag k="public_transport" v="platform"/>
    <tag k="bus" v="yes"/>
    <tag k="highway" v="bus_stop"/>
    <tag k="source" v="Gerencia de Transporte Metropolitano de Trujillo"/>
    <tag k="ref" v="PL-16"/>
  <tag k="network" v="Transporte Público Urbano Trujillo"/></node>
  <node id="-238" lat="-8.0854975" lon="-78.9577498" visible="true">
    <tag k="public_transport" v="platform"/>
    <tag k="bus" v="yes"/>
    <tag k="highway" v="bus_stop"/>
    <tag k="source" v="Gerencia de Transporte Metropolitano de Trujillo"/>
    <tag k="ref" v="PL-19"/>
  <tag k="network" v="Transporte Público Urbano Trujillo"/></node>
  <node id="-239" lat="-8.0848220" lon="-78.9555062" visible="true">
    <tag k="public_transport" v="platform"/>
    <tag k="bus" v="yes"/>
    <tag k="highway" v="bus_stop"/>
    <tag k="source" v="Gerencia de Transporte Metropolitano de Trujillo"/>
    <tag k="ref" v="PL-22"/>
  <tag k="network" v="Transporte Público Urbano Trujillo"/></node>
  <node id="-240" lat="-8.0883177" lon="-78.9556018" visible="true">
    <tag k="public_transport" v="platform"/>
    <tag k="bus" v="yes"/>
    <tag k="highway" v="bus_stop"/>
    <tag k="source" v="Gerencia de Transporte Metropolitano de Trujillo"/>
    <tag k="ref" v="PL-23"/>
  <tag k="network" v="Transporte Público Urbano Trujillo"/></node>
  <node id="-241" lat="-8.0758886" lon="-78.9482263" visible="true">
    <tag k="public_transport" v="platform"/>
    <tag k="bus" v="yes"/>
    <tag k="highway" v="bus_stop"/>
    <tag k="source" v="Gerencia de Transporte Metropolitano de Trujillo"/>
    <tag k="ref" v="PL-24"/>
  <tag k="network" v="Transporte Público Urbano Trujillo"/></node>
  <node id="-242" lat="-8.0881079" lon="-78.9810106" visible="true">
    <tag k="public_transport" v="platform"/>
    <tag k="bus" v="yes"/>
    <tag k="highway" v="bus_stop"/>
    <tag k="source" v="Gerencia de Transporte Metropolitano de Trujillo"/>
    <tag k="ref" v="PL-25"/>
  <tag k="network" v="Transporte Público Urbano Trujillo"/></node>
  <node id="-243" lat="-8.0851706" lon="-78.9578491" visible="true">
    <tag k="public_transport" v="platform"/>
    <tag k="bus" v="yes"/>
    <tag k="highway" v="bus_stop"/>
    <tag k="source" v="Gerencia de Transporte Metropolitano de Trujillo"/>
    <tag k="ref" v="PL-31"/>
  <tag k="network" v="Transporte Público Urbano Trujillo"/></node>
  <node id="-244" lat="-8.0850274" lon="-78.9632986" visible="true">
    <tag k="public_transport" v="platform"/>
    <tag k="bus" v="yes"/>
    <tag k="highway" v="bus_stop"/>
    <tag k="source" v="Gerencia de Transporte Metropolitano de Trujillo"/>
    <tag k="ref" v="PL-35"/>
  <tag k="network" v="Transporte Público Urbano Trujillo"/></node>
  <node id="-245" lat="-8.0883313" lon="-78.9631260" visible="true">
    <tag k="public_transport" v="platform"/>
    <tag k="bus" v="yes"/>
    <tag k="highway" v="bus_stop"/>
    <tag k="source" v="Gerencia de Transporte Metropolitano de Trujillo"/>
    <tag k="ref" v="PL-38"/>
  <tag k="network" v="Transporte Público Urbano Trujillo"/></node>
  <node id="-246" lat="-8.0911790" lon="-78.9631954" visible="true">
    <tag k="public_transport" v="platform"/>
    <tag k="bus" v="yes"/>
    <tag k="highway" v="bus_stop"/>
    <tag k="source" v="Gerencia de Transporte Metropolitano de Trujillo"/>
    <tag k="ref" v="PL-39"/>
  <tag k="network" v="Transporte Público Urbano Trujillo"/></node>
  <node id="-247" lat="-8.0883490" lon="-78.9633385" visible="true">
    <tag k="public_transport" v="platform"/>
    <tag k="bus" v="yes"/>
    <tag k="highway" v="bus_stop"/>
    <tag k="source" v="Gerencia de Transporte Metropolitano de Trujillo"/>
    <tag k="ref" v="PL-4"/>
  <tag k="network" v="Transporte Público Urbano Trujillo"/></node>
  <node id="-248" lat="-8.0868147" lon="-78.9610188" visible="true">
    <tag k="public_transport" v="platform"/>
    <tag k="bus" v="yes"/>
    <tag k="highway" v="bus_stop"/>
    <tag k="source" v="Gerencia de Transporte Metropolitano de Trujillo"/>
    <tag k="ref" v="PL-43"/>
  <tag k="network" v="Transporte Público Urbano Trujillo"/></node>
  <node id="-249" lat="-8.0798557" lon="-78.9506950" visible="true">
    <tag k="public_transport" v="platform"/>
    <tag k="bus" v="yes"/>
    <tag k="highway" v="bus_stop"/>
    <tag k="source" v="Gerencia de Transporte Metropolitano de Trujillo"/>
    <tag k="ref" v="PL-44"/>
  <tag k="network" v="Transporte Público Urbano Trujillo"/></node>
  <node id="-250" lat="-8.0916888" lon="-78.9611012" visible="true">
    <tag k="public_transport" v="platform"/>
    <tag k="bus" v="yes"/>
    <tag k="highway" v="bus_stop"/>
    <tag k="source" v="Gerencia de Transporte Metropolitano de Trujillo"/>
    <tag k="ref" v="PL-46"/>
  <tag k="network" v="Transporte Público Urbano Trujillo"/></node>
  <node id="-251" lat="-8.0867359" lon="-78.9552554" visible="true">
    <tag k="public_transport" v="platform"/>
    <tag k="bus" v="yes"/>
    <tag k="highway" v="bus_stop"/>
    <tag k="source" v="Gerencia de Transporte Metropolitano de Trujillo"/>
    <tag k="ref" v="PL-49"/>
  <tag k="network" v="Transporte Público Urbano Trujillo"/></node>
  <node id="-252" lat="-8.0882486" lon="-78.9554197" visible="true">
    <tag k="public_transport" v="platform"/>
    <tag k="bus" v="yes"/>
    <tag k="highway" v="bus_stop"/>
    <tag k="source" v="Gerencia de Transporte Metropolitano de Trujillo"/>
    <tag k="ref" v="PL-50"/>
  <tag k="network" v="Transporte Público Urbano Trujillo"/></node>
  <node id="-253" lat="-8.0881891" lon="-78.9811610" visible="true">
    <tag k="public_transport" v="platform"/>
    <tag k="bus" v="yes"/>
    <tag k="highway" v="bus_stop"/>
    <tag k="source" v="Gerencia de Transporte Metropolitano de Trujillo"/>
    <tag k="ref" v="PL-51"/>
  <tag k="network" v="Transporte Público Urbano Trujillo"/></node>
  <node id="-254" lat="-8.0849631" lon="-78.9555310" visible="true">
    <tag k="public_transport" v="platform"/>
    <tag k="bus" v="yes"/>
    <tag k="highway" v="bus_stop"/>
    <tag k="source" v="Gerencia de Transporte Metropolitano de Trujillo"/>
    <tag k="ref" v="PL-53"/>
  <tag k="network" v="Transporte Público Urbano Trujillo"/></node>
  <node id="-255" lat="-8.0846371" lon="-78.9890264" visible="true">
    <tag k="public_transport" v="platform"/>
    <tag k="bus" v="yes"/>
    <tag k="highway" v="bus_stop"/>
    <tag k="source" v="Gerencia de Transporte Metropolitano de Trujillo"/>
    <tag k="ref" v="PL-56"/>
  <tag k="network" v="Transporte Público Urbano Trujillo"/></node>
  <node id="-256" lat="-8.0849172" lon="-78.9889824" visible="true">
    <tag k="public_transport" v="platform"/>
    <tag k="bus" v="yes"/>
    <tag k="highway" v="bus_stop"/>
    <tag k="source" v="Gerencia de Transporte Metropolitano de Trujillo"/>
    <tag k="ref" v="PL-57"/>
  <tag k="network" v="Transporte Público Urbano Trujillo"/></node>
  <node id="-257" lat="-8.0862668" lon="-78.9848485" visible="true">
    <tag k="public_transport" v="platform"/>
    <tag k="bus" v="yes"/>
    <tag k="highway" v="bus_stop"/>
    <tag k="source" v="Gerencia de Transporte Metropolitano de Trujillo"/>
    <tag k="ref" v="PL-58"/>
  <tag k="network" v="Transporte Público Urbano Trujillo"/></node>
  <node id="-258" lat="-8.0860585" lon="-78.9846859" visible="true">
    <tag k="public_transport" v="platform"/>
    <tag k="bus" v="yes"/>
    <tag k="highway" v="bus_stop"/>
    <tag k="source" v="Gerencia de Transporte Metropolitano de Trujillo"/>
    <tag k="ref" v="PL-59"/>
  <tag k="network" v="Transporte Público Urbano Trujillo"/></node>
  <node id="-259" lat="-8.0804878" lon="-78.9517437" visible="true">
    <tag k="public_transport" v="platform"/>
    <tag k="bus" v="yes"/>
    <tag k="highway" v="bus_stop"/>
    <tag k="source" v="Gerencia de Transporte Metropolitano de Trujillo"/>
    <tag k="ref" v="PL-6"/>
  <tag k="network" v="Transporte Público Urbano Trujillo"/></node>
  <node id="-260" lat="-8.0889783" lon="-78.9784444" visible="true">
    <tag k="public_transport" v="platform"/>
    <tag k="bus" v="yes"/>
    <tag k="highway" v="bus_stop"/>
    <tag k="source" v="Gerencia de Transporte Metropolitano de Trujillo"/>
    <tag k="ref" v="PL-60"/>
  <tag k="network" v="Transporte Público Urbano Trujillo"/></node>
  <node id="-261" lat="-8.0887469" lon="-78.9782674" visible="true">
    <tag k="public_transport" v="platform"/>
    <tag k="bus" v="yes"/>
    <tag k="highway" v="bus_stop"/>
    <tag k="source" v="Gerencia de Transporte Metropolitano de Trujillo"/>
    <tag k="ref" v="PL-61"/>
  <tag k="network" v="Transporte Público Urbano Trujillo"/></node>
  <node id="-262" lat="-8.0922870" lon="-78.9682795" visible="true">
    <tag k="public_transport" v="platform"/>
    <tag k="bus" v="yes"/>
    <tag k="highway" v="bus_stop"/>
    <tag k="source" v="Gerencia de Transporte Metropolitano de Trujillo"/>
    <tag k="ref" v="PL-62"/>
  <tag k="network" v="Transporte Público Urbano Trujillo"/></node>
  <node id="-263" lat="-8.0924901" lon="-78.9681419" visible="true">
    <tag k="public_transport" v="platform"/>
    <tag k="bus" v="yes"/>
    <tag k="highway" v="bus_stop"/>
    <tag k="source" v="Gerencia de Transporte Metropolitano de Trujillo"/>
    <tag k="ref" v="PL-63"/>
  <tag k="network" v="Transporte Público Urbano Trujillo"/></node>
  <node id="-264" lat="-8.0813538" lon="-78.9581300" visible="true">
    <tag k="public_transport" v="platform"/>
    <tag k="bus" v="yes"/>
    <tag k="highway" v="bus_stop"/>
    <tag k="source" v="Gerencia de Transporte Metropolitano de Trujillo"/>
    <tag k="ref" v="PL-66"/>
  <tag k="network" v="Transporte Público Urbano Trujillo"/></node>
  <node id="-265" lat="-8.0815584" lon="-78.9581667" visible="true">
    <tag k="public_transport" v="platform"/>
    <tag k="bus" v="yes"/>
    <tag k="highway" v="bus_stop"/>
    <tag k="source" v="Gerencia de Transporte Metropolitano de Trujillo"/>
    <tag k="ref" v="PL-67"/>
  <tag k="network" v="Transporte Público Urbano Trujillo"/></node>
  <node id="-266" lat="-8.0815759" lon="-78.9515476" visible="true">
    <tag k="public_transport" v="platform"/>
    <tag k="bus" v="yes"/>
    <tag k="highway" v="bus_stop"/>
    <tag k="source" v="Gerencia de Transporte Metropolitano de Trujillo"/>
    <tag k="ref" v="PL-7"/>
  <tag k="network" v="Transporte Público Urbano Trujillo"/></node>
  <node id="-267" lat="-8.0681962" lon="-78.9550941" visible="true">
    <tag k="public_transport" v="platform"/>
    <tag k="bus" v="yes"/>
    <tag k="highway" v="bus_stop"/>
    <tag k="source" v="Gerencia de Transporte Metropolitano de Trujillo"/>
    <tag k="ref" v="PL-76"/>
  <tag k="network" v="Transporte Público Urbano Trujillo"/></node>
  <node id="-268" lat="-8.0682407" lon="-78.9531234" visible="true">
    <tag k="public_transport" v="platform"/>
    <tag k="bus" v="yes"/>
    <tag k="highway" v="bus_stop"/>
    <tag k="source" v="Gerencia de Transporte Metropolitano de Trujillo"/>
    <tag k="ref" v="PL-79"/>
  <tag k="network" v="Transporte Público Urbano Trujillo"/></node>
  <node id="-269" lat="-8.0910913" lon="-78.9632755" visible="true">
    <tag k="public_transport" v="platform"/>
    <tag k="bus" v="yes"/>
    <tag k="highway" v="bus_stop"/>
    <tag k="source" v="Gerencia de Transporte Metropolitano de Trujillo"/>
    <tag k="ref" v="PL-8"/>
  <tag k="network" v="Transporte Público Urbano Trujillo"/></node>
  <node id="-270" lat="-8.0700442" lon="-78.9503335" visible="true">
    <tag k="public_transport" v="platform"/>
    <tag k="bus" v="yes"/>
    <tag k="highway" v="bus_stop"/>
    <tag k="source" v="Gerencia de Transporte Metropolitano de Trujillo"/>
    <tag k="ref" v="PL-80"/>
  <tag k="network" v="Transporte Público Urbano Trujillo"/></node>
  <node id="-271" lat="-8.0699765" lon="-78.9504100" visible="true">
    <tag k="public_transport" v="platform"/>
    <tag k="bus" v="yes"/>
    <tag k="highway" v="bus_stop"/>
    <tag k="source" v="Gerencia de Transporte Metropolitano de Trujillo"/>
    <tag k="ref" v="PL-81"/>
  <tag k="network" v="Transporte Público Urbano Trujillo"/></node>
  <node id="-272" lat="-8.0730883" lon="-78.9882328" visible="true">
    <tag k="public_transport" v="platform"/>
    <tag k="bus" v="yes"/>
    <tag k="highway" v="bus_stop"/>
    <tag k="source" v="Gerencia de Transporte Metropolitano de Trujillo"/>
    <tag k="ref" v="PL-84"/>
  <tag k="network" v="Transporte Público Urbano Trujillo"/></node>
  <node id="-273" lat="-8.0858895" lon="-78.9918306" visible="true">
    <tag k="public_transport" v="platform"/>
    <tag k="bus" v="yes"/>
    <tag k="highway" v="bus_stop"/>
    <tag k="source" v="Gerencia de Transporte Metropolitano de Trujillo"/>
    <tag k="ref" v="PL-85"/>
  <tag k="network" v="Transporte Público Urbano Trujillo"/></node>
  <node id="-274" lat="-8.0679914" lon="-78.9833998" visible="true">
    <tag k="public_transport" v="platform"/>
    <tag k="bus" v="yes"/>
    <tag k="highway" v="bus_stop"/>
    <tag k="source" v="Gerencia de Transporte Metropolitano de Trujillo"/>
    <tag k="ref" v="PL-86"/>
  <tag k="network" v="Transporte Público Urbano Trujillo"/></node>
  <node id="-275" lat="-8.0676170" lon="-78.9802070" visible="true">
    <tag k="public_transport" v="platform"/>
    <tag k="bus" v="yes"/>
    <tag k="highway" v="bus_stop"/>
    <tag k="source" v="Gerencia de Transporte Metropolitano de Trujillo"/>
    <tag k="ref" v="PL-87"/>
  <tag k="network" v="Transporte Público Urbano Trujillo"/></node>
  <node id="-276" lat="-8.0642117" lon="-78.9793416" visible="true">
    <tag k="public_transport" v="platform"/>
    <tag k="bus" v="yes"/>
    <tag k="highway" v="bus_stop"/>
    <tag k="source" v="Gerencia de Transporte Metropolitano de Trujillo"/>
    <tag k="ref" v="PL-89"/>
  <tag k="network" v="Transporte Público Urbano Trujillo"/></node>
  <node id="-277" lat="-8.0637201" lon="-78.9762182" visible="true">
    <tag k="public_transport" v="platform"/>
    <tag k="bus" v="yes"/>
    <tag k="highway" v="bus_stop"/>
    <tag k="source" v="Gerencia de Transporte Metropolitano de Trujillo"/>
    <tag k="ref" v="PL-90"/>
  <tag k="network" v="Transporte Público Urbano Trujillo"/></node>
  <node id="-278" lat="-8.0827218" lon="-78.9927396" visible="true">
    <tag k="public_transport" v="platform"/>
    <tag k="bus" v="yes"/>
    <tag k="highway" v="bus_stop"/>
    <tag k="source" v="Gerencia de Transporte Metropolitano de Trujillo"/>
    <tag k="ref" v="PL-91"/>
  <tag k="network" v="Transporte Público Urbano Trujillo"/></node>
  <node id="-279" lat="-8.0678699" lon="-78.9831567" visible="true">
    <tag k="public_transport" v="platform"/>
    <tag k="bus" v="yes"/>
    <tag k="highway" v="bus_stop"/>
    <tag k="source" v="Gerencia de Transporte Metropolitano de Trujillo"/>
    <tag k="ref" v="PL-93"/>
  <tag k="network" v="Transporte Público Urbano Trujillo"/></node>
  <node id="-280" lat="-8.0677132" lon="-78.9797228" visible="true">
    <tag k="public_transport" v="platform"/>
    <tag k="bus" v="yes"/>
    <tag k="highway" v="bus_stop"/>
    <tag k="source" v="Gerencia de Transporte Metropolitano de Trujillo"/>
    <tag k="ref" v="PL-94"/>
  <tag k="network" v="Transporte Público Urbano Trujillo"/></node>
  <node id="-281" lat="-8.1112312" lon="-78.9960625" visible="true">
    <tag k="public_transport" v="platform"/>
    <tag k="bus" v="yes"/>
    <tag k="highway" v="bus_stop"/>
    <tag k="source" v="Gerencia de Transporte Metropolitano de Trujillo"/>
    <tag k="ref" v="PL-96"/>
  <tag k="network" v="Transporte Público Urbano Trujillo"/></node>
  <node id="-282" lat="-8.0924662" lon="-78.9672482" visible="true">
    <tag k="public_transport" v="platform"/>
    <tag k="bus" v="yes"/>
    <tag k="highway" v="bus_stop"/>
    <tag k="source" v="Gerencia de Transporte Metropolitano de Trujillo"/>
    <tag k="ref" v="PL-Existente"/>
  <tag k="network" v="Transporte Público Urbano Trujillo"/></node>
  <node id="-283" lat="-8.0927534" lon="-78.9672582" visible="true">
    <tag k="public_transport" v="platform"/>
    <tag k="bus" v="yes"/>
    <tag k="highway" v="bus_stop"/>
    <tag k="source" v="Gerencia de Transporte Metropolitano de Trujillo"/>
    <tag k="ref" v="PL-Existente"/>
  <tag k="network" v="Transporte Público Urbano Trujillo"/></node>
  <node id="-284" lat="-8.1383248" lon="-78.9923114" visible="true">
    <tag k="public_transport" v="platform"/>
    <tag k="bus" v="yes"/>
    <tag k="highway" v="bus_stop"/>
    <tag k="source" v="Gerencia de Transporte Metropolitano de Trujillo"/>
    <tag k="ref" v="PM-83"/>
  <tag k="network" v="Transporte Público Urbano Trujillo"/></node>
  <node id="-285" lat="-8.1384370" lon="-78.9923593" visible="true">
    <tag k="public_transport" v="platform"/>
    <tag k="bus" v="yes"/>
    <tag k="highway" v="bus_stop"/>
    <tag k="source" v="Gerencia de Transporte Metropolitano de Trujillo"/>
    <tag k="ref" v="PM-82"/>
  <tag k="network" v="Transporte Público Urbano Trujillo"/></node>
  <node id="-286" lat="-8.1790710" lon="-79.0146422" visible="true">
    <tag k="public_transport" v="platform"/>
    <tag k="bus" v="yes"/>
    <tag k="highway" v="bus_stop"/>
    <tag k="source" v="Gerencia de Transporte Metropolitano de Trujillo"/>
    <tag k="ref" v="PM-10"/>
  <tag k="network" v="Transporte Público Urbano Trujillo"/></node>
  <node id="-287" lat="-8.1868940" lon="-78.9810193" visible="true">
    <tag k="public_transport" v="platform"/>
    <tag k="bus" v="yes"/>
    <tag k="highway" v="bus_stop"/>
    <tag k="source" v="Gerencia de Transporte Metropolitano de Trujillo"/>
    <tag k="ref" v="PM-100"/>
  <tag k="network" v="Transporte Público Urbano Trujillo"/></node>
  <node id="-288" lat="-8.1832442" lon="-78.9922571" visible="true">
    <tag k="public_transport" v="platform"/>
    <tag k="bus" v="yes"/>
    <tag k="highway" v="bus_stop"/>
    <tag k="source" v="Gerencia de Transporte Metropolitano de Trujillo"/>
    <tag k="ref" v="PM-105"/>
  <tag k="network" v="Transporte Público Urbano Trujillo"/></node>
  <node id="-289" lat="-8.1797118" lon="-79.0134117" visible="true">
    <tag k="public_transport" v="platform"/>
    <tag k="bus" v="yes"/>
    <tag k="highway" v="bus_stop"/>
    <tag k="source" v="Gerencia de Transporte Metropolitano de Trujillo"/>
    <tag k="ref" v="PM-11"/>
  <tag k="network" v="Transporte Público Urbano Trujillo"/></node>
  <node id="-290" lat="-8.1786953" lon="-78.9971565" visible="true">
    <tag k="public_transport" v="platform"/>
    <tag k="bus" v="yes"/>
    <tag k="highway" v="bus_stop"/>
    <tag k="source" v="Gerencia de Transporte Metropolitano de Trujillo"/>
    <tag k="ref" v="PM-111"/>
  <tag k="network" v="Transporte Público Urbano Trujillo"/></node>
  <node id="-291" lat="-8.1816211" lon="-78.9905174" visible="true">
    <tag k="public_transport" v="platform"/>
    <tag k="bus" v="yes"/>
    <tag k="highway" v="bus_stop"/>
    <tag k="source" v="Gerencia de Transporte Metropolitano de Trujillo"/>
    <tag k="ref" v="PM-113"/>
  <tag k="network" v="Transporte Público Urbano Trujillo"/></node>
  <node id="-292" lat="-8.1192248" lon="-79.0035100" visible="true">
    <tag k="public_transport" v="platform"/>
    <tag k="bus" v="yes"/>
    <tag k="highway" v="bus_stop"/>
    <tag k="source" v="Gerencia de Transporte Metropolitano de Trujillo"/>
    <tag k="ref" v="PM-117"/>
  <tag k="network" v="Transporte Público Urbano Trujillo"/></node>
  <node id="-293" lat="-8.1317103" lon="-79.0204793" visible="true">
    <tag k="public_transport" v="platform"/>
    <tag k="bus" v="yes"/>
    <tag k="highway" v="bus_stop"/>
    <tag k="source" v="Gerencia de Transporte Metropolitano de Trujillo"/>
    <tag k="ref" v="PM-120"/>
  <tag k="network" v="Transporte Público Urbano Trujillo"/></node>
  <node id="5082686253" lat="-8.1336578" lon="-79.0190363" version="4" action="modify">
    <tag k="advertising" v="no"/>
    <tag k="bench" v="yes"/>
    <tag k="bicycle_parking" v="no"/>
    <tag k="bin" v="no"/>
    <tag k="bus" v="yes"/>
    <tag k="departures_board" v="no"/>
    <tag k="highway" v="bus_stop"/>
    <tag k="level" v="0"/>
    <tag k="lit" v="no"/>
    <tag k="name" v="Panamericana Norte"/>
    <tag k="passenger_information_display:speech_output" v="no"/>
    <tag k="public_transport" v="platform"/>
    <tag k="ramp" v="no"/>
    <tag k="ref" v="PM-121"/>
    <tag k="shelter" v="yes"/>
    <tag k="source" v="Reconocimiento terrestre cartográfico realizado por Kaart en 2017"/>
    <tag k="tactile_paving" v="no"/>
    <tag k="tactile_writing:braille:es" v="no"/>
  <tag k="network" v="Transporte Público Urbano Trujillo"/></node>
  <node id="-294" lat="-8.1317432" lon="-79.0207311" visible="true">
    <tag k="public_transport" v="platform"/>
    <tag k="bus" v="yes"/>
    <tag k="highway" v="bus_stop"/>
    <tag k="source" v="Gerencia de Transporte Metropolitano de Trujillo"/>
    <tag k="ref" v="PM-124"/>
  <tag k="network" v="Transporte Público Urbano Trujillo"/></node>
  <node id="-295" lat="-8.1871837" lon="-79.0045007" visible="true">
    <tag k="public_transport" v="platform"/>
    <tag k="bus" v="yes"/>
    <tag k="highway" v="bus_stop"/>
    <tag k="source" v="Gerencia de Transporte Metropolitano de Trujillo"/>
    <tag k="ref" v="PM-15"/>
  <tag k="network" v="Transporte Público Urbano Trujillo"/></node>
  <node id="-296" lat="-8.1698490" lon="-79.0096191" visible="true">
    <tag k="public_transport" v="platform"/>
    <tag k="bus" v="yes"/>
    <tag k="highway" v="bus_stop"/>
    <tag k="source" v="Gerencia de Transporte Metropolitano de Trujillo"/>
    <tag k="ref" v="PM-17"/>
  <tag k="network" v="Transporte Público Urbano Trujillo"/></node>
  <node id="-297" lat="-8.1742832" lon="-79.0120072" visible="true">
    <tag k="public_transport" v="platform"/>
    <tag k="bus" v="yes"/>
    <tag k="highway" v="bus_stop"/>
    <tag k="source" v="Gerencia de Transporte Metropolitano de Trujillo"/>
    <tag k="ref" v="PM-19"/>
  <tag k="network" v="Transporte Público Urbano Trujillo"/></node>
  <node id="-298" lat="-8.1560392" lon="-79.0123009" visible="true">
    <tag k="public_transport" v="platform"/>
    <tag k="bus" v="yes"/>
    <tag k="highway" v="bus_stop"/>
    <tag k="source" v="Gerencia de Transporte Metropolitano de Trujillo"/>
    <tag k="ref" v="PM-2"/>
  <tag k="network" v="Transporte Público Urbano Trujillo"/></node>
  <node id="-299" lat="-8.1657696" lon="-79.0100234" visible="true">
    <tag k="public_transport" v="platform"/>
    <tag k="bus" v="yes"/>
    <tag k="highway" v="bus_stop"/>
    <tag k="source" v="Gerencia de Transporte Metropolitano de Trujillo"/>
    <tag k="ref" v="PM-20"/>
  <tag k="network" v="Transporte Público Urbano Trujillo"/></node>
  <node id="-300" lat="-8.1766198" lon="-79.0128484" visible="true">
    <tag k="public_transport" v="platform"/>
    <tag k="bus" v="yes"/>
    <tag k="highway" v="bus_stop"/>
    <tag k="source" v="Gerencia de Transporte Metropolitano de Trujillo"/>
    <tag k="ref" v="PM-21"/>
  <tag k="network" v="Transporte Público Urbano Trujillo"/></node>
  <node id="-301" lat="-8.1691962" lon="-79.0069362" visible="true">
    <tag k="public_transport" v="platform"/>
    <tag k="bus" v="yes"/>
    <tag k="highway" v="bus_stop"/>
    <tag k="source" v="Gerencia de Transporte Metropolitano de Trujillo"/>
    <tag k="ref" v="PM-22"/>
  <tag k="network" v="Transporte Público Urbano Trujillo"/></node>
  <node id="-302" lat="-8.1655834" lon="-79.0087473" visible="true">
    <tag k="public_transport" v="platform"/>
    <tag k="bus" v="yes"/>
    <tag k="highway" v="bus_stop"/>
    <tag k="source" v="Gerencia de Transporte Metropolitano de Trujillo"/>
    <tag k="ref" v="PM-23"/>
  <tag k="network" v="Transporte Público Urbano Trujillo"/></node>
  <node id="-303" lat="-8.1678853" lon="-79.0060541" visible="true">
    <tag k="public_transport" v="platform"/>
    <tag k="bus" v="yes"/>
    <tag k="highway" v="bus_stop"/>
    <tag k="source" v="Gerencia de Transporte Metropolitano de Trujillo"/>
    <tag k="ref" v="PM-24"/>
  <tag k="network" v="Transporte Público Urbano Trujillo"/></node>
  <node id="-304" lat="-8.1442256" lon="-79.0125973" visible="true">
    <tag k="public_transport" v="platform"/>
    <tag k="bus" v="yes"/>
    <tag k="highway" v="bus_stop"/>
    <tag k="source" v="Gerencia de Transporte Metropolitano de Trujillo"/>
    <tag k="ref" v="PM-27"/>
  <tag k="network" v="Transporte Público Urbano Trujillo"/></node>
  <node id="-305" lat="-8.1496453" lon="-79.0085287" visible="true">
    <tag k="public_transport" v="platform"/>
    <tag k="bus" v="yes"/>
    <tag k="highway" v="bus_stop"/>
    <tag k="source" v="Gerencia de Transporte Metropolitano de Trujillo"/>
    <tag k="ref" v="PM-30"/>
  <tag k="network" v="Transporte Público Urbano Trujillo"/></node>
  <node id="-306" lat="-8.1371455" lon="-78.9971089" visible="true">
    <tag k="public_transport" v="platform"/>
    <tag k="bus" v="yes"/>
    <tag k="highway" v="bus_stop"/>
    <tag k="source" v="Gerencia de Transporte Metropolitano de Trujillo"/>
    <tag k="ref" v="PM-33"/>
  <tag k="network" v="Transporte Público Urbano Trujillo"/></node>
  <node id="-307" lat="-8.1750777" lon="-78.9966442" visible="true">
    <tag k="public_transport" v="platform"/>
    <tag k="bus" v="yes"/>
    <tag k="highway" v="bus_stop"/>
    <tag k="source" v="Gerencia de Transporte Metropolitano de Trujillo"/>
    <tag k="ref" v="PM-36"/>
  <tag k="network" v="Transporte Público Urbano Trujillo"/></node>
  <node id="-308" lat="-8.1758114" lon="-78.9965678" visible="true">
    <tag k="public_transport" v="platform"/>
    <tag k="bus" v="yes"/>
    <tag k="highway" v="bus_stop"/>
    <tag k="source" v="Gerencia de Transporte Metropolitano de Trujillo"/>
    <tag k="ref" v="PM-37"/>
  <tag k="network" v="Transporte Público Urbano Trujillo"/></node>
  <node id="-309" lat="-8.1470241" lon="-79.0026151" visible="true">
    <tag k="public_transport" v="platform"/>
    <tag k="bus" v="yes"/>
    <tag k="highway" v="bus_stop"/>
    <tag k="source" v="Gerencia de Transporte Metropolitano de Trujillo"/>
    <tag k="ref" v="PM-38"/>
  <tag k="network" v="Transporte Público Urbano Trujillo"/></node>
  <node id="-310" lat="-8.1564809" lon="-79.0121467" visible="true">
    <tag k="public_transport" v="platform"/>
    <tag k="bus" v="yes"/>
    <tag k="highway" v="bus_stop"/>
    <tag k="source" v="Gerencia de Transporte Metropolitano de Trujillo"/>
    <tag k="ref" v="PM-41"/>
  <tag k="network" v="Transporte Público Urbano Trujillo"/></node>
  <node id="-311" lat="-8.1608044" lon="-79.0118262" visible="true">
    <tag k="public_transport" v="platform"/>
    <tag k="bus" v="yes"/>
    <tag k="highway" v="bus_stop"/>
    <tag k="source" v="Gerencia de Transporte Metropolitano de Trujillo"/>
    <tag k="ref" v="PM-42"/>
  <tag k="network" v="Transporte Público Urbano Trujillo"/></node>
  <node id="-312" lat="-8.1744099" lon="-79.0119408" visible="true">
    <tag k="public_transport" v="platform"/>
    <tag k="bus" v="yes"/>
    <tag k="highway" v="bus_stop"/>
    <tag k="source" v="Gerencia de Transporte Metropolitano de Trujillo"/>
    <tag k="ref" v="PM-49"/>
  <tag k="network" v="Transporte Público Urbano Trujillo"/></node>
  <node id="-313" lat="-8.1897178" lon="-79.0038593" visible="true">
    <tag k="public_transport" v="platform"/>
    <tag k="bus" v="yes"/>
    <tag k="highway" v="bus_stop"/>
    <tag k="source" v="Gerencia de Transporte Metropolitano de Trujillo"/>
    <tag k="ref" v="PM-54"/>
  <tag k="network" v="Transporte Público Urbano Trujillo"/></node>
  <node id="8743805428" lat="-8.1806225" lon="-79.0125262" version="3" action="modify">
    <tag k="advertising" v="no"/>
    <tag k="bench" v="yes"/>
    <tag k="bicycle_parking" v="no"/>
    <tag k="bin" v="no"/>
    <tag k="bus" v="yes"/>
    <tag k="departures_board" v="no"/>
    <tag k="highway" v="bus_stop"/>
    <tag k="level" v="0"/>
    <tag k="lit" v="yes"/>
    <tag k="name" v="Avenida Perú"/>
    <tag k="passenger_information_display:speech_output" v="no"/>
    <tag k="pole" v="no"/>
    <tag k="public_transport" v="platform"/>
    <tag k="ramp" v="no"/>
    <tag k="ref" v="PM-59"/>
    <tag k="shelter" v="yes"/>
    <tag k="tactile_paving" v="no"/>
    <tag k="tactile_writing:braille:es" v="no"/>
  <tag k="network" v="Transporte Público Urbano Trujillo"/><tag k="source:ref" v="Gerencia de Transporte Metropolitano de Trujillo"/></node>
  <node id="12121155299" lat="-8.1768674" lon="-79.0125514" version="2" action="modify">
    <tag k="advertising" v="no"/>
    <tag k="bench" v="yes"/>
    <tag k="bicycle_parking" v="no"/>
    <tag k="bin" v="no"/>
    <tag k="bus" v="yes"/>
    <tag k="departures_board" v="no"/>
    <tag k="highway" v="bus_stop"/>
    <tag k="level" v="0"/>
    <tag k="lit" v="yes"/>
    <tag k="name" v="Avenida de La Marina"/>
    <tag k="passenger_information_display:speech_output" v="no"/>
    <tag k="pole" v="no"/>
    <tag k="public_transport" v="platform"/>
    <tag k="ramp" v="no"/>
    <tag k="ref" v="PM-60"/>
    <tag k="shelter" v="yes"/>
    <tag k="tactile_paving" v="no"/>
    <tag k="tactile_writing:braille:es" v="no"/>
  <tag k="network" v="Transporte Público Urbano Trujillo"/><tag k="source:ref" v="Gerencia de Transporte Metropolitano de Trujillo"/></node>
  <node id="-314" lat="-8.1656604" lon="-79.0089733" visible="true">
    <tag k="public_transport" v="platform"/>
    <tag k="bus" v="yes"/>
    <tag k="highway" v="bus_stop"/>
    <tag k="source" v="Gerencia de Transporte Metropolitano de Trujillo"/>
    <tag k="ref" v="PM-61"/>
  <tag k="network" v="Transporte Público Urbano Trujillo"/></node>
  <node id="-315" lat="-8.1693897" lon="-79.0069315" visible="true">
    <tag k="public_transport" v="platform"/>
    <tag k="bus" v="yes"/>
    <tag k="highway" v="bus_stop"/>
    <tag k="source" v="Gerencia de Transporte Metropolitano de Trujillo"/>
    <tag k="ref" v="PM-63"/>
  <tag k="network" v="Transporte Público Urbano Trujillo"/></node>
  <node id="-316" lat="-8.1443587" lon="-79.0127660" visible="true">
    <tag k="public_transport" v="platform"/>
    <tag k="bus" v="yes"/>
    <tag k="highway" v="bus_stop"/>
    <tag k="source" v="Gerencia de Transporte Metropolitano de Trujillo"/>
    <tag k="ref" v="PM-70"/>
  <tag k="network" v="Transporte Público Urbano Trujillo"/></node>
  <node id="-317" lat="-8.1369773" lon="-78.9973597" visible="true">
    <tag k="public_transport" v="platform"/>
    <tag k="bus" v="yes"/>
    <tag k="highway" v="bus_stop"/>
    <tag k="source" v="Gerencia de Transporte Metropolitano de Trujillo"/>
    <tag k="ref" v="PM-74"/>
  <tag k="network" v="Transporte Público Urbano Trujillo"/></node>
  <node id="-318" lat="-8.1470131" lon="-79.0024036" visible="true">
    <tag k="public_transport" v="platform"/>
    <tag k="bus" v="yes"/>
    <tag k="highway" v="bus_stop"/>
    <tag k="source" v="Gerencia de Transporte Metropolitano de Trujillo"/>
    <tag k="ref" v="PM-77"/>
  <tag k="network" v="Transporte Público Urbano Trujillo"/></node>
  <node id="-319" lat="-8.1330704" lon="-78.9949591" visible="true">
    <tag k="public_transport" v="platform"/>
    <tag k="bus" v="yes"/>
    <tag k="highway" v="bus_stop"/>
    <tag k="source" v="Gerencia de Transporte Metropolitano de Trujillo"/>
    <tag k="ref" v="PM-78"/>
  <tag k="network" v="Transporte Público Urbano Trujillo"/></node>
  <node id="-320" lat="-8.1329792" lon="-78.9948816" visible="true">
    <tag k="public_transport" v="platform"/>
    <tag k="bus" v="yes"/>
    <tag k="highway" v="bus_stop"/>
    <tag k="source" v="Gerencia de Transporte Metropolitano de Trujillo"/>
    <tag k="ref" v="PM-79"/>
  <tag k="network" v="Transporte Público Urbano Trujillo"/></node>
  <node id="-321" lat="-8.1719455" lon="-79.0081707" visible="true">
    <tag k="public_transport" v="platform"/>
    <tag k="bus" v="yes"/>
    <tag k="highway" v="bus_stop"/>
    <tag k="source" v="Gerencia de Transporte Metropolitano de Trujillo"/>
    <tag k="ref" v="PM-84"/>
  <tag k="network" v="Transporte Público Urbano Trujillo"/></node>
  <node id="-322" lat="-8.1870141" lon="-79.0078850" visible="true">
    <tag k="public_transport" v="platform"/>
    <tag k="bus" v="yes"/>
    <tag k="highway" v="bus_stop"/>
    <tag k="source" v="Gerencia de Transporte Metropolitano de Trujillo"/>
    <tag k="ref" v="PM-85"/>
  <tag k="network" v="Transporte Público Urbano Trujillo"/></node>
  <node id="-323" lat="-8.1608797" lon="-79.0116043" visible="true">
    <tag k="public_transport" v="platform"/>
    <tag k="bus" v="yes"/>
    <tag k="highway" v="bus_stop"/>
    <tag k="source" v="Gerencia de Transporte Metropolitano de Trujillo"/>
    <tag k="ref" v="PM-9"/>
  <tag k="network" v="Transporte Público Urbano Trujillo"/></node>
  <node id="-324" lat="-8.1787740" lon="-78.9921884" visible="true">
    <tag k="public_transport" v="platform"/>
    <tag k="bus" v="yes"/>
    <tag k="highway" v="bus_stop"/>
    <tag k="source" v="Gerencia de Transporte Metropolitano de Trujillo"/>
    <tag k="ref" v="PM-91"/>
  <tag k="network" v="Transporte Público Urbano Trujillo"/></node>
  <node id="-325" lat="-8.1830243" lon="-78.9866416" visible="true">
    <tag k="public_transport" v="platform"/>
    <tag k="bus" v="yes"/>
    <tag k="highway" v="bus_stop"/>
    <tag k="source" v="Gerencia de Transporte Metropolitano de Trujillo"/>
    <tag k="ref" v="PM-93"/>
  <tag k="network" v="Transporte Público Urbano Trujillo"/></node>
  <node id="-326" lat="-8.1815146" lon="-78.9966860" visible="true">
    <tag k="public_transport" v="platform"/>
    <tag k="bus" v="yes"/>
    <tag k="highway" v="bus_stop"/>
    <tag k="source" v="Gerencia de Transporte Metropolitano de Trujillo"/>
    <tag k="ref" v="PM-96"/>
  <tag k="network" v="Transporte Público Urbano Trujillo"/></node>
  <node id="-327" lat="-8.1785533" lon="-78.9921911" visible="true">
    <tag k="public_transport" v="platform"/>
    <tag k="bus" v="yes"/>
    <tag k="highway" v="bus_stop"/>
    <tag k="source" v="Gerencia de Transporte Metropolitano de Trujillo"/>
    <tag k="ref" v="PM-SC3"/>
  <tag k="network" v="Transporte Público Urbano Trujillo"/></node>
  <node id="-328" lat="-8.1928636" lon="-78.9919811" visible="true">
    <tag k="public_transport" v="platform"/>
    <tag k="bus" v="yes"/>
    <tag k="highway" v="bus_stop"/>
    <tag k="source" v="Gerencia de Transporte Metropolitano de Trujillo"/>
    <tag k="ref" v="PS-13"/>
  <tag k="network" v="Transporte Público Urbano Trujillo"/></node>
  <node id="-329" lat="-8.2095783" lon="-78.9814746" visible="true">
    <tag k="public_transport" v="platform"/>
    <tag k="bus" v="yes"/>
    <tag k="highway" v="bus_stop"/>
    <tag k="source" v="Gerencia de Transporte Metropolitano de Trujillo"/>
    <tag k="ref" v="PS-19"/>
  <tag k="network" v="Transporte Público Urbano Trujillo"/></node>
  <node id="-330" lat="-8.1946849" lon="-78.9712951" visible="true">
    <tag k="public_transport" v="platform"/>
    <tag k="bus" v="yes"/>
    <tag k="highway" v="bus_stop"/>
    <tag k="source" v="Gerencia de Transporte Metropolitano de Trujillo"/>
    <tag k="ref" v="PS-28"/>
  <tag k="network" v="Transporte Público Urbano Trujillo"/></node>
  <node id="-331" lat="-8.1921699" lon="-78.9741267" visible="true">
    <tag k="public_transport" v="platform"/>
    <tag k="bus" v="yes"/>
    <tag k="highway" v="bus_stop"/>
    <tag k="source" v="Gerencia de Transporte Metropolitano de Trujillo"/>
    <tag k="ref" v="PS-29"/>
  <tag k="network" v="Transporte Público Urbano Trujillo"/></node>
  <node id="-332" lat="-8.1884746" lon="-78.9852063" visible="true">
    <tag k="public_transport" v="platform"/>
    <tag k="bus" v="yes"/>
    <tag k="highway" v="bus_stop"/>
    <tag k="source" v="Gerencia de Transporte Metropolitano de Trujillo"/>
    <tag k="ref" v="PS-41"/>
  <tag k="network" v="Transporte Público Urbano Trujillo"/></node>
  <node id="-333" lat="-8.2191521" lon="-78.9714552" visible="true">
    <tag k="public_transport" v="platform"/>
    <tag k="bus" v="yes"/>
    <tag k="highway" v="bus_stop"/>
    <tag k="source" v="Gerencia de Transporte Metropolitano de Trujillo"/>
    <tag k="ref" v="PS-44"/>
  <tag k="network" v="Transporte Público Urbano Trujillo"/></node>
  <node id="-334" lat="-8.2147377" lon="-78.9775392" visible="true">
    <tag k="public_transport" v="platform"/>
    <tag k="bus" v="yes"/>
    <tag k="highway" v="bus_stop"/>
    <tag k="source" v="Gerencia de Transporte Metropolitano de Trujillo"/>
    <tag k="ref" v="PS-48"/>
  <tag k="network" v="Transporte Público Urbano Trujillo"/></node>
  <node id="-335" lat="-8.2079615" lon="-78.9816996" visible="true">
    <tag k="public_transport" v="platform"/>
    <tag k="bus" v="yes"/>
    <tag k="highway" v="bus_stop"/>
    <tag k="source" v="Gerencia de Transporte Metropolitano de Trujillo"/>
    <tag k="ref" v="PS-51"/>
  <tag k="network" v="Transporte Público Urbano Trujillo"/></node>
  <node id="-336" lat="-8.1943558" lon="-78.9907303" visible="true">
    <tag k="public_transport" v="platform"/>
    <tag k="bus" v="yes"/>
    <tag k="highway" v="bus_stop"/>
    <tag k="source" v="Gerencia de Transporte Metropolitano de Trujillo"/>
    <tag k="ref" v="PS-56"/>
  <tag k="network" v="Transporte Público Urbano Trujillo"/></node>
  <node id="-337" lat="-8.1906340" lon="-78.9804940" visible="true">
    <tag k="public_transport" v="platform"/>
    <tag k="bus" v="yes"/>
    <tag k="highway" v="bus_stop"/>
    <tag k="source" v="Gerencia de Transporte Metropolitano de Trujillo"/>
    <tag k="ref" v="PS-6"/>
  <tag k="network" v="Transporte Público Urbano Trujillo"/></node>
  <node id="-338" lat="-8.1882321" lon="-78.9795803" visible="true">
    <tag k="public_transport" v="platform"/>
    <tag k="bus" v="yes"/>
    <tag k="highway" v="bus_stop"/>
    <tag k="source" v="Gerencia de Transporte Metropolitano de Trujillo"/>
    <tag k="ref" v="PS-64"/>
  <tag k="network" v="Transporte Público Urbano Trujillo"/></node>
  <node id="-339" lat="-8.0976209" lon="-79.0010685" visible="true">
    <tag k="public_transport" v="platform"/>
    <tag k="bus" v="yes"/>
    <tag k="highway" v="bus_stop"/>
    <tag k="source" v="Gerencia de Transporte Metropolitano de Trujillo"/>
    <tag k="ref" v="ABR-361"/>
  <tag k="network" v="Transporte Público Urbano Trujillo"/></node>
  <node id="-340" lat="-8.0962256" lon="-79.0008402" visible="true">
    <tag k="public_transport" v="platform"/>
    <tag k="bus" v="yes"/>
    <tag k="highway" v="bus_stop"/>
    <tag k="source" v="Gerencia de Transporte Metropolitano de Trujillo"/>
    <tag k="ref" v="ABR-362"/>
  <tag k="network" v="Transporte Público Urbano Trujillo"/></node>
  <node id="-341" lat="-8.0949266" lon="-78.9995128" visible="true">
    <tag k="public_transport" v="platform"/>
    <tag k="bus" v="yes"/>
    <tag k="highway" v="bus_stop"/>
    <tag k="source" v="Gerencia de Transporte Metropolitano de Trujillo"/>
    <tag k="ref" v="ABR-363"/>
  <tag k="network" v="Transporte Público Urbano Trujillo"/></node>
  <node id="-342" lat="-8.0949471" lon="-78.9970251" visible="true">
    <tag k="public_transport" v="platform"/>
    <tag k="bus" v="yes"/>
    <tag k="highway" v="bus_stop"/>
    <tag k="source" v="Gerencia de Transporte Metropolitano de Trujillo"/>
    <tag k="ref" v="ABR-364"/>
  <tag k="network" v="Transporte Público Urbano Trujillo"/></node>
  <node id="-343" lat="-8.0973298" lon="-78.9960467" visible="true">
    <tag k="public_transport" v="platform"/>
    <tag k="bus" v="yes"/>
    <tag k="highway" v="bus_stop"/>
    <tag k="source" v="Gerencia de Transporte Metropolitano de Trujillo"/>
    <tag k="ref" v="ABR-365"/>
  <tag k="network" v="Transporte Público Urbano Trujillo"/></node>
  <node id="-344" lat="-8.0985798" lon="-78.9969330" visible="true">
    <tag k="public_transport" v="platform"/>
    <tag k="bus" v="yes"/>
    <tag k="highway" v="bus_stop"/>
    <tag k="source" v="Gerencia de Transporte Metropolitano de Trujillo"/>
    <tag k="ref" v="ABR-366"/>
  <tag k="network" v="Transporte Público Urbano Trujillo"/></node>
  <node id="-345" lat="-8.1002701" lon="-78.9988359" visible="true">
    <tag k="public_transport" v="platform"/>
    <tag k="bus" v="yes"/>
    <tag k="highway" v="bus_stop"/>
    <tag k="source" v="Gerencia de Transporte Metropolitano de Trujillo"/>
    <tag k="ref" v="ABR-367"/>
  <tag k="network" v="Transporte Público Urbano Trujillo"/></node>
  <node id="-346" lat="-8.0920732" lon="-78.9957014" visible="true">
    <tag k="public_transport" v="platform"/>
    <tag k="bus" v="yes"/>
    <tag k="highway" v="bus_stop"/>
    <tag k="source" v="Gerencia de Transporte Metropolitano de Trujillo"/>
    <tag k="ref" v="ALFU-535"/>
  <tag k="network" v="Transporte Público Urbano Trujillo"/></node>
  <node id="-347" lat="-8.1058026" lon="-79.0225037" visible="true">
    <tag k="public_transport" v="platform"/>
    <tag k="bus" v="yes"/>
    <tag k="highway" v="bus_stop"/>
    <tag k="source" v="Gerencia de Transporte Metropolitano de Trujillo"/>
    <tag k="ref" v="AMA-462"/>
  <tag k="network" v="Transporte Público Urbano Trujillo"/></node>
  <node id="-348" lat="-8.1020120" lon="-79.0445116" visible="true">
    <tag k="public_transport" v="platform"/>
    <tag k="bus" v="yes"/>
    <tag k="highway" v="bus_stop"/>
    <tag k="source" v="Gerencia de Transporte Metropolitano de Trujillo"/>
    <tag k="ref" v="AMEO-67"/>
  <tag k="network" v="Transporte Público Urbano Trujillo"/></node>
  <node id="-349" lat="-8.1098969" lon="-79.0477464" visible="true">
    <tag k="public_transport" v="platform"/>
    <tag k="bus" v="yes"/>
    <tag k="highway" v="bus_stop"/>
    <tag k="source" v="Gerencia de Transporte Metropolitano de Trujillo"/>
    <tag k="ref" v="AMEO-71"/>
  <tag k="network" v="Transporte Público Urbano Trujillo"/></node>
  <node id="-350" lat="-8.1106633" lon="-79.0476970" visible="true">
    <tag k="public_transport" v="platform"/>
    <tag k="bus" v="yes"/>
    <tag k="highway" v="bus_stop"/>
    <tag k="source" v="Gerencia de Transporte Metropolitano de Trujillo"/>
    <tag k="ref" v="AMEO-73"/>
  <tag k="network" v="Transporte Público Urbano Trujillo"/></node>
  <node id="11910645397" lat="-8.1129353" lon="-79.0479103" version="4" action="modify">
    <tag k="advertising" v="no"/>
    <tag k="bench" v="yes"/>
    <tag k="bicycle_parking" v="no"/>
    <tag k="bin" v="no"/>
    <tag k="bus" v="yes"/>
    <tag k="departures_board" v="no"/>
    <tag k="highway" v="bus_stop"/>
    <tag k="level" v="0"/>
    <tag k="lit" v="yes"/>
    <tag k="name" v="Calle 26"/>
    <tag k="passenger_information_display:speech_output" v="no"/>
    <tag k="pole" v="yes"/>
    <tag k="public_transport" v="platform"/>
    <tag k="ramp" v="no"/>
    <tag k="ref" v="AMEO-74"/>
    <tag k="shelter" v="no"/>
    <tag k="tactile_paving" v="no"/>
    <tag k="tactile_writing:braille:es" v="no"/>
  <tag k="network" v="Transporte Público Urbano Trujillo"/><tag k="source:ref" v="Gerencia de Transporte Metropolitano de Trujillo"/></node>
  <node id="-351" lat="-8.1145723" lon="-79.0464723" visible="true">
    <tag k="public_transport" v="platform"/>
    <tag k="bus" v="yes"/>
    <tag k="highway" v="bus_stop"/>
    <tag k="source" v="Gerencia de Transporte Metropolitano de Trujillo"/>
    <tag k="ref" v="AMEO-75"/>
  <tag k="network" v="Transporte Público Urbano Trujillo"/></node>
  <node id="-352" lat="-8.1144262" lon="-79.0462892" visible="true">
    <tag k="public_transport" v="platform"/>
    <tag k="bus" v="yes"/>
    <tag k="highway" v="bus_stop"/>
    <tag k="source" v="Gerencia de Transporte Metropolitano de Trujillo"/>
    <tag k="ref" v="AMEO-76"/>
  <tag k="network" v="Transporte Público Urbano Trujillo"/></node>
  <node id="-353" lat="-8.0961352" lon="-79.0410870" visible="true">
    <tag k="public_transport" v="platform"/>
    <tag k="bus" v="yes"/>
    <tag k="highway" v="bus_stop"/>
    <tag k="source" v="Gerencia de Transporte Metropolitano de Trujillo"/>
    <tag k="ref" v="AMEO-82"/>
  <tag k="network" v="Transporte Público Urbano Trujillo"/></node>
  <node id="-354" lat="-8.0972133" lon="-79.0428225" visible="true">
    <tag k="public_transport" v="platform"/>
    <tag k="bus" v="yes"/>
    <tag k="highway" v="bus_stop"/>
    <tag k="source" v="Gerencia de Transporte Metropolitano de Trujillo"/>
    <tag k="ref" v="AMEO-84"/>
  <tag k="network" v="Transporte Público Urbano Trujillo"/></node>
  <node id="-355" lat="-8.0978658" lon="-79.0430501" visible="true">
    <tag k="public_transport" v="platform"/>
    <tag k="bus" v="yes"/>
    <tag k="highway" v="bus_stop"/>
    <tag k="source" v="Gerencia de Transporte Metropolitano de Trujillo"/>
    <tag k="ref" v="AMEO-85"/>
  <tag k="network" v="Transporte Público Urbano Trujillo"/></node>
  <node id="-356" lat="-8.0976796" lon="-79.0159997" visible="true">
    <tag k="public_transport" v="platform"/>
    <tag k="bus" v="yes"/>
    <tag k="highway" v="bus_stop"/>
    <tag k="source" v="Gerencia de Transporte Metropolitano de Trujillo"/>
    <tag k="ref" v="AMN-18"/>
  <tag k="network" v="Transporte Público Urbano Trujillo"/></node>
  <node id="11910518849" lat="-8.0961305" lon="-79.0178601" version="4" action="modify">
    <tag k="advertising" v="no"/>
    <tag k="bench" v="no"/>
    <tag k="bicycle_parking" v="no"/>
    <tag k="bin" v="no"/>
    <tag k="bus" v="yes"/>
    <tag k="departures_board" v="no"/>
    <tag k="highway" v="bus_stop"/>
    <tag k="level" v="0"/>
    <tag k="lit" v="yes"/>
    <tag k="name" v="Avenida del Ejército"/>
    <tag k="passenger_information_display:speech_output" v="no"/>
    <tag k="pole" v="yes"/>
    <tag k="public_transport" v="platform"/>
    <tag k="ramp" v="no"/>
    <tag k="ref" v="AMN-20"/>
    <tag k="shelter" v="no"/>
    <tag k="tactile_paving" v="yes"/>
    <tag k="tactile_writing:braille:es" v="no"/>
  <tag k="network" v="Transporte Público Urbano Trujillo"/><tag k="source:ref" v="Gerencia de Transporte Metropolitano de Trujillo"/></node>
  <node id="-357" lat="-8.0983175" lon="-79.0305376" visible="true">
    <tag k="public_transport" v="platform"/>
    <tag k="bus" v="yes"/>
    <tag k="highway" v="bus_stop"/>
    <tag k="source" v="Gerencia de Transporte Metropolitano de Trujillo"/>
    <tag k="ref" v="AMN-23"/>
  <tag k="network" v="Transporte Público Urbano Trujillo"/></node>
  <node id="-358" lat="-8.1034995" lon="-79.0333794" visible="true">
    <tag k="public_transport" v="platform"/>
    <tag k="bus" v="yes"/>
    <tag k="highway" v="bus_stop"/>
    <tag k="source" v="Gerencia de Transporte Metropolitano de Trujillo"/>
    <tag k="ref" v="AMN-27"/>
  <tag k="network" v="Transporte Público Urbano Trujillo"/></node>
  <node id="-359" lat="-8.0939734" lon="-79.0260984" visible="true">
    <tag k="public_transport" v="platform"/>
    <tag k="bus" v="yes"/>
    <tag k="highway" v="bus_stop"/>
    <tag k="source" v="Gerencia de Transporte Metropolitano de Trujillo"/>
    <tag k="ref" v="AMN-34"/>
  <tag k="network" v="Transporte Público Urbano Trujillo"/></node>
  <node id="-360" lat="-8.1263244" lon="-79.0343534" visible="true">
    <tag k="public_transport" v="platform"/>
    <tag k="bus" v="yes"/>
    <tag k="highway" v="bus_stop"/>
    <tag k="source" v="Gerencia de Transporte Metropolitano de Trujillo"/>
    <tag k="ref" v="AMS-39"/>
  <tag k="network" v="Transporte Público Urbano Trujillo"/></node>
  <node id="-361" lat="-8.1164039" lon="-79.0164486" visible="true">
    <tag k="public_transport" v="platform"/>
    <tag k="bus" v="yes"/>
    <tag k="highway" v="bus_stop"/>
    <tag k="source" v="Gerencia de Transporte Metropolitano de Trujillo"/>
    <tag k="ref" v="AMS-40"/>
  <tag k="network" v="Transporte Público Urbano Trujillo"/></node>
  <node id="-362" lat="-8.1151359" lon="-79.0152931" visible="true">
    <tag k="public_transport" v="platform"/>
    <tag k="bus" v="yes"/>
    <tag k="highway" v="bus_stop"/>
    <tag k="source" v="Gerencia de Transporte Metropolitano de Trujillo"/>
    <tag k="ref" v="AMS-41"/>
  <tag k="network" v="Transporte Público Urbano Trujillo"/></node>
  <node id="-363" lat="-8.1235198" lon="-79.0390245" visible="true">
    <tag k="public_transport" v="platform"/>
    <tag k="bus" v="yes"/>
    <tag k="highway" v="bus_stop"/>
    <tag k="source" v="Gerencia de Transporte Metropolitano de Trujillo"/>
    <tag k="ref" v="AMS-44"/>
  <tag k="network" v="Transporte Público Urbano Trujillo"/></node>
  <node id="-364" lat="-8.1236240" lon="-79.0392062" visible="true">
    <tag k="public_transport" v="platform"/>
    <tag k="bus" v="yes"/>
    <tag k="highway" v="bus_stop"/>
    <tag k="source" v="Gerencia de Transporte Metropolitano de Trujillo"/>
    <tag k="ref" v="AMS-45"/>
  <tag k="network" v="Transporte Público Urbano Trujillo"/></node>
  <node id="-365" lat="-8.1250348" lon="-79.0376479" visible="true">
    <tag k="public_transport" v="platform"/>
    <tag k="bus" v="yes"/>
    <tag k="highway" v="bus_stop"/>
    <tag k="source" v="Gerencia de Transporte Metropolitano de Trujillo"/>
    <tag k="ref" v="AMS-46"/>
  <tag k="network" v="Transporte Público Urbano Trujillo"/></node>
  <node id="5067622117" lat="-8.1247917" lon="-79.0376674" version="5" action="modify">
    <tag k="advertising" v="no"/>
    <tag k="bench" v="no"/>
    <tag k="bicycle_parking" v="no"/>
    <tag k="bin" v="no"/>
    <tag k="bus" v="yes"/>
    <tag k="departures_board" v="no"/>
    <tag k="highway" v="bus_stop"/>
    <tag k="level" v="0"/>
    <tag k="lit" v="yes"/>
    <tag k="name" v="Avenida Victor Larco Herrera"/>
    <tag k="passenger_information_display:speech_output" v="no"/>
    <tag k="pole" v="yes"/>
    <tag k="public_transport" v="platform"/>
    <tag k="ramp" v="no"/>
    <tag k="ref" v="AMS-47"/>
    <tag k="shelter" v="no"/>
    <tag k="source" v="Kaart Ground Survey"/>
    <tag k="tactile_paving" v="no"/>
    <tag k="tactile_writing:braille:es" v="no"/>
  <tag k="network" v="Transporte Público Urbano Trujillo"/></node>
  <node id="-366" lat="-8.1260536" lon="-79.0342673" visible="true">
    <tag k="public_transport" v="platform"/>
    <tag k="bus" v="yes"/>
    <tag k="highway" v="bus_stop"/>
    <tag k="source" v="Gerencia de Transporte Metropolitano de Trujillo"/>
    <tag k="ref" v="AMS-48"/>
  <tag k="network" v="Transporte Público Urbano Trujillo"/></node>
  <node id="11910359975" lat="-8.1268200" lon="-79.0311438" version="5" action="modify">
    <tag k="advertising" v="yes"/>
    <tag k="bench" v="yes"/>
    <tag k="bicycle_parking" v="no"/>
    <tag k="bin" v="no"/>
    <tag k="bus" v="yes"/>
    <tag k="departures_board" v="no"/>
    <tag k="highway" v="bus_stop"/>
    <tag k="level" v="0"/>
    <tag k="lit" v="yes"/>
    <tag k="name" v="Prolongación Cesar Vallejo"/>
    <tag k="passenger_information_display:speech_output" v="no"/>
    <tag k="pole" v="yes"/>
    <tag k="public_transport" v="platform"/>
    <tag k="ramp" v="no"/>
    <tag k="ref" v="AMS-49"/>
    <tag k="shelter" v="yes"/>
    <tag k="tactile_paving" v="no"/>
    <tag k="tactile_writing:braille:es" v="no"/>
  <tag k="network" v="Transporte Público Urbano Trujillo"/><tag k="source:ref" v="Gerencia de Transporte Metropolitano de Trujillo"/></node>
  <node id="11910359976" lat="-8.1265956" lon="-79.0311411" version="4" action="modify">
    <tag k="advertising" v="yes"/>
    <tag k="bench" v="yes"/>
    <tag k="bicycle_parking" v="no"/>
    <tag k="bin" v="no"/>
    <tag k="bus" v="yes"/>
    <tag k="departures_board" v="no"/>
    <tag k="highway" v="bus_stop"/>
    <tag k="level" v="0"/>
    <tag k="lit" v="yes"/>
    <tag k="name" v="Calle Australia"/>
    <tag k="passenger_information_display:speech_output" v="no"/>
    <tag k="pole" v="yes"/>
    <tag k="public_transport" v="platform"/>
    <tag k="ramp" v="no"/>
    <tag k="ref" v="AMS-50"/>
    <tag k="shelter" v="yes"/>
    <tag k="tactile_paving" v="no"/>
    <tag k="tactile_writing:braille:es" v="no"/>
  <tag k="network" v="Transporte Público Urbano Trujillo"/><tag k="source:ref" v="Gerencia de Transporte Metropolitano de Trujillo"/></node>
  <node id="-367" lat="-8.1265640" lon="-79.0288382" visible="true">
    <tag k="public_transport" v="platform"/>
    <tag k="bus" v="yes"/>
    <tag k="highway" v="bus_stop"/>
    <tag k="source" v="Gerencia de Transporte Metropolitano de Trujillo"/>
    <tag k="ref" v="AMS-51"/>
  <tag k="network" v="Transporte Público Urbano Trujillo"/></node>
  <node id="11910518853" lat="-8.1220046" lon="-79.0213577" version="4" action="modify">
    <tag k="advertising" v="no"/>
    <tag k="bench" v="no"/>
    <tag k="bicycle_parking" v="no"/>
    <tag k="bin" v="no"/>
    <tag k="bus" v="yes"/>
    <tag k="departures_board" v="no"/>
    <tag k="highway" v="bus_stop"/>
    <tag k="level" v="0"/>
    <tag k="lit" v="yes"/>
    <tag k="name" v="Calle Calcuchimac"/>
    <tag k="passenger_information_display:speech_output" v="no"/>
    <tag k="pole" v="yes"/>
    <tag k="public_transport" v="platform"/>
    <tag k="ramp" v="yes"/>
    <tag k="ref" v="AMS-52"/>
    <tag k="shelter" v="no"/>
    <tag k="tactile_paving" v="no"/>
    <tag k="tactile_writing:braille:es" v="no"/>
  <tag k="network" v="Transporte Público Urbano Trujillo"/><tag k="source:ref" v="Gerencia de Transporte Metropolitano de Trujillo"/></node>
  <node id="-368" lat="-8.1042910" lon="-79.0103168" visible="true">
    <tag k="public_transport" v="platform"/>
    <tag k="bus" v="yes"/>
    <tag k="highway" v="bus_stop"/>
    <tag k="source" v="Gerencia de Transporte Metropolitano de Trujillo"/>
    <tag k="ref" v="AMS-60"/>
  <tag k="network" v="Transporte Público Urbano Trujillo"/></node>
  <node id="-369" lat="-8.1120252" lon="-79.0136080" visible="true">
    <tag k="public_transport" v="platform"/>
    <tag k="bus" v="yes"/>
    <tag k="highway" v="bus_stop"/>
    <tag k="source" v="Gerencia de Transporte Metropolitano de Trujillo"/>
    <tag k="ref" v="AMS-61"/>
  <tag k="network" v="Transporte Público Urbano Trujillo"/></node>
  <node id="-370" lat="-8.1041752" lon="-79.0106145" visible="true">
    <tag k="public_transport" v="platform"/>
    <tag k="bus" v="yes"/>
    <tag k="highway" v="bus_stop"/>
    <tag k="source" v="Gerencia de Transporte Metropolitano de Trujillo"/>
    <tag k="ref" v="AMS-63"/>
  <tag k="network" v="Transporte Público Urbano Trujillo"/></node>
  <node id="-371" lat="-8.1115319" lon="-79.0135767" visible="true">
    <tag k="public_transport" v="platform"/>
    <tag k="bus" v="yes"/>
    <tag k="highway" v="bus_stop"/>
    <tag k="source" v="Gerencia de Transporte Metropolitano de Trujillo"/>
    <tag k="ref" v="AMS-64"/>
  <tag k="network" v="Transporte Público Urbano Trujillo"/></node>
  <node id="-372" lat="-8.1161450" lon="-79.0436952" visible="true">
    <tag k="public_transport" v="platform"/>
    <tag k="bus" v="yes"/>
    <tag k="highway" v="bus_stop"/>
    <tag k="source" v="Gerencia de Transporte Metropolitano de Trujillo"/>
    <tag k="ref" v="ANTO-346"/>
  <tag k="network" v="Transporte Público Urbano Trujillo"/></node>
  <node id="-373" lat="-8.1115821" lon="-79.0402851" visible="true">
    <tag k="public_transport" v="platform"/>
    <tag k="bus" v="yes"/>
    <tag k="highway" v="bus_stop"/>
    <tag k="source" v="Gerencia de Transporte Metropolitano de Trujillo"/>
    <tag k="ref" v="ANTO-349"/>
  <tag k="network" v="Transporte Público Urbano Trujillo"/></node>
  <node id="-374" lat="-8.0894725" lon="-79.0238086" visible="true">
    <tag k="public_transport" v="platform"/>
    <tag k="bus" v="yes"/>
    <tag k="highway" v="bus_stop"/>
    <tag k="source" v="Gerencia de Transporte Metropolitano de Trujillo"/>
    <tag k="ref" v="AVOC-451"/>
  <tag k="network" v="Transporte Público Urbano Trujillo"/></node>
  <node id="-375" lat="-8.0895126" lon="-79.0239216" visible="true">
    <tag k="public_transport" v="platform"/>
    <tag k="bus" v="yes"/>
    <tag k="highway" v="bus_stop"/>
    <tag k="source" v="Gerencia de Transporte Metropolitano de Trujillo"/>
    <tag k="ref" v="AVOC-454"/>
  <tag k="network" v="Transporte Público Urbano Trujillo"/></node>
  <node id="-376" lat="-8.1046979" lon="-79.0077726" visible="true">
    <tag k="public_transport" v="platform"/>
    <tag k="bus" v="yes"/>
    <tag k="highway" v="bus_stop"/>
    <tag k="source" v="Gerencia de Transporte Metropolitano de Trujillo"/>
    <tag k="ref" v="BLPAS-447"/>
  <tag k="network" v="Transporte Público Urbano Trujillo"/></node>
  <node id="-377" lat="-8.1038057" lon="-79.0093810" visible="true">
    <tag k="public_transport" v="platform"/>
    <tag k="bus" v="yes"/>
    <tag k="highway" v="bus_stop"/>
    <tag k="source" v="Gerencia de Transporte Metropolitano de Trujillo"/>
    <tag k="ref" v="BLPAS-448"/>
  <tag k="network" v="Transporte Público Urbano Trujillo"/></node>
  <node id="-378" lat="-8.1211496" lon="-79.0130634" visible="true">
    <tag k="public_transport" v="platform"/>
    <tag k="bus" v="yes"/>
    <tag k="highway" v="bus_stop"/>
    <tag k="source" v="Gerencia de Transporte Metropolitano de Trujillo"/>
    <tag k="ref" v="C20-529"/>
  <tag k="network" v="Transporte Público Urbano Trujillo"/></node>
  <node id="-379" lat="-8.1033285" lon="-79.0197008" visible="true">
    <tag k="public_transport" v="platform"/>
    <tag k="bus" v="yes"/>
    <tag k="highway" v="bus_stop"/>
    <tag k="source" v="Gerencia de Transporte Metropolitano de Trujillo"/>
    <tag k="ref" v="CAR-532"/>
  <tag k="network" v="Transporte Público Urbano Trujillo"/></node>
  <node id="-380" lat="-8.0972995" lon="-79.0028381" visible="true">
    <tag k="public_transport" v="platform"/>
    <tag k="bus" v="yes"/>
    <tag k="highway" v="bus_stop"/>
    <tag k="source" v="Gerencia de Transporte Metropolitano de Trujillo"/>
    <tag k="ref" v="CARE-400"/>
  <tag k="network" v="Transporte Público Urbano Trujillo"/></node>
  <node id="-381" lat="-8.0970380" lon="-79.0028656" visible="true">
    <tag k="public_transport" v="platform"/>
    <tag k="bus" v="yes"/>
    <tag k="highway" v="bus_stop"/>
    <tag k="source" v="Gerencia de Transporte Metropolitano de Trujillo"/>
    <tag k="ref" v="CARE-401"/>
  <tag k="network" v="Transporte Público Urbano Trujillo"/></node>
  <node id="-382" lat="-8.1150428" lon="-79.0076784" visible="true">
    <tag k="public_transport" v="platform"/>
    <tag k="bus" v="yes"/>
    <tag k="highway" v="bus_stop"/>
    <tag k="source" v="Gerencia de Transporte Metropolitano de Trujillo"/>
    <tag k="ref" v="CARW-305"/>
  <tag k="network" v="Transporte Público Urbano Trujillo"/></node>
  <node id="-383" lat="-8.1151701" lon="-79.0078401" visible="true">
    <tag k="public_transport" v="platform"/>
    <tag k="bus" v="yes"/>
    <tag k="highway" v="bus_stop"/>
    <tag k="source" v="Gerencia de Transporte Metropolitano de Trujillo"/>
    <tag k="ref" v="CARW-306"/>
  <tag k="network" v="Transporte Público Urbano Trujillo"/></node>
  <node id="-384" lat="-8.1149214" lon="-79.0105820" visible="true">
    <tag k="public_transport" v="platform"/>
    <tag k="bus" v="yes"/>
    <tag k="highway" v="bus_stop"/>
    <tag k="source" v="Gerencia de Transporte Metropolitano de Trujillo"/>
    <tag k="ref" v="CARW-307"/>
  <tag k="network" v="Transporte Público Urbano Trujillo"/></node>
  <node id="-385" lat="-8.1149854" lon="-79.0107359" visible="true">
    <tag k="public_transport" v="platform"/>
    <tag k="bus" v="yes"/>
    <tag k="highway" v="bus_stop"/>
    <tag k="source" v="Gerencia de Transporte Metropolitano de Trujillo"/>
    <tag k="ref" v="CARW-308"/>
  <tag k="network" v="Transporte Público Urbano Trujillo"/></node>
  <node id="-386" lat="-8.1146830" lon="-79.0123082" visible="true">
    <tag k="public_transport" v="platform"/>
    <tag k="bus" v="yes"/>
    <tag k="highway" v="bus_stop"/>
    <tag k="source" v="Gerencia de Transporte Metropolitano de Trujillo"/>
    <tag k="ref" v="CARW-309"/>
  <tag k="network" v="Transporte Público Urbano Trujillo"/></node>
  <node id="-387" lat="-8.1146961" lon="-79.0125879" visible="true">
    <tag k="public_transport" v="platform"/>
    <tag k="bus" v="yes"/>
    <tag k="highway" v="bus_stop"/>
    <tag k="source" v="Gerencia de Transporte Metropolitano de Trujillo"/>
    <tag k="ref" v="CARW-310"/>
  <tag k="network" v="Transporte Público Urbano Trujillo"/></node>
  <node id="-388" lat="-8.1143370" lon="-79.0144628" visible="true">
    <tag k="public_transport" v="platform"/>
    <tag k="bus" v="yes"/>
    <tag k="highway" v="bus_stop"/>
    <tag k="source" v="Gerencia de Transporte Metropolitano de Trujillo"/>
    <tag k="ref" v="CARW-311"/>
  <tag k="network" v="Transporte Público Urbano Trujillo"/></node>
  <node id="-389" lat="-8.1127858" lon="-79.0196637" visible="true">
    <tag k="public_transport" v="platform"/>
    <tag k="bus" v="yes"/>
    <tag k="highway" v="bus_stop"/>
    <tag k="source" v="Gerencia de Transporte Metropolitano de Trujillo"/>
    <tag k="ref" v="CEV-172"/>
  <tag k="network" v="Transporte Público Urbano Trujillo"/></node>
  <node id="-390" lat="-8.1043873" lon="-79.0126094" visible="true">
    <tag k="public_transport" v="platform"/>
    <tag k="bus" v="yes"/>
    <tag k="highway" v="bus_stop"/>
    <tag k="source" v="Gerencia de Transporte Metropolitano de Trujillo"/>
    <tag k="ref" v="CEV-174"/>
  <tag k="network" v="Transporte Público Urbano Trujillo"/></node>
  <node id="-391" lat="-8.1061501" lon="-79.0138854" visible="true">
    <tag k="public_transport" v="platform"/>
    <tag k="bus" v="yes"/>
    <tag k="highway" v="bus_stop"/>
    <tag k="source" v="Gerencia de Transporte Metropolitano de Trujillo"/>
    <tag k="ref" v="CEV-175"/>
  <tag k="network" v="Transporte Público Urbano Trujillo"/></node>
  <node id="-392" lat="-8.1067384" lon="-79.0145716" visible="true">
    <tag k="public_transport" v="platform"/>
    <tag k="bus" v="yes"/>
    <tag k="highway" v="bus_stop"/>
    <tag k="source" v="Gerencia de Transporte Metropolitano de Trujillo"/>
    <tag k="ref" v="CEV-176"/>
  <tag k="network" v="Transporte Público Urbano Trujillo"/></node>
  <node id="-393" lat="-8.1080185" lon="-79.0154954" visible="true">
    <tag k="public_transport" v="platform"/>
    <tag k="bus" v="yes"/>
    <tag k="highway" v="bus_stop"/>
    <tag k="source" v="Gerencia de Transporte Metropolitano de Trujillo"/>
    <tag k="ref" v="CEV-177"/>
  <tag k="network" v="Transporte Público Urbano Trujillo"/></node>
  <node id="-394" lat="-8.1079156" lon="-79.0156336" visible="true">
    <tag k="public_transport" v="platform"/>
    <tag k="bus" v="yes"/>
    <tag k="highway" v="bus_stop"/>
    <tag k="source" v="Gerencia de Transporte Metropolitano de Trujillo"/>
    <tag k="ref" v="CEV-178"/>
  <tag k="network" v="Transporte Público Urbano Trujillo"/></node>
  <node id="-395" lat="-8.0962709" lon="-79.0054620" visible="true">
    <tag k="public_transport" v="platform"/>
    <tag k="bus" v="yes"/>
    <tag k="highway" v="bus_stop"/>
    <tag k="source" v="Gerencia de Transporte Metropolitano de Trujillo"/>
    <tag k="ref" v="CEV-180"/>
  <tag k="network" v="Transporte Público Urbano Trujillo"/></node>
  <node id="-396" lat="-8.1021258" lon="-79.0103882" visible="true">
    <tag k="public_transport" v="platform"/>
    <tag k="bus" v="yes"/>
    <tag k="highway" v="bus_stop"/>
    <tag k="source" v="Gerencia de Transporte Metropolitano de Trujillo"/>
    <tag k="ref" v="CEV-182"/>
  <tag k="network" v="Transporte Público Urbano Trujillo"/></node>
  <node id="-397" lat="-8.1106886" lon="-79.0181023" visible="true">
    <tag k="public_transport" v="platform"/>
    <tag k="bus" v="yes"/>
    <tag k="highway" v="bus_stop"/>
    <tag k="source" v="Gerencia de Transporte Metropolitano de Trujillo"/>
    <tag k="ref" v="CEV-183"/>
  <tag k="network" v="Transporte Público Urbano Trujillo"/></node>
  <node id="-398" lat="-8.0959599" lon="-79.0055367" visible="true">
    <tag k="public_transport" v="platform"/>
    <tag k="bus" v="yes"/>
    <tag k="highway" v="bus_stop"/>
    <tag k="source" v="Gerencia de Transporte Metropolitano de Trujillo"/>
    <tag k="ref" v="CEV-184"/>
  <tag k="network" v="Transporte Público Urbano Trujillo"/></node>
  <node id="-399" lat="-8.1017614" lon="-79.0104063" visible="true">
    <tag k="public_transport" v="platform"/>
    <tag k="bus" v="yes"/>
    <tag k="highway" v="bus_stop"/>
    <tag k="source" v="Gerencia de Transporte Metropolitano de Trujillo"/>
    <tag k="ref" v="CEV-186"/>
  <tag k="network" v="Transporte Público Urbano Trujillo"/></node>
  <node id="-400" lat="-8.0893785" lon="-78.9996426" visible="true">
    <tag k="public_transport" v="platform"/>
    <tag k="bus" v="yes"/>
    <tag k="highway" v="bus_stop"/>
    <tag k="source" v="Gerencia de Transporte Metropolitano de Trujillo"/>
    <tag k="ref" v="CEV-187"/>
  <tag k="network" v="Transporte Público Urbano Trujillo"/></node>
  <node id="-401" lat="-8.0890569" lon="-78.9997599" visible="true">
    <tag k="public_transport" v="platform"/>
    <tag k="bus" v="yes"/>
    <tag k="highway" v="bus_stop"/>
    <tag k="source" v="Gerencia de Transporte Metropolitano de Trujillo"/>
    <tag k="ref" v="CEV-189"/>
  <tag k="network" v="Transporte Público Urbano Trujillo"/></node>
  <node id="-402" lat="-8.1182663" lon="-79.0054020" visible="true">
    <tag k="public_transport" v="platform"/>
    <tag k="bus" v="yes"/>
    <tag k="highway" v="bus_stop"/>
    <tag k="source" v="Gerencia de Transporte Metropolitano de Trujillo"/>
    <tag k="ref" v="CONT-377"/>
  <tag k="network" v="Transporte Público Urbano Trujillo"/></node>
  <node id="-403" lat="-8.1197064" lon="-79.0063595" visible="true">
    <tag k="public_transport" v="platform"/>
    <tag k="bus" v="yes"/>
    <tag k="highway" v="bus_stop"/>
    <tag k="source" v="Gerencia de Transporte Metropolitano de Trujillo"/>
    <tag k="ref" v="CONT-379"/>
  <tag k="network" v="Transporte Público Urbano Trujillo"/></node>
  <node id="-404" lat="-8.1208708" lon="-79.0079055" visible="true">
    <tag k="public_transport" v="platform"/>
    <tag k="bus" v="yes"/>
    <tag k="highway" v="bus_stop"/>
    <tag k="source" v="Gerencia de Transporte Metropolitano de Trujillo"/>
    <tag k="ref" v="CONT-381"/>
  <tag k="network" v="Transporte Público Urbano Trujillo"/></node>
  <node id="-405" lat="-8.1207778" lon="-79.0086390" visible="true">
    <tag k="public_transport" v="platform"/>
    <tag k="bus" v="yes"/>
    <tag k="highway" v="bus_stop"/>
    <tag k="source" v="Gerencia de Transporte Metropolitano de Trujillo"/>
    <tag k="ref" v="CONT-382"/>
  <tag k="network" v="Transporte Público Urbano Trujillo"/></node>
  <node id="-406" lat="-8.1250829" lon="-79.0303192" visible="true">
    <tag k="public_transport" v="platform"/>
    <tag k="bus" v="yes"/>
    <tag k="highway" v="bus_stop"/>
    <tag k="source" v="Gerencia de Transporte Metropolitano de Trujillo"/>
    <tag k="ref" v="COSR-333"/>
  <tag k="network" v="Transporte Público Urbano Trujillo"/></node>
  <node id="-407" lat="-8.1261258" lon="-79.0303213" visible="true">
    <tag k="public_transport" v="platform"/>
    <tag k="bus" v="yes"/>
    <tag k="highway" v="bus_stop"/>
    <tag k="source" v="Gerencia de Transporte Metropolitano de Trujillo"/>
    <tag k="ref" v="COSR-335"/>
  <tag k="network" v="Transporte Público Urbano Trujillo"/></node>
  <node id="-408" lat="-8.1197406" lon="-79.0265009" visible="true">
    <tag k="public_transport" v="platform"/>
    <tag k="bus" v="yes"/>
    <tag k="highway" v="bus_stop"/>
    <tag k="source" v="Gerencia de Transporte Metropolitano de Trujillo"/>
    <tag k="ref" v="COSR-336"/>
  <tag k="network" v="Transporte Público Urbano Trujillo"/></node>
  <node id="-409" lat="-8.1193536" lon="-79.0260593" visible="true">
    <tag k="public_transport" v="platform"/>
    <tag k="bus" v="yes"/>
    <tag k="highway" v="bus_stop"/>
    <tag k="source" v="Gerencia de Transporte Metropolitano de Trujillo"/>
    <tag k="ref" v="COSR-337"/>
  <tag k="network" v="Transporte Público Urbano Trujillo"/></node>
  <node id="-410" lat="-8.1118251" lon="-79.0449609" visible="true">
    <tag k="public_transport" v="platform"/>
    <tag k="bus" v="yes"/>
    <tag k="highway" v="bus_stop"/>
    <tag k="source" v="Gerencia de Transporte Metropolitano de Trujillo"/>
    <tag k="ref" v="COVIC-429"/>
  <tag k="network" v="Transporte Público Urbano Trujillo"/></node>
  <node id="-411" lat="-8.1138368" lon="-79.0465531" visible="true">
    <tag k="public_transport" v="platform"/>
    <tag k="bus" v="yes"/>
    <tag k="highway" v="bus_stop"/>
    <tag k="source" v="Gerencia de Transporte Metropolitano de Trujillo"/>
    <tag k="ref" v="COVIC-434"/>
  <tag k="network" v="Transporte Público Urbano Trujillo"/></node>
  <node id="-412" lat="-8.0945445" lon="-79.0425542" visible="true">
    <tag k="public_transport" v="platform"/>
    <tag k="bus" v="yes"/>
    <tag k="highway" v="bus_stop"/>
    <tag k="source" v="Gerencia de Transporte Metropolitano de Trujillo"/>
    <tag k="ref" v="CRIS-488"/>
  <tag k="network" v="Transporte Público Urbano Trujillo"/></node>
  <node id="-413" lat="-8.1027701" lon="-79.0029400" visible="true">
    <tag k="public_transport" v="platform"/>
    <tag k="bus" v="yes"/>
    <tag k="highway" v="bus_stop"/>
    <tag k="source" v="Gerencia de Transporte Metropolitano de Trujillo"/>
    <tag k="ref" v="CTC-476"/>
  <tag k="network" v="Transporte Público Urbano Trujillo"/></node>
  <node id="-414" lat="-8.1027801" lon="-79.0031288" visible="true">
    <tag k="public_transport" v="platform"/>
    <tag k="bus" v="yes"/>
    <tag k="highway" v="bus_stop"/>
    <tag k="source" v="Gerencia de Transporte Metropolitano de Trujillo"/>
    <tag k="ref" v="CTC-477"/>
  <tag k="network" v="Transporte Público Urbano Trujillo"/></node>
  <node id="-415" lat="-8.1203865" lon="-79.0084667" visible="true">
    <tag k="public_transport" v="platform"/>
    <tag k="bus" v="yes"/>
    <tag k="highway" v="bus_stop"/>
    <tag k="source" v="Gerencia de Transporte Metropolitano de Trujillo"/>
    <tag k="ref" v="EGR-250"/>
  <tag k="network" v="Transporte Público Urbano Trujillo"/></node>
  <node id="-416" lat="-8.1198482" lon="-79.0087675" visible="true">
    <tag k="public_transport" v="platform"/>
    <tag k="bus" v="yes"/>
    <tag k="highway" v="bus_stop"/>
    <tag k="source" v="Gerencia de Transporte Metropolitano de Trujillo"/>
    <tag k="ref" v="EGR-251"/>
  <tag k="network" v="Transporte Público Urbano Trujillo"/></node>
  <node id="-417" lat="-8.1176117" lon="-79.0116502" visible="true">
    <tag k="public_transport" v="platform"/>
    <tag k="bus" v="yes"/>
    <tag k="highway" v="bus_stop"/>
    <tag k="source" v="Gerencia de Transporte Metropolitano de Trujillo"/>
    <tag k="ref" v="EGR-254"/>
  <tag k="network" v="Transporte Público Urbano Trujillo"/></node>
  <node id="-418" lat="-8.1173193" lon="-79.0116183" visible="true">
    <tag k="public_transport" v="platform"/>
    <tag k="bus" v="yes"/>
    <tag k="highway" v="bus_stop"/>
    <tag k="source" v="Gerencia de Transporte Metropolitano de Trujillo"/>
    <tag k="ref" v="EGR-255"/>
  <tag k="network" v="Transporte Público Urbano Trujillo"/></node>
  <node id="-419" lat="-8.1154031" lon="-79.0145845" visible="true">
    <tag k="public_transport" v="platform"/>
    <tag k="bus" v="yes"/>
    <tag k="highway" v="bus_stop"/>
    <tag k="source" v="Gerencia de Transporte Metropolitano de Trujillo"/>
    <tag k="ref" v="EGR-258"/>
  <tag k="network" v="Transporte Público Urbano Trujillo"/></node>
  <node id="-420" lat="-8.1150822" lon="-79.0146415" visible="true">
    <tag k="public_transport" v="platform"/>
    <tag k="bus" v="yes"/>
    <tag k="highway" v="bus_stop"/>
    <tag k="source" v="Gerencia de Transporte Metropolitano de Trujillo"/>
    <tag k="ref" v="EGR-259"/>
  <tag k="network" v="Transporte Público Urbano Trujillo"/></node>
  <node id="-421" lat="-8.1092367" lon="-79.0211224" visible="true">
    <tag k="public_transport" v="platform"/>
    <tag k="bus" v="yes"/>
    <tag k="highway" v="bus_stop"/>
    <tag k="source" v="Gerencia de Transporte Metropolitano de Trujillo"/>
    <tag k="ref" v="EGR-265"/>
  <tag k="network" v="Transporte Público Urbano Trujillo"/></node>
  <node id="-422" lat="-8.1091442" lon="-79.0210214" visible="true">
    <tag k="public_transport" v="platform"/>
    <tag k="bus" v="yes"/>
    <tag k="highway" v="bus_stop"/>
    <tag k="source" v="Gerencia de Transporte Metropolitano de Trujillo"/>
    <tag k="ref" v="EGR-266"/>
  <tag k="network" v="Transporte Público Urbano Trujillo"/></node>
  <node id="5099494790" lat="-8.1072731" lon="-79.0220781" version="6" action="modify">
    <tag k="advertising" v="yes"/>
    <tag k="bench" v="yes"/>
    <tag k="bicycle_parking" v="no"/>
    <tag k="bin" v="no"/>
    <tag k="bus" v="yes"/>
    <tag k="departures_board" v="no"/>
    <tag k="highway" v="bus_stop"/>
    <tag k="level" v="0"/>
    <tag k="lit" v="yes"/>
    <tag k="name" v="Avenida Perú"/>
    <tag k="passenger_information_display:speech_output" v="no"/>
    <tag k="pole" v="yes"/>
    <tag k="public_transport" v="platform"/>
    <tag k="ramp" v="no"/>
    <tag k="ref" v="ESP-10"/>
    <tag k="shelter" v="yes"/>
    <tag k="source" v="Reconocimiento terrestre cartográfico realizado por Kaart en 2017"/>
    <tag k="tactile_paving" v="no"/>
    <tag k="tactile_writing:braille:es" v="no"/>
  <tag k="network" v="Transporte Público Urbano Trujillo"/></node>
  <node id="4937067022" lat="-8.1056158" lon="-79.0240072" version="9" action="modify">
    <tag k="advertising" v="yes"/>
    <tag k="bench" v="yes"/>
    <tag k="bicycle_parking" v="no"/>
    <tag k="bin" v="no"/>
    <tag k="bus" v="yes"/>
    <tag k="departures_board" v="no"/>
    <tag k="highway" v="bus_stop"/>
    <tag k="level" v="0"/>
    <tag k="lit" v="yes"/>
    <tag k="name" v="Avenida Del Ejército"/>
    <tag k="name:de" v="Bus B nach Chan Chan und Huanchaco"/>
    <tag k="name:en" v="Bus B to Chan Chan and Huanchaco"/>
    <tag k="passenger_information_display:speech_output" v="no"/>
    <tag k="pole" v="yes"/>
    <tag k="public_transport" v="platform"/>
    <tag k="ramp" v="no"/>
    <tag k="ref" v="ESP-12"/>
    <tag k="shelter" v="yes"/>
    <tag k="tactile_paving" v="no"/>
    <tag k="tactile_writing:braille:es" v="no"/>
  <tag k="network" v="Transporte Público Urbano Trujillo"/><tag k="source:ref" v="Gerencia de Transporte Metropolitano de Trujillo"/></node>
  <node id="11895968651" lat="-8.1056463" lon="-79.0245107" version="4" action="modify">
    <tag k="advertising" v="no"/>
    <tag k="bench" v="no"/>
    <tag k="bicycle_parking" v="no"/>
    <tag k="bin" v="no"/>
    <tag k="bus" v="yes"/>
    <tag k="departures_board" v="no"/>
    <tag k="highway" v="bus_stop"/>
    <tag k="level" v="0"/>
    <tag k="lit" v="no"/>
    <tag k="name" v="Avenida del Ejército"/>
    <tag k="passenger_information_display:speech_output" v="no"/>
    <tag k="pole" v="yes"/>
    <tag k="public_transport" v="platform"/>
    <tag k="ramp" v="no"/>
    <tag k="ref" v="ESP-13"/>
    <tag k="shelter" v="no"/>
    <tag k="tactile_paving" v="no"/>
    <tag k="tactile_writing:braille:es" v="no"/>
  <tag k="network" v="Transporte Público Urbano Trujillo"/><tag k="source:ref" v="Gerencia de Transporte Metropolitano de Trujillo"/></node>
  <node id="11895957225" lat="-8.1056576" lon="-79.0276442" version="3" action="modify">
    <tag k="advertising" v="no"/>
    <tag k="bench" v="no"/>
    <tag k="bicycle_parking" v="no"/>
    <tag k="bin" v="no"/>
    <tag k="bus" v="yes"/>
    <tag k="departures_board" v="no"/>
    <tag k="highway" v="bus_stop"/>
    <tag k="level" v="0"/>
    <tag k="lit" v="no"/>
    <tag k="name" v="Calle Agricultura"/>
    <tag k="passenger_information_display:speech_output" v="no"/>
    <tag k="pole" v="yes"/>
    <tag k="public_transport" v="platform"/>
    <tag k="ramp" v="no"/>
    <tag k="ref" v="ESP-14"/>
    <tag k="shelter" v="no"/>
    <tag k="tactile_paving" v="no"/>
    <tag k="tactile_writing:braille:es" v="no"/>
  <tag k="network" v="Transporte Público Urbano Trujillo"/><tag k="source:ref" v="Gerencia de Transporte Metropolitano de Trujillo"/></node>
  <node id="11895957224" lat="-8.1058580" lon="-79.0277112" version="3" action="modify">
    <tag k="advertising" v="no"/>
    <tag k="bench" v="no"/>
    <tag k="bicycle_parking" v="no"/>
    <tag k="bin" v="no"/>
    <tag k="bus" v="yes"/>
    <tag k="departures_board" v="no"/>
    <tag k="highway" v="bus_stop"/>
    <tag k="level" v="0"/>
    <tag k="lit" v="yes"/>
    <tag k="name" v="Jirón Estete"/>
    <tag k="passenger_information_display:speech_output" v="no"/>
    <tag k="pole" v="yes"/>
    <tag k="public_transport" v="platform"/>
    <tag k="ramp" v="no"/>
    <tag k="ref" v="ESP-15"/>
    <tag k="shelter" v="no"/>
    <tag k="tactile_paving" v="no"/>
    <tag k="tactile_writing:braille:es" v="no"/>
  <tag k="network" v="Transporte Público Urbano Trujillo"/><tag k="source:ref" v="Gerencia de Transporte Metropolitano de Trujillo"/></node>
  <node id="-423" lat="-8.1162183" lon="-79.0304266" visible="true">
    <tag k="public_transport" v="platform"/>
    <tag k="bus" v="yes"/>
    <tag k="highway" v="bus_stop"/>
    <tag k="source" v="Gerencia de Transporte Metropolitano de Trujillo"/>
    <tag k="ref" v="ESP-4"/>
  <tag k="network" v="Transporte Público Urbano Trujillo"/></node>
  <node id="5099440457" lat="-8.1145182" lon="-79.0322849" version="6" action="modify">
    <tag k="advertising" v="yes"/>
    <tag k="bench" v="yes"/>
    <tag k="bicycle_parking" v="yes"/>
    <tag k="bin" v="no"/>
    <tag k="bus" v="yes"/>
    <tag k="departures_board" v="no"/>
    <tag k="highway" v="bus_stop"/>
    <tag k="level" v="0"/>
    <tag k="lit" v="yes"/>
    <tag k="name" v="Jirón Independencia"/>
    <tag k="passenger_information_display:speech_output" v="no"/>
    <tag k="pole" v="yes"/>
    <tag k="public_transport" v="platform"/>
    <tag k="ramp" v="no"/>
    <tag k="ref" v="ESP-5"/>
    <tag k="shelter" v="yes"/>
    <tag k="source" v="Reconocimiento terrestre cartográfico realizado por Kaart en 2017"/>
    <tag k="tactile_paving" v="no"/>
    <tag k="tactile_writing:braille:es" v="no"/>
  <tag k="network" v="Transporte Público Urbano Trujillo"/></node>
  <node id="-424" lat="-8.1164168" lon="-79.0288381" visible="true">
    <tag k="public_transport" v="platform"/>
    <tag k="bus" v="yes"/>
    <tag k="highway" v="bus_stop"/>
    <tag k="source" v="Gerencia de Transporte Metropolitano de Trujillo"/>
    <tag k="ref" v="ESP-6"/>
  <tag k="network" v="Transporte Público Urbano Trujillo"/></node>
  <node id="-425" lat="-8.1082618" lon="-79.0216367" visible="true">
    <tag k="public_transport" v="platform"/>
    <tag k="bus" v="yes"/>
    <tag k="highway" v="bus_stop"/>
    <tag k="source" v="Gerencia de Transporte Metropolitano de Trujillo"/>
    <tag k="ref" v="ESP-8"/>
  <tag k="network" v="Transporte Público Urbano Trujillo"/></node>
  <node id="-426" lat="-8.0933821" lon="-79.0433254" visible="true">
    <tag k="public_transport" v="platform"/>
    <tag k="bus" v="yes"/>
    <tag k="highway" v="bus_stop"/>
    <tag k="source" v="Gerencia de Transporte Metropolitano de Trujillo"/>
    <tag k="ref" v="ESPIN-508"/>
  <tag k="network" v="Transporte Público Urbano Trujillo"/></node>
  <node id="-427" lat="-8.0958072" lon="-79.0438353" visible="true">
    <tag k="public_transport" v="platform"/>
    <tag k="bus" v="yes"/>
    <tag k="highway" v="bus_stop"/>
    <tag k="source" v="Gerencia de Transporte Metropolitano de Trujillo"/>
    <tag k="ref" v="ESPIN-509"/>
  <tag k="network" v="Transporte Público Urbano Trujillo"/></node>
  <node id="-428" lat="-8.1101861" lon="-78.9974888" visible="true">
    <tag k="public_transport" v="platform"/>
    <tag k="bus" v="yes"/>
    <tag k="highway" v="bus_stop"/>
    <tag k="source" v="Gerencia de Transporte Metropolitano de Trujillo"/>
    <tag k="ref" v="EV-543"/>
  <tag k="network" v="Transporte Público Urbano Trujillo"/></node>
  <node id="-429" lat="-8.1194551" lon="-79.0175871" visible="true">
    <tag k="public_transport" v="platform"/>
    <tag k="bus" v="yes"/>
    <tag k="highway" v="bus_stop"/>
    <tag k="source" v="Gerencia de Transporte Metropolitano de Trujillo"/>
    <tag k="ref" v="FERMO-481"/>
  <tag k="network" v="Transporte Público Urbano Trujillo"/></node>
  <node id="-430" lat="-8.1213107" lon="-79.0144939" visible="true">
    <tag k="public_transport" v="platform"/>
    <tag k="bus" v="yes"/>
    <tag k="highway" v="bus_stop"/>
    <tag k="source" v="Gerencia de Transporte Metropolitano de Trujillo"/>
    <tag k="ref" v="FERMO-484"/>
  <tag k="network" v="Transporte Público Urbano Trujillo"/></node>
  <node id="-431" lat="-8.1214400" lon="-79.0146854" visible="true">
    <tag k="public_transport" v="platform"/>
    <tag k="bus" v="yes"/>
    <tag k="highway" v="bus_stop"/>
    <tag k="source" v="Gerencia de Transporte Metropolitano de Trujillo"/>
    <tag k="ref" v="FERMO-485"/>
  <tag k="network" v="Transporte Público Urbano Trujillo"/></node>
  <node id="-432" lat="-8.1220949" lon="-79.0137949" visible="true">
    <tag k="public_transport" v="platform"/>
    <tag k="bus" v="yes"/>
    <tag k="highway" v="bus_stop"/>
    <tag k="source" v="Gerencia de Transporte Metropolitano de Trujillo"/>
    <tag k="ref" v="FERMO-486"/>
  <tag k="network" v="Transporte Público Urbano Trujillo"/></node>
  <node id="-433" lat="-8.0990666" lon="-79.0069231" visible="true">
    <tag k="public_transport" v="platform"/>
    <tag k="bus" v="yes"/>
    <tag k="highway" v="bus_stop"/>
    <tag k="source" v="Gerencia de Transporte Metropolitano de Trujillo"/>
    <tag k="ref" v="FEVI-213"/>
  <tag k="network" v="Transporte Público Urbano Trujillo"/></node>
  <node id="-434" lat="-8.0934873" lon="-79.0268040" visible="true">
    <tag k="public_transport" v="platform"/>
    <tag k="bus" v="yes"/>
    <tag k="highway" v="bus_stop"/>
    <tag k="source" v="Gerencia de Transporte Metropolitano de Trujillo"/>
    <tag k="ref" v="FEVI-214"/>
  <tag k="network" v="Transporte Público Urbano Trujillo"/></node>
  <node id="-435" lat="-8.0928030" lon="-79.0239658" visible="true">
    <tag k="public_transport" v="platform"/>
    <tag k="bus" v="yes"/>
    <tag k="highway" v="bus_stop"/>
    <tag k="source" v="Gerencia de Transporte Metropolitano de Trujillo"/>
    <tag k="ref" v="FEVI-216"/>
  <tag k="network" v="Transporte Público Urbano Trujillo"/></node>
  <node id="-436" lat="-8.0922674" lon="-79.0199207" visible="true">
    <tag k="public_transport" v="platform"/>
    <tag k="bus" v="yes"/>
    <tag k="highway" v="bus_stop"/>
    <tag k="source" v="Gerencia de Transporte Metropolitano de Trujillo"/>
    <tag k="ref" v="FEVI-219"/>
  <tag k="network" v="Transporte Público Urbano Trujillo"/></node>
  <node id="-437" lat="-8.0941722" lon="-79.0153012" visible="true">
    <tag k="public_transport" v="platform"/>
    <tag k="bus" v="yes"/>
    <tag k="highway" v="bus_stop"/>
    <tag k="source" v="Gerencia de Transporte Metropolitano de Trujillo"/>
    <tag k="ref" v="FEVI-222"/>
  <tag k="network" v="Transporte Público Urbano Trujillo"/></node>
  <node id="-438" lat="-8.0965565" lon="-79.0112737" visible="true">
    <tag k="public_transport" v="platform"/>
    <tag k="bus" v="yes"/>
    <tag k="highway" v="bus_stop"/>
    <tag k="source" v="Gerencia de Transporte Metropolitano de Trujillo"/>
    <tag k="ref" v="FEVI-225"/>
  <tag k="network" v="Transporte Público Urbano Trujillo"/></node>
  <node id="-439" lat="-8.0971678" lon="-79.0106446" visible="true">
    <tag k="public_transport" v="platform"/>
    <tag k="bus" v="yes"/>
    <tag k="highway" v="bus_stop"/>
    <tag k="source" v="Gerencia de Transporte Metropolitano de Trujillo"/>
    <tag k="ref" v="FEVI-226"/>
  <tag k="network" v="Transporte Público Urbano Trujillo"/></node>
  <node id="-440" lat="-8.1070951" lon="-79.0128857" visible="true">
    <tag k="public_transport" v="platform"/>
    <tag k="bus" v="yes"/>
    <tag k="highway" v="bus_stop"/>
    <tag k="source" v="Gerencia de Transporte Metropolitano de Trujillo"/>
    <tag k="ref" v="GUZBA-461"/>
  <tag k="network" v="Transporte Público Urbano Trujillo"/></node>
  <node id="-441" lat="-8.0916679" lon="-78.9934587" visible="true">
    <tag k="public_transport" v="platform"/>
    <tag k="bus" v="yes"/>
    <tag k="highway" v="bus_stop"/>
    <tag k="source" v="Gerencia de Transporte Metropolitano de Trujillo"/>
    <tag k="ref" v="HDY-538"/>
  <tag k="network" v="Transporte Público Urbano Trujillo"/></node>
  <node id="-442" lat="-8.1034192" lon="-79.0025649" visible="true">
    <tag k="public_transport" v="platform"/>
    <tag k="bus" v="yes"/>
    <tag k="highway" v="bus_stop"/>
    <tag k="source" v="Gerencia de Transporte Metropolitano de Trujillo"/>
    <tag k="ref" v="HOND-313"/>
  <tag k="network" v="Transporte Público Urbano Trujillo"/></node>
  <node id="-443" lat="-8.1034887" lon="-79.0029652" visible="true">
    <tag k="public_transport" v="platform"/>
    <tag k="bus" v="yes"/>
    <tag k="highway" v="bus_stop"/>
    <tag k="source" v="Gerencia de Transporte Metropolitano de Trujillo"/>
    <tag k="ref" v="HOND-314"/>
  <tag k="network" v="Transporte Público Urbano Trujillo"/></node>
  <node id="-444" lat="-8.1222569" lon="-79.0341871" visible="true">
    <tag k="public_transport" v="platform"/>
    <tag k="bus" v="yes"/>
    <tag k="highway" v="bus_stop"/>
    <tag k="source" v="Gerencia de Transporte Metropolitano de Trujillo"/>
    <tag k="ref" v="HSJ-234"/>
  <tag k="network" v="Transporte Público Urbano Trujillo"/></node>
  <node id="-445" lat="-8.0917323" lon="-78.9958610" visible="true">
    <tag k="public_transport" v="platform"/>
    <tag k="bus" v="yes"/>
    <tag k="highway" v="bus_stop"/>
    <tag k="source" v="Gerencia de Transporte Metropolitano de Trujillo"/>
    <tag k="ref" v="HUAS-443"/>
  <tag k="network" v="Transporte Público Urbano Trujillo"/></node>
  <node id="-446" lat="-8.1198077" lon="-79.0208143" visible="true">
    <tag k="public_transport" v="platform"/>
    <tag k="bus" v="yes"/>
    <tag k="highway" v="bus_stop"/>
    <tag k="source" v="Gerencia de Transporte Metropolitano de Trujillo"/>
    <tag k="ref" v="HUAY-494"/>
  <tag k="network" v="Transporte Público Urbano Trujillo"/></node>
  <node id="-447" lat="-8.1175650" lon="-79.0242313" visible="true">
    <tag k="public_transport" v="platform"/>
    <tag k="bus" v="yes"/>
    <tag k="highway" v="bus_stop"/>
    <tag k="source" v="Gerencia de Transporte Metropolitano de Trujillo"/>
    <tag k="ref" v="IN-167"/>
  <tag k="network" v="Transporte Público Urbano Trujillo"/></node>
  <node id="-448" lat="-8.1172192" lon="-79.0241273" visible="true">
    <tag k="public_transport" v="platform"/>
    <tag k="bus" v="yes"/>
    <tag k="highway" v="bus_stop"/>
    <tag k="source" v="Gerencia de Transporte Metropolitano de Trujillo"/>
    <tag k="ref" v="IN-168"/>
  <tag k="network" v="Transporte Público Urbano Trujillo"/></node>
  <node id="-449" lat="-8.1153628" lon="-79.0221074" visible="true">
    <tag k="public_transport" v="platform"/>
    <tag k="bus" v="yes"/>
    <tag k="highway" v="bus_stop"/>
    <tag k="source" v="Gerencia de Transporte Metropolitano de Trujillo"/>
    <tag k="ref" v="IN-169"/>
  <tag k="network" v="Transporte Público Urbano Trujillo"/></node>
  <node id="-450" lat="-8.1150471" lon="-79.0220161" visible="true">
    <tag k="public_transport" v="platform"/>
    <tag k="bus" v="yes"/>
    <tag k="highway" v="bus_stop"/>
    <tag k="source" v="Gerencia de Transporte Metropolitano de Trujillo"/>
    <tag k="ref" v="IN-170"/>
  <tag k="network" v="Transporte Público Urbano Trujillo"/></node>
  <node id="-451" lat="-8.1130933" lon="-79.0201808" visible="true">
    <tag k="public_transport" v="platform"/>
    <tag k="bus" v="yes"/>
    <tag k="highway" v="bus_stop"/>
    <tag k="source" v="Gerencia de Transporte Metropolitano de Trujillo"/>
    <tag k="ref" v="IN-171"/>
  <tag k="network" v="Transporte Público Urbano Trujillo"/></node>
  <node id="-452" lat="-8.1112557" lon="-79.0364068" visible="true">
    <tag k="public_transport" v="platform"/>
    <tag k="bus" v="yes"/>
    <tag k="highway" v="bus_stop"/>
    <tag k="source" v="Gerencia de Transporte Metropolitano de Trujillo"/>
    <tag k="ref" v="JEN-141"/>
  <tag k="network" v="Transporte Público Urbano Trujillo"/></node>
  <node id="-453" lat="-8.1109036" lon="-79.0366373" visible="true">
    <tag k="public_transport" v="platform"/>
    <tag k="bus" v="yes"/>
    <tag k="highway" v="bus_stop"/>
    <tag k="source" v="Gerencia de Transporte Metropolitano de Trujillo"/>
    <tag k="ref" v="JEN-142"/>
  <tag k="network" v="Transporte Público Urbano Trujillo"/></node>
  <node id="-454" lat="-8.1093949" lon="-79.0396905" visible="true">
    <tag k="public_transport" v="platform"/>
    <tag k="bus" v="yes"/>
    <tag k="highway" v="bus_stop"/>
    <tag k="source" v="Gerencia de Transporte Metropolitano de Trujillo"/>
    <tag k="ref" v="JEN-144"/>
  <tag k="network" v="Transporte Público Urbano Trujillo"/></node>
  <node id="-455" lat="-8.1086167" lon="-79.0413452" visible="true">
    <tag k="public_transport" v="platform"/>
    <tag k="bus" v="yes"/>
    <tag k="highway" v="bus_stop"/>
    <tag k="source" v="Gerencia de Transporte Metropolitano de Trujillo"/>
    <tag k="ref" v="JEN-145"/>
  <tag k="network" v="Transporte Público Urbano Trujillo"/></node>
  <node id="-456" lat="-8.1084780" lon="-79.0421921" visible="true">
    <tag k="public_transport" v="platform"/>
    <tag k="bus" v="yes"/>
    <tag k="highway" v="bus_stop"/>
    <tag k="source" v="Gerencia de Transporte Metropolitano de Trujillo"/>
    <tag k="ref" v="JEN-146"/>
  <tag k="network" v="Transporte Público Urbano Trujillo"/></node>
  <node id="-457" lat="-8.1076033" lon="-79.0446508" visible="true">
    <tag k="public_transport" v="platform"/>
    <tag k="bus" v="yes"/>
    <tag k="highway" v="bus_stop"/>
    <tag k="source" v="Gerencia de Transporte Metropolitano de Trujillo"/>
    <tag k="ref" v="JEN-148"/>
  <tag k="network" v="Transporte Público Urbano Trujillo"/></node>
  <node id="-458" lat="-8.1244133" lon="-79.0180506" visible="true">
    <tag k="public_transport" v="platform"/>
    <tag k="bus" v="yes"/>
    <tag k="highway" v="bus_stop"/>
    <tag k="source" v="Gerencia de Transporte Metropolitano de Trujillo"/>
    <tag k="ref" v="JOIN-468"/>
  <tag k="network" v="Transporte Público Urbano Trujillo"/></node>
  <node id="-459" lat="-8.1099981" lon="-79.0199348" visible="true">
    <tag k="public_transport" v="platform"/>
    <tag k="bus" v="yes"/>
    <tag k="highway" v="bus_stop"/>
    <tag k="source" v="Gerencia de Transporte Metropolitano de Trujillo"/>
    <tag k="ref" v="JOSA-520"/>
  <tag k="network" v="Transporte Público Urbano Trujillo"/></node>
  <node id="-460" lat="-8.1135320" lon="-79.0350377" visible="true">
    <tag k="public_transport" v="platform"/>
    <tag k="bus" v="yes"/>
    <tag k="highway" v="bus_stop"/>
    <tag k="source" v="Gerencia de Transporte Metropolitano de Trujillo"/>
    <tag k="ref" v="JPT-129"/>
  <tag k="network" v="Transporte Público Urbano Trujillo"/></node>
  <node id="-461" lat="-8.1180374" lon="-79.0389756" visible="true">
    <tag k="public_transport" v="platform"/>
    <tag k="bus" v="yes"/>
    <tag k="highway" v="bus_stop"/>
    <tag k="source" v="Gerencia de Transporte Metropolitano de Trujillo"/>
    <tag k="ref" v="JPT-130"/>
  <tag k="network" v="Transporte Público Urbano Trujillo"/></node>
  <node id="-462" lat="-8.1179240" lon="-79.0391820" visible="true">
    <tag k="public_transport" v="platform"/>
    <tag k="bus" v="yes"/>
    <tag k="highway" v="bus_stop"/>
    <tag k="source" v="Gerencia de Transporte Metropolitano de Trujillo"/>
    <tag k="ref" v="JPT-131"/>
  <tag k="network" v="Transporte Público Urbano Trujillo"/></node>
  <node id="-463" lat="-8.1204954" lon="-79.0414213" visible="true">
    <tag k="public_transport" v="platform"/>
    <tag k="bus" v="yes"/>
    <tag k="highway" v="bus_stop"/>
    <tag k="source" v="Gerencia de Transporte Metropolitano de Trujillo"/>
    <tag k="ref" v="JPT-133"/>
  <tag k="network" v="Transporte Público Urbano Trujillo"/></node>
  <node id="-464" lat="-8.1206448" lon="-79.0412691" visible="true">
    <tag k="public_transport" v="platform"/>
    <tag k="bus" v="yes"/>
    <tag k="highway" v="bus_stop"/>
    <tag k="source" v="Gerencia de Transporte Metropolitano de Trujillo"/>
    <tag k="ref" v="JPT-134"/>
  <tag k="network" v="Transporte Público Urbano Trujillo"/></node>
  <node id="-465" lat="-8.1257703" lon="-79.0456320" visible="true">
    <tag k="public_transport" v="platform"/>
    <tag k="bus" v="yes"/>
    <tag k="highway" v="bus_stop"/>
    <tag k="source" v="Gerencia de Transporte Metropolitano de Trujillo"/>
    <tag k="ref" v="JPT-136"/>
  <tag k="network" v="Transporte Público Urbano Trujillo"/></node>
  <node id="-466" lat="-8.1117328" lon="-79.0336570" visible="true">
    <tag k="public_transport" v="platform"/>
    <tag k="bus" v="yes"/>
    <tag k="highway" v="bus_stop"/>
    <tag k="source" v="Gerencia de Transporte Metropolitano de Trujillo"/>
    <tag k="ref" v="JPT-137"/>
  <tag k="network" v="Transporte Público Urbano Trujillo"/></node>
  <node id="-467" lat="-8.1135988" lon="-79.0354605" visible="true">
    <tag k="public_transport" v="platform"/>
    <tag k="bus" v="yes"/>
    <tag k="highway" v="bus_stop"/>
    <tag k="source" v="Gerencia de Transporte Metropolitano de Trujillo"/>
    <tag k="ref" v="JPT-139"/>
  <tag k="network" v="Transporte Público Urbano Trujillo"/></node>
  <node id="-468" lat="-8.1195518" lon="-79.0264409" visible="true">
    <tag k="public_transport" v="platform"/>
    <tag k="bus" v="yes"/>
    <tag k="highway" v="bus_stop"/>
    <tag k="source" v="Gerencia de Transporte Metropolitano de Trujillo"/>
    <tag k="ref" v="JUL-435"/>
  <tag k="network" v="Transporte Público Urbano Trujillo"/></node>
  <node id="-469" lat="-8.1184498" lon="-79.0277625" visible="true">
    <tag k="public_transport" v="platform"/>
    <tag k="bus" v="yes"/>
    <tag k="highway" v="bus_stop"/>
    <tag k="source" v="Gerencia de Transporte Metropolitano de Trujillo"/>
    <tag k="ref" v="JUL-440"/>
  <tag k="network" v="Transporte Público Urbano Trujillo"/></node>
  <node id="-470" lat="-8.1078563" lon="-79.0212133" visible="true">
    <tag k="public_transport" v="platform"/>
    <tag k="bus" v="yes"/>
    <tag k="highway" v="bus_stop"/>
    <tag k="source" v="Gerencia de Transporte Metropolitano de Trujillo"/>
    <tag k="ref" v="JUN-283"/>
  <tag k="network" v="Transporte Público Urbano Trujillo"/></node>
  <node id="-471" lat="-8.1268947" lon="-79.0221161" visible="true">
    <tag k="public_transport" v="platform"/>
    <tag k="bus" v="yes"/>
    <tag k="highway" v="bus_stop"/>
    <tag k="source" v="Gerencia de Transporte Metropolitano de Trujillo"/>
    <tag k="ref" v="LAM-412"/>
  <tag k="network" v="Transporte Público Urbano Trujillo"/></node>
  <node id="-472" lat="-8.1265933" lon="-79.0223498" visible="true">
    <tag k="public_transport" v="platform"/>
    <tag k="bus" v="yes"/>
    <tag k="highway" v="bus_stop"/>
    <tag k="source" v="Gerencia de Transporte Metropolitano de Trujillo"/>
    <tag k="ref" v="LAM-413"/>
  <tag k="network" v="Transporte Público Urbano Trujillo"/></node>
  <node id="-473" lat="-8.1243768" lon="-79.0228417" visible="true">
    <tag k="public_transport" v="platform"/>
    <tag k="bus" v="yes"/>
    <tag k="highway" v="bus_stop"/>
    <tag k="source" v="Gerencia de Transporte Metropolitano de Trujillo"/>
    <tag k="ref" v="LAM-414"/>
  <tag k="network" v="Transporte Público Urbano Trujillo"/></node>
  <node id="-474" lat="-8.1247449" lon="-79.0229252" visible="true">
    <tag k="public_transport" v="platform"/>
    <tag k="bus" v="yes"/>
    <tag k="highway" v="bus_stop"/>
    <tag k="source" v="Gerencia de Transporte Metropolitano de Trujillo"/>
    <tag k="ref" v="LAM-415"/>
  <tag k="network" v="Transporte Público Urbano Trujillo"/></node>
  <node id="-475" lat="-8.1020649" lon="-79.0413002" visible="true">
    <tag k="public_transport" v="platform"/>
    <tag k="bus" v="yes"/>
    <tag k="highway" v="bus_stop"/>
    <tag k="source" v="Gerencia de Transporte Metropolitano de Trujillo"/>
    <tag k="ref" v="MANT-107"/>
  <tag k="network" v="Transporte Público Urbano Trujillo"/></node>
  <node id="-476" lat="-8.1018285" lon="-79.0431964" visible="true">
    <tag k="public_transport" v="platform"/>
    <tag k="bus" v="yes"/>
    <tag k="highway" v="bus_stop"/>
    <tag k="source" v="Gerencia de Transporte Metropolitano de Trujillo"/>
    <tag k="ref" v="MANT-108"/>
  <tag k="network" v="Transporte Público Urbano Trujillo"/></node>
  <node id="-477" lat="-8.1007105" lon="-79.0510692" visible="true">
    <tag k="public_transport" v="platform"/>
    <tag k="bus" v="yes"/>
    <tag k="highway" v="bus_stop"/>
    <tag k="source" v="Gerencia de Transporte Metropolitano de Trujillo"/>
    <tag k="ref" v="MANT-110"/>
  <tag k="network" v="Transporte Público Urbano Trujillo"/></node>
  <node id="-478" lat="-8.1008864" lon="-79.0490776" visible="true">
    <tag k="public_transport" v="platform"/>
    <tag k="bus" v="yes"/>
    <tag k="highway" v="bus_stop"/>
    <tag k="source" v="Gerencia de Transporte Metropolitano de Trujillo"/>
    <tag k="ref" v="MANT-111"/>
  <tag k="network" v="Transporte Público Urbano Trujillo"/></node>
  <node id="-479" lat="-8.1007275" lon="-79.0488069" visible="true">
    <tag k="public_transport" v="platform"/>
    <tag k="bus" v="yes"/>
    <tag k="highway" v="bus_stop"/>
    <tag k="source" v="Gerencia de Transporte Metropolitano de Trujillo"/>
    <tag k="ref" v="MANT-114"/>
  <tag k="network" v="Transporte Público Urbano Trujillo"/></node>
  <node id="-480" lat="-8.1023077" lon="-79.0344060" visible="true">
    <tag k="public_transport" v="platform"/>
    <tag k="bus" v="yes"/>
    <tag k="highway" v="bus_stop"/>
    <tag k="source" v="Gerencia de Transporte Metropolitano de Trujillo"/>
    <tag k="ref" v="MAVE-352"/>
  <tag k="network" v="Transporte Público Urbano Trujillo"/></node>
  <node id="-481" lat="-8.1040430" lon="-79.0312459" visible="true">
    <tag k="public_transport" v="platform"/>
    <tag k="bus" v="yes"/>
    <tag k="highway" v="bus_stop"/>
    <tag k="source" v="Gerencia de Transporte Metropolitano de Trujillo"/>
    <tag k="ref" v="MAVE-355"/>
  <tag k="network" v="Transporte Público Urbano Trujillo"/></node>
  <node id="-482" lat="-8.1049436" lon="-79.0305990" visible="true">
    <tag k="public_transport" v="platform"/>
    <tag k="bus" v="yes"/>
    <tag k="highway" v="bus_stop"/>
    <tag k="source" v="Gerencia de Transporte Metropolitano de Trujillo"/>
    <tag k="ref" v="MAVE-356"/>
  <tag k="network" v="Transporte Público Urbano Trujillo"/></node>
  <node id="-483" lat="-8.1060629" lon="-79.0293947" visible="true">
    <tag k="public_transport" v="platform"/>
    <tag k="bus" v="yes"/>
    <tag k="highway" v="bus_stop"/>
    <tag k="source" v="Gerencia de Transporte Metropolitano de Trujillo"/>
    <tag k="ref" v="MAVE-357"/>
  <tag k="network" v="Transporte Público Urbano Trujillo"/></node>
  <node id="-484" lat="-8.1058793" lon="-79.0292843" visible="true">
    <tag k="public_transport" v="platform"/>
    <tag k="bus" v="yes"/>
    <tag k="highway" v="bus_stop"/>
    <tag k="source" v="Gerencia de Transporte Metropolitano de Trujillo"/>
    <tag k="ref" v="MAVE-358"/>
  <tag k="network" v="Transporte Público Urbano Trujillo"/></node>
  <node id="-485" lat="-8.0912766" lon="-79.0425868" visible="true">
    <tag k="public_transport" v="platform"/>
    <tag k="bus" v="yes"/>
    <tag k="highway" v="bus_stop"/>
    <tag k="source" v="Gerencia de Transporte Metropolitano de Trujillo"/>
    <tag k="ref" v="MEI-393"/>
  <tag k="network" v="Transporte Público Urbano Trujillo"/></node>
  <node id="-486" lat="-8.0910998" lon="-79.0424503" visible="true">
    <tag k="public_transport" v="platform"/>
    <tag k="bus" v="yes"/>
    <tag k="highway" v="bus_stop"/>
    <tag k="source" v="Gerencia de Transporte Metropolitano de Trujillo"/>
    <tag k="ref" v="MEI-394"/>
  <tag k="network" v="Transporte Público Urbano Trujillo"/></node>
  <node id="-487" lat="-8.0908895" lon="-79.0476300" visible="true">
    <tag k="public_transport" v="platform"/>
    <tag k="bus" v="yes"/>
    <tag k="highway" v="bus_stop"/>
    <tag k="source" v="Gerencia de Transporte Metropolitano de Trujillo"/>
    <tag k="ref" v="MEI-396"/>
  <tag k="network" v="Transporte Público Urbano Trujillo"/></node>
  <node id="-488" lat="-8.0908112" lon="-79.0502676" visible="true">
    <tag k="public_transport" v="platform"/>
    <tag k="bus" v="yes"/>
    <tag k="highway" v="bus_stop"/>
    <tag k="source" v="Gerencia de Transporte Metropolitano de Trujillo"/>
    <tag k="ref" v="MEI-397"/>
  <tag k="network" v="Transporte Público Urbano Trujillo"/></node>
  <node id="-489" lat="-8.0984952" lon="-79.0486180" visible="true">
    <tag k="public_transport" v="platform"/>
    <tag k="bus" v="yes"/>
    <tag k="highway" v="bus_stop"/>
    <tag k="source" v="Gerencia de Transporte Metropolitano de Trujillo"/>
    <tag k="ref" v="MEII-387"/>
  <tag k="network" v="Transporte Público Urbano Trujillo"/></node>
  <node id="-490" lat="-8.0972199" lon="-79.0484984" visible="true">
    <tag k="public_transport" v="platform"/>
    <tag k="bus" v="yes"/>
    <tag k="highway" v="bus_stop"/>
    <tag k="source" v="Gerencia de Transporte Metropolitano de Trujillo"/>
    <tag k="ref" v="MEII-388"/>
  <tag k="network" v="Transporte Público Urbano Trujillo"/></node>
  <node id="-491" lat="-8.1224238" lon="-79.0234629" visible="true">
    <tag k="public_transport" v="platform"/>
    <tag k="bus" v="yes"/>
    <tag k="highway" v="bus_stop"/>
    <tag k="source" v="Gerencia de Transporte Metropolitano de Trujillo"/>
    <tag k="ref" v="MO-418"/>
  <tag k="network" v="Transporte Público Urbano Trujillo"/></node>
  <node id="-492" lat="-8.1225606" lon="-79.0236080" visible="true">
    <tag k="public_transport" v="platform"/>
    <tag k="bus" v="yes"/>
    <tag k="highway" v="bus_stop"/>
    <tag k="source" v="Gerencia de Transporte Metropolitano de Trujillo"/>
    <tag k="ref" v="MO-419"/>
  <tag k="network" v="Transporte Público Urbano Trujillo"/></node>
  <node id="-493" lat="-8.1292985" lon="-79.0207637" visible="true">
    <tag k="public_transport" v="platform"/>
    <tag k="bus" v="yes"/>
    <tag k="highway" v="bus_stop"/>
    <tag k="source" v="Gerencia de Transporte Metropolitano de Trujillo"/>
    <tag k="ref" v="MR-536"/>
  <tag k="network" v="Transporte Público Urbano Trujillo"/></node>
  <node id="-494" lat="-8.0858872" lon="-79.0147316" visible="true">
    <tag k="public_transport" v="platform"/>
    <tag k="bus" v="yes"/>
    <tag k="highway" v="bus_stop"/>
    <tag k="source" v="Gerencia de Transporte Metropolitano de Trujillo"/>
    <tag k="ref" v="MRFT-151"/>
  <tag k="network" v="Transporte Público Urbano Trujillo"/></node>
  <node id="-495" lat="-8.0876677" lon="-79.0153590" visible="true">
    <tag k="public_transport" v="platform"/>
    <tag k="bus" v="yes"/>
    <tag k="highway" v="bus_stop"/>
    <tag k="source" v="Gerencia de Transporte Metropolitano de Trujillo"/>
    <tag k="ref" v="MRFT-152"/>
  <tag k="network" v="Transporte Público Urbano Trujillo"/></node>
  <node id="-496" lat="-8.0952187" lon="-79.0190078" visible="true">
    <tag k="public_transport" v="platform"/>
    <tag k="bus" v="yes"/>
    <tag k="highway" v="bus_stop"/>
    <tag k="source" v="Gerencia de Transporte Metropolitano de Trujillo"/>
    <tag k="ref" v="MRFT-158"/>
  <tag k="network" v="Transporte Público Urbano Trujillo"/></node>
  <node id="-497" lat="-8.1030767" lon="-79.0352097" visible="true">
    <tag k="public_transport" v="platform"/>
    <tag k="bus" v="yes"/>
    <tag k="highway" v="bus_stop"/>
    <tag k="source" v="Gerencia de Transporte Metropolitano de Trujillo"/>
    <tag k="ref" v="NPT-196"/>
  <tag k="network" v="Transporte Público Urbano Trujillo"/></node>
  <node id="-498" lat="-8.1034978" lon="-79.0353404" visible="true">
    <tag k="public_transport" v="platform"/>
    <tag k="bus" v="yes"/>
    <tag k="highway" v="bus_stop"/>
    <tag k="source" v="Gerencia de Transporte Metropolitano de Trujillo"/>
    <tag k="ref" v="NPT-197"/>
  <tag k="network" v="Transporte Público Urbano Trujillo"/></node>
  <node id="-499" lat="-8.0912495" lon="-79.0406981" visible="true">
    <tag k="public_transport" v="platform"/>
    <tag k="bus" v="yes"/>
    <tag k="highway" v="bus_stop"/>
    <tag k="source" v="Gerencia de Transporte Metropolitano de Trujillo"/>
    <tag k="ref" v="NPT-205"/>
  <tag k="network" v="Transporte Público Urbano Trujillo"/></node>
  <node id="-500" lat="-8.0943672" lon="-79.0378453" visible="true">
    <tag k="public_transport" v="platform"/>
    <tag k="bus" v="yes"/>
    <tag k="highway" v="bus_stop"/>
    <tag k="source" v="Gerencia de Transporte Metropolitano de Trujillo"/>
    <tag k="ref" v="PACALS-87"/>
  <tag k="network" v="Transporte Público Urbano Trujillo"/></node>
  <node id="-501" lat="-8.0932084" lon="-79.0359876" visible="true">
    <tag k="public_transport" v="platform"/>
    <tag k="bus" v="yes"/>
    <tag k="highway" v="bus_stop"/>
    <tag k="source" v="Gerencia de Transporte Metropolitano de Trujillo"/>
    <tag k="ref" v="PACALS-88"/>
  <tag k="network" v="Transporte Público Urbano Trujillo"/></node>
  <node id="-502" lat="-8.0942997" lon="-79.0382244" visible="true">
    <tag k="public_transport" v="platform"/>
    <tag k="bus" v="yes"/>
    <tag k="highway" v="bus_stop"/>
    <tag k="source" v="Gerencia de Transporte Metropolitano de Trujillo"/>
    <tag k="ref" v="PACALS-89"/>
  <tag k="network" v="Transporte Público Urbano Trujillo"/></node>
  <node id="-503" lat="-8.0929144" lon="-79.0359181" visible="true">
    <tag k="public_transport" v="platform"/>
    <tag k="bus" v="yes"/>
    <tag k="highway" v="bus_stop"/>
    <tag k="source" v="Gerencia de Transporte Metropolitano de Trujillo"/>
    <tag k="ref" v="PACALS-90"/>
  <tag k="network" v="Transporte Público Urbano Trujillo"/></node>
  <node id="-504" lat="-8.1274259" lon="-79.0301981" visible="true">
    <tag k="public_transport" v="platform"/>
    <tag k="bus" v="yes"/>
    <tag k="highway" v="bus_stop"/>
    <tag k="source" v="Gerencia de Transporte Metropolitano de Trujillo"/>
    <tag k="ref" v="PCVT-192"/>
  <tag k="network" v="Transporte Público Urbano Trujillo"/></node>
  <node id="-505" lat="-8.1271661" lon="-79.0304563" visible="true">
    <tag k="public_transport" v="platform"/>
    <tag k="bus" v="yes"/>
    <tag k="highway" v="bus_stop"/>
    <tag k="source" v="Gerencia de Transporte Metropolitano de Trujillo"/>
    <tag k="ref" v="PCVT-193"/>
  <tag k="network" v="Transporte Público Urbano Trujillo"/></node>
  <node id="-506" lat="-8.1309298" lon="-79.0328825" visible="true">
    <tag k="public_transport" v="platform"/>
    <tag k="bus" v="yes"/>
    <tag k="highway" v="bus_stop"/>
    <tag k="source" v="Gerencia de Transporte Metropolitano de Trujillo"/>
    <tag k="ref" v="PCVT-195"/>
  <tag k="network" v="Transporte Público Urbano Trujillo"/></node>
  <node id="-507" lat="-8.1065488" lon="-79.0214104" visible="true">
    <tag k="public_transport" v="platform"/>
    <tag k="bus" v="yes"/>
    <tag k="highway" v="bus_stop"/>
    <tag k="source" v="Gerencia de Transporte Metropolitano de Trujillo"/>
    <tag k="ref" v="PE-237"/>
  <tag k="network" v="Transporte Público Urbano Trujillo"/></node>
  <node id="-508" lat="-8.1062447" lon="-79.0213554" visible="true">
    <tag k="public_transport" v="platform"/>
    <tag k="bus" v="yes"/>
    <tag k="highway" v="bus_stop"/>
    <tag k="source" v="Gerencia de Transporte Metropolitano de Trujillo"/>
    <tag k="ref" v="PE-238"/>
  <tag k="network" v="Transporte Público Urbano Trujillo"/></node>
  <node id="-509" lat="-8.1047149" lon="-79.0194718" visible="true">
    <tag k="public_transport" v="platform"/>
    <tag k="bus" v="yes"/>
    <tag k="highway" v="bus_stop"/>
    <tag k="source" v="Gerencia de Transporte Metropolitano de Trujillo"/>
    <tag k="ref" v="PE-239"/>
  <tag k="network" v="Transporte Público Urbano Trujillo"/></node>
  <node id="-510" lat="-8.1029616" lon="-79.0176466" visible="true">
    <tag k="public_transport" v="platform"/>
    <tag k="bus" v="yes"/>
    <tag k="highway" v="bus_stop"/>
    <tag k="source" v="Gerencia de Transporte Metropolitano de Trujillo"/>
    <tag k="ref" v="PE-241"/>
  <tag k="network" v="Transporte Público Urbano Trujillo"/></node>
  <node id="-511" lat="-8.1023748" lon="-79.0173110" visible="true">
    <tag k="public_transport" v="platform"/>
    <tag k="bus" v="yes"/>
    <tag k="highway" v="bus_stop"/>
    <tag k="source" v="Gerencia de Transporte Metropolitano de Trujillo"/>
    <tag k="ref" v="PE-242"/>
  <tag k="network" v="Transporte Público Urbano Trujillo"/></node>
  <node id="-512" lat="-8.1009813" lon="-79.0155783" visible="true">
    <tag k="public_transport" v="platform"/>
    <tag k="bus" v="yes"/>
    <tag k="highway" v="bus_stop"/>
    <tag k="source" v="Gerencia de Transporte Metropolitano de Trujillo"/>
    <tag k="ref" v="PE-243"/>
  <tag k="network" v="Transporte Público Urbano Trujillo"/></node>
  <node id="-513" lat="-8.0971849" lon="-79.0117809" visible="true">
    <tag k="public_transport" v="platform"/>
    <tag k="bus" v="yes"/>
    <tag k="highway" v="bus_stop"/>
    <tag k="source" v="Gerencia de Transporte Metropolitano de Trujillo"/>
    <tag k="ref" v="PE-247"/>
  <tag k="network" v="Transporte Público Urbano Trujillo"/></node>
  <node id="-514" lat="-8.1078566" lon="-79.0370376" visible="true">
    <tag k="public_transport" v="platform"/>
    <tag k="bus" v="yes"/>
    <tag k="highway" v="bus_stop"/>
    <tag k="source" v="Gerencia de Transporte Metropolitano de Trujillo"/>
    <tag k="ref" v="PEMU-342"/>
  <tag k="network" v="Transporte Público Urbano Trujillo"/></node>
  <node id="-515" lat="-8.1063264" lon="-79.0414291" visible="true">
    <tag k="public_transport" v="platform"/>
    <tag k="bus" v="yes"/>
    <tag k="highway" v="bus_stop"/>
    <tag k="source" v="Gerencia de Transporte Metropolitano de Trujillo"/>
    <tag k="ref" v="PEMU-343"/>
  <tag k="network" v="Transporte Público Urbano Trujillo"/></node>
  <node id="-516" lat="-8.1061468" lon="-79.0439007" visible="true">
    <tag k="public_transport" v="platform"/>
    <tag k="bus" v="yes"/>
    <tag k="highway" v="bus_stop"/>
    <tag k="source" v="Gerencia de Transporte Metropolitano de Trujillo"/>
    <tag k="ref" v="PEMU-345"/>
  <tag k="network" v="Transporte Público Urbano Trujillo"/></node>
  <node id="-517" lat="-8.0935049" lon="-78.9968987" visible="true">
    <tag k="public_transport" v="platform"/>
    <tag k="bus" v="yes"/>
    <tag k="highway" v="bus_stop"/>
    <tag k="source" v="Gerencia de Transporte Metropolitano de Trujillo"/>
    <tag k="ref" v="PESQT-406"/>
  <tag k="network" v="Transporte Público Urbano Trujillo"/></node>
  <node id="-518" lat="-8.0936343" lon="-78.9966117" visible="true">
    <tag k="public_transport" v="platform"/>
    <tag k="bus" v="yes"/>
    <tag k="highway" v="bus_stop"/>
    <tag k="source" v="Gerencia de Transporte Metropolitano de Trujillo"/>
    <tag k="ref" v="PESQT-407"/>
  <tag k="network" v="Transporte Público Urbano Trujillo"/></node>
  <node id="-519" lat="-8.0976468" lon="-79.0115033" visible="true">
    <tag k="public_transport" v="platform"/>
    <tag k="bus" v="yes"/>
    <tag k="highway" v="bus_stop"/>
    <tag k="source" v="Gerencia de Transporte Metropolitano de Trujillo"/>
    <tag k="ref" v="PLUN-288"/>
  <tag k="network" v="Transporte Público Urbano Trujillo"/></node>
  <node id="-520" lat="-8.0974314" lon="-79.0111520" visible="true">
    <tag k="public_transport" v="platform"/>
    <tag k="bus" v="yes"/>
    <tag k="highway" v="bus_stop"/>
    <tag k="source" v="Gerencia de Transporte Metropolitano de Trujillo"/>
    <tag k="ref" v="PLUN-289"/>
  <tag k="network" v="Transporte Público Urbano Trujillo"/></node>
  <node id="-521" lat="-8.0943600" lon="-79.0093784" visible="true">
    <tag k="public_transport" v="platform"/>
    <tag k="bus" v="yes"/>
    <tag k="highway" v="bus_stop"/>
    <tag k="source" v="Gerencia de Transporte Metropolitano de Trujillo"/>
    <tag k="ref" v="PLUN-290"/>
  <tag k="network" v="Transporte Público Urbano Trujillo"/></node>
  <node id="-522" lat="-8.0942700" lon="-79.0091316" visible="true">
    <tag k="public_transport" v="platform"/>
    <tag k="bus" v="yes"/>
    <tag k="highway" v="bus_stop"/>
    <tag k="source" v="Gerencia de Transporte Metropolitano de Trujillo"/>
    <tag k="ref" v="PLUN-291"/>
  <tag k="network" v="Transporte Público Urbano Trujillo"/></node>
  <node id="-523" lat="-8.0918551" lon="-79.0138681" visible="true">
    <tag k="public_transport" v="platform"/>
    <tag k="bus" v="yes"/>
    <tag k="highway" v="bus_stop"/>
    <tag k="source" v="Gerencia de Transporte Metropolitano de Trujillo"/>
    <tag k="ref" v="PSAN-277"/>
  <tag k="network" v="Transporte Público Urbano Trujillo"/></node>
  <node id="-524" lat="-8.0920361" lon="-79.0141220" visible="true">
    <tag k="public_transport" v="platform"/>
    <tag k="bus" v="yes"/>
    <tag k="highway" v="bus_stop"/>
    <tag k="source" v="Gerencia de Transporte Metropolitano de Trujillo"/>
    <tag k="ref" v="PSAN-278"/>
  <tag k="network" v="Transporte Público Urbano Trujillo"/></node>
  <node id="-525" lat="-8.0945759" lon="-79.0153241" visible="true">
    <tag k="public_transport" v="platform"/>
    <tag k="bus" v="yes"/>
    <tag k="highway" v="bus_stop"/>
    <tag k="source" v="Gerencia de Transporte Metropolitano de Trujillo"/>
    <tag k="ref" v="PSAN-279"/>
  <tag k="network" v="Transporte Público Urbano Trujillo"/></node>
  <node id="-526" lat="-8.0917200" lon="-79.0227884" visible="true">
    <tag k="public_transport" v="platform"/>
    <tag k="bus" v="yes"/>
    <tag k="highway" v="bus_stop"/>
    <tag k="source" v="Gerencia de Transporte Metropolitano de Trujillo"/>
    <tag k="ref" v="PUC-458"/>
  <tag k="network" v="Transporte Público Urbano Trujillo"/></node>
  <node id="-527" lat="-8.1119923" lon="-79.0031758" visible="true">
    <tag k="public_transport" v="platform"/>
    <tag k="bus" v="yes"/>
    <tag k="highway" v="bus_stop"/>
    <tag k="source" v="Gerencia de Transporte Metropolitano de Trujillo"/>
    <tag k="ref" v="RIP-319"/>
  <tag k="network" v="Transporte Público Urbano Trujillo"/></node>
  <node id="-528" lat="-8.1118196" lon="-79.0031875" visible="true">
    <tag k="public_transport" v="platform"/>
    <tag k="bus" v="yes"/>
    <tag k="highway" v="bus_stop"/>
    <tag k="source" v="Gerencia de Transporte Metropolitano de Trujillo"/>
    <tag k="ref" v="RIP-320"/>
  <tag k="network" v="Transporte Público Urbano Trujillo"/></node>
  <node id="-529" lat="-8.1127385" lon="-79.0081322" visible="true">
    <tag k="public_transport" v="platform"/>
    <tag k="bus" v="yes"/>
    <tag k="highway" v="bus_stop"/>
    <tag k="source" v="Gerencia de Transporte Metropolitano de Trujillo"/>
    <tag k="ref" v="RIP-323"/>
  <tag k="network" v="Transporte Público Urbano Trujillo"/></node>
  <node id="-530" lat="-8.1126137" lon="-79.0082437" visible="true">
    <tag k="public_transport" v="platform"/>
    <tag k="bus" v="yes"/>
    <tag k="highway" v="bus_stop"/>
    <tag k="source" v="Gerencia de Transporte Metropolitano de Trujillo"/>
    <tag k="ref" v="RIP-324"/>
  <tag k="network" v="Transporte Público Urbano Trujillo"/></node>
  <node id="-531" lat="-8.1107390" lon="-79.0170607" visible="true">
    <tag k="public_transport" v="platform"/>
    <tag k="bus" v="yes"/>
    <tag k="highway" v="bus_stop"/>
    <tag k="source" v="Gerencia de Transporte Metropolitano de Trujillo"/>
    <tag k="ref" v="RIP-331"/>
  <tag k="network" v="Transporte Público Urbano Trujillo"/></node>
  <node id="11910518834" lat="-8.1062889" lon="-79.0360898" version="4" action="modify">
    <tag k="advertising" v="no"/>
    <tag k="bench" v="no"/>
    <tag k="bicycle_parking" v="no"/>
    <tag k="bin" v="no"/>
    <tag k="bus" v="yes"/>
    <tag k="departures_board" v="no"/>
    <tag k="highway" v="bus_stop"/>
    <tag k="level" v="0"/>
    <tag k="lit" v="yes"/>
    <tag k="name" v="Calle Salaverry"/>
    <tag k="passenger_information_display:speech_output" v="no"/>
    <tag k="pole" v="yes"/>
    <tag k="public_transport" v="platform"/>
    <tag k="ramp" v="no"/>
    <tag k="ref" v="ROM-369"/>
    <tag k="shelter" v="no"/>
    <tag k="tactile_paving" v="no"/>
    <tag k="tactile_writing:braille:es" v="no"/>
  <tag k="network" v="Transporte Público Urbano Trujillo"/><tag k="source:ref" v="Gerencia de Transporte Metropolitano de Trujillo"/></node>
  <node id="11910518835" lat="-8.1061083" lon="-79.0362453" version="4" action="modify">
    <tag k="advertising" v="no"/>
    <tag k="bench" v="no"/>
    <tag k="bicycle_parking" v="no"/>
    <tag k="bin" v="no"/>
    <tag k="bus" v="yes"/>
    <tag k="departures_board" v="no"/>
    <tag k="highway" v="bus_stop"/>
    <tag k="level" v="0"/>
    <tag k="lit" v="yes"/>
    <tag k="name" v="Calle Santiago de Chile"/>
    <tag k="passenger_information_display:speech_output" v="no"/>
    <tag k="pole" v="yes"/>
    <tag k="public_transport" v="platform"/>
    <tag k="ramp" v="no"/>
    <tag k="ref" v="ROM-370"/>
    <tag k="shelter" v="no"/>
    <tag k="tactile_paving" v="no"/>
    <tag k="tactile_writing:braille:es" v="no"/>
  <tag k="network" v="Transporte Público Urbano Trujillo"/><tag k="source:ref" v="Gerencia de Transporte Metropolitano de Trujillo"/></node>
  <node id="-532" lat="-8.1078210" lon="-79.0367121" visible="true">
    <tag k="public_transport" v="platform"/>
    <tag k="bus" v="yes"/>
    <tag k="highway" v="bus_stop"/>
    <tag k="source" v="Gerencia de Transporte Metropolitano de Trujillo"/>
    <tag k="ref" v="ROM-371"/>
  <tag k="network" v="Transporte Público Urbano Trujillo"/></node>
  <node id="-533" lat="-8.1033645" lon="-79.0288134" visible="true">
    <tag k="public_transport" v="platform"/>
    <tag k="bus" v="yes"/>
    <tag k="highway" v="bus_stop"/>
    <tag k="source" v="Gerencia de Transporte Metropolitano de Trujillo"/>
    <tag k="ref" v="SALVLA-297"/>
  <tag k="network" v="Transporte Público Urbano Trujillo"/></node>
  <node id="-534" lat="-8.1031684" lon="-79.0284234" visible="true">
    <tag k="public_transport" v="platform"/>
    <tag k="bus" v="yes"/>
    <tag k="highway" v="bus_stop"/>
    <tag k="source" v="Gerencia de Transporte Metropolitano de Trujillo"/>
    <tag k="ref" v="SALVLA-298"/>
  <tag k="network" v="Transporte Público Urbano Trujillo"/></node>
  <node id="-535" lat="-8.0988082" lon="-79.0247350" visible="true">
    <tag k="public_transport" v="platform"/>
    <tag k="bus" v="yes"/>
    <tag k="highway" v="bus_stop"/>
    <tag k="source" v="Gerencia de Transporte Metropolitano de Trujillo"/>
    <tag k="ref" v="SALVLA-301"/>
  <tag k="network" v="Transporte Público Urbano Trujillo"/></node>
  <node id="-536" lat="-8.0987275" lon="-79.0244177" visible="true">
    <tag k="public_transport" v="platform"/>
    <tag k="bus" v="yes"/>
    <tag k="highway" v="bus_stop"/>
    <tag k="source" v="Gerencia de Transporte Metropolitano de Trujillo"/>
    <tag k="ref" v="SALVLA-302"/>
  <tag k="network" v="Transporte Público Urbano Trujillo"/></node>
  <node id="-537" lat="-8.0968109" lon="-79.0228521" visible="true">
    <tag k="public_transport" v="platform"/>
    <tag k="bus" v="yes"/>
    <tag k="highway" v="bus_stop"/>
    <tag k="source" v="Gerencia de Transporte Metropolitano de Trujillo"/>
    <tag k="ref" v="SALVLA-303"/>
  <tag k="network" v="Transporte Público Urbano Trujillo"/></node>
  <node id="-538" lat="-8.1012946" lon="-79.0183961" visible="true">
    <tag k="public_transport" v="platform"/>
    <tag k="bus" v="yes"/>
    <tag k="highway" v="bus_stop"/>
    <tag k="source" v="Gerencia de Transporte Metropolitano de Trujillo"/>
    <tag k="ref" v="SAN-269"/>
  <tag k="network" v="Transporte Público Urbano Trujillo"/></node>
  <node id="-539" lat="-8.1015623" lon="-79.0183817" visible="true">
    <tag k="public_transport" v="platform"/>
    <tag k="bus" v="yes"/>
    <tag k="highway" v="bus_stop"/>
    <tag k="source" v="Gerencia de Transporte Metropolitano de Trujillo"/>
    <tag k="ref" v="SAN-270"/>
  <tag k="network" v="Transporte Público Urbano Trujillo"/></node>
  <node id="-540" lat="-8.1026522" lon="-79.0196912" visible="true">
    <tag k="public_transport" v="platform"/>
    <tag k="bus" v="yes"/>
    <tag k="highway" v="bus_stop"/>
    <tag k="source" v="Gerencia de Transporte Metropolitano de Trujillo"/>
    <tag k="ref" v="SAN-271"/>
  <tag k="network" v="Transporte Público Urbano Trujillo"/></node>
  <node id="-541" lat="-8.0914319" lon="-79.0286131" visible="true">
    <tag k="public_transport" v="platform"/>
    <tag k="bus" v="yes"/>
    <tag k="highway" v="bus_stop"/>
    <tag k="source" v="Gerencia de Transporte Metropolitano de Trujillo"/>
    <tag k="ref" v="SEP-449"/>
  <tag k="network" v="Transporte Público Urbano Trujillo"/></node>
  <node id="-542" lat="-8.0913147" lon="-79.0286772" visible="true">
    <tag k="public_transport" v="platform"/>
    <tag k="bus" v="yes"/>
    <tag k="highway" v="bus_stop"/>
    <tag k="source" v="Gerencia de Transporte Metropolitano de Trujillo"/>
    <tag k="ref" v="SEP-450"/>
  <tag k="network" v="Transporte Público Urbano Trujillo"/></node>
  <node id="-543" lat="-8.1028601" lon="-79.0046382" visible="true">
    <tag k="public_transport" v="platform"/>
    <tag k="bus" v="yes"/>
    <tag k="highway" v="bus_stop"/>
    <tag k="source" v="Gerencia de Transporte Metropolitano de Trujillo"/>
    <tag k="ref" v="SR-528"/>
  <tag k="network" v="Transporte Público Urbano Trujillo"/></node>
  <node id="-544" lat="-8.0940887" lon="-79.0314311" visible="true">
    <tag k="public_transport" v="platform"/>
    <tag k="bus" v="yes"/>
    <tag k="highway" v="bus_stop"/>
    <tag k="source" v="Gerencia de Transporte Metropolitano de Trujillo"/>
    <tag k="ref" v="TEVA-340"/>
  <tag k="network" v="Transporte Público Urbano Trujillo"/></node>
  <node id="-545" lat="-8.0968644" lon="-79.0306039" visible="true">
    <tag k="public_transport" v="platform"/>
    <tag k="bus" v="yes"/>
    <tag k="highway" v="bus_stop"/>
    <tag k="source" v="Gerencia de Transporte Metropolitano de Trujillo"/>
    <tag k="ref" v="TUPAT-120"/>
  <tag k="network" v="Transporte Público Urbano Trujillo"/></node>
  <node id="-546" lat="-8.0913512" lon="-79.0362607" visible="true">
    <tag k="public_transport" v="platform"/>
    <tag k="bus" v="yes"/>
    <tag k="highway" v="bus_stop"/>
    <tag k="source" v="Gerencia de Transporte Metropolitano de Trujillo"/>
    <tag k="ref" v="TUPAT-124"/>
  <tag k="network" v="Transporte Público Urbano Trujillo"/></node>
  <node id="-547" lat="-8.1266899" lon="-79.0199047" visible="true">
    <tag k="public_transport" v="platform"/>
    <tag k="bus" v="yes"/>
    <tag k="highway" v="bus_stop"/>
    <tag k="source" v="Gerencia de Transporte Metropolitano de Trujillo"/>
    <tag k="ref" v="VF-479"/>
  <tag k="network" v="Transporte Público Urbano Trujillo"/></node>
  <node id="-548" lat="-8.1255707" lon="-79.0188965" visible="true">
    <tag k="public_transport" v="platform"/>
    <tag k="bus" v="yes"/>
    <tag k="highway" v="bus_stop"/>
    <tag k="source" v="Gerencia de Transporte Metropolitano de Trujillo"/>
    <tag k="ref" v="VF-480"/>
  <tag k="network" v="Transporte Público Urbano Trujillo"/></node>
  <node id="-549" lat="-8.1085254" lon="-79.0196549" visible="true">
    <tag k="public_transport" v="platform"/>
    <tag k="bus" v="yes"/>
    <tag k="highway" v="bus_stop"/>
    <tag k="source" v="Gerencia de Transporte Metropolitano de Trujillo"/>
    <tag k="ref" v="VICFE-487"/>
  <tag k="network" v="Transporte Público Urbano Trujillo"/></node>
  <node id="-550" lat="-8.1166638" lon="-79.0318094" visible="true">
    <tag k="public_transport" v="platform"/>
    <tag k="bus" v="yes"/>
    <tag k="highway" v="bus_stop"/>
    <tag k="source" v="Gerencia de Transporte Metropolitano de Trujillo"/>
    <tag k="ref" v="VLHT-91"/>
  <tag k="network" v="Transporte Público Urbano Trujillo"/></node>
  <node id="-551" lat="-8.1230159" lon="-79.0373461" visible="true">
    <tag k="public_transport" v="platform"/>
    <tag k="bus" v="yes"/>
    <tag k="highway" v="bus_stop"/>
    <tag k="source" v="Gerencia de Transporte Metropolitano de Trujillo"/>
    <tag k="ref" v="VLHT-96"/>
  <tag k="network" v="Transporte Público Urbano Trujillo"/></node>
  <node id="-552" lat="-8.1251458" lon="-79.0394519" visible="true">
    <tag k="public_transport" v="platform"/>
    <tag k="bus" v="yes"/>
    <tag k="highway" v="bus_stop"/>
    <tag k="source" v="Gerencia de Transporte Metropolitano de Trujillo"/>
    <tag k="ref" v="VLHT-97"/>
  <tag k="network" v="Transporte Público Urbano Trujillo"/></node>
  <node id="-553" lat="-8.1282953" lon="-79.0421445" visible="true">
    <tag k="public_transport" v="platform"/>
    <tag k="bus" v="yes"/>
    <tag k="highway" v="bus_stop"/>
    <tag k="source" v="Gerencia de Transporte Metropolitano de Trujillo"/>
    <tag k="ref" v="VLHT-99"/>
  <tag k="network" v="Transporte Público Urbano Trujillo"/></node>
  <node id="-554" lat="-8.0511351" lon="-79.0013417" visible="true">
    <tag k="public_transport" v="platform"/>
    <tag k="bus" v="yes"/>
    <tag k="highway" v="bus_stop"/>
    <tag k="source" v="Gerencia de Transporte Metropolitano de Trujillo"/>
    <tag k="ref" v="PAT-1"/>
  <tag k="network" v="Transporte Público Urbano Trujillo"/></node>
  <node id="-555" lat="-8.0645856" lon="-79.0063929" visible="true">
    <tag k="public_transport" v="platform"/>
    <tag k="bus" v="yes"/>
    <tag k="highway" v="bus_stop"/>
    <tag k="source" v="Gerencia de Transporte Metropolitano de Trujillo"/>
    <tag k="ref" v="PAT-10"/>
  <tag k="network" v="Transporte Público Urbano Trujillo"/></node>
  <node id="-556" lat="-8.0633988" lon="-79.0160651" visible="true">
    <tag k="public_transport" v="platform"/>
    <tag k="bus" v="yes"/>
    <tag k="highway" v="bus_stop"/>
    <tag k="source" v="Gerencia de Transporte Metropolitano de Trujillo"/>
    <tag k="ref" v="PAT-100"/>
  <tag k="network" v="Transporte Público Urbano Trujillo"/></node>
  <node id="-557" lat="-8.0644231" lon="-79.0215366" visible="true">
    <tag k="public_transport" v="platform"/>
    <tag k="bus" v="yes"/>
    <tag k="highway" v="bus_stop"/>
    <tag k="source" v="Gerencia de Transporte Metropolitano de Trujillo"/>
    <tag k="ref" v="PAT-104"/>
  <tag k="network" v="Transporte Público Urbano Trujillo"/></node>
  <node id="-558" lat="-8.0581946" lon="-79.0231314" visible="true">
    <tag k="public_transport" v="platform"/>
    <tag k="bus" v="yes"/>
    <tag k="highway" v="bus_stop"/>
    <tag k="source" v="Gerencia de Transporte Metropolitano de Trujillo"/>
    <tag k="ref" v="PAT-106"/>
  <tag k="network" v="Transporte Público Urbano Trujillo"/></node>
  <node id="-559" lat="-8.0659037" lon="-79.0173204" visible="true">
    <tag k="public_transport" v="platform"/>
    <tag k="bus" v="yes"/>
    <tag k="highway" v="bus_stop"/>
    <tag k="source" v="Gerencia de Transporte Metropolitano de Trujillo"/>
    <tag k="ref" v="PAT-107"/>
  <tag k="network" v="Transporte Público Urbano Trujillo"/></node>
  <node id="-560" lat="-8.0622320" lon="-79.0179848" visible="true">
    <tag k="public_transport" v="platform"/>
    <tag k="bus" v="yes"/>
    <tag k="highway" v="bus_stop"/>
    <tag k="source" v="Gerencia de Transporte Metropolitano de Trujillo"/>
    <tag k="ref" v="PAT-108"/>
  <tag k="network" v="Transporte Público Urbano Trujillo"/></node>
  <node id="-561" lat="-8.0663008" lon="-79.0193897" visible="true">
    <tag k="public_transport" v="platform"/>
    <tag k="bus" v="yes"/>
    <tag k="highway" v="bus_stop"/>
    <tag k="source" v="Gerencia de Transporte Metropolitano de Trujillo"/>
    <tag k="ref" v="PAT-112"/>
  <tag k="network" v="Transporte Público Urbano Trujillo"/></node>
  <node id="-562" lat="-8.0634928" lon="-79.0199918" visible="true">
    <tag k="public_transport" v="platform"/>
    <tag k="bus" v="yes"/>
    <tag k="highway" v="bus_stop"/>
    <tag k="source" v="Gerencia de Transporte Metropolitano de Trujillo"/>
    <tag k="ref" v="PAT-114"/>
  <tag k="network" v="Transporte Público Urbano Trujillo"/></node>
  <node id="-563" lat="-8.0613550" lon="-79.0196725" visible="true">
    <tag k="public_transport" v="platform"/>
    <tag k="bus" v="yes"/>
    <tag k="highway" v="bus_stop"/>
    <tag k="source" v="Gerencia de Transporte Metropolitano de Trujillo"/>
    <tag k="ref" v="PAT-117"/>
  <tag k="network" v="Transporte Público Urbano Trujillo"/></node>
  <node id="-564" lat="-8.0630417" lon="-79.0207233" visible="true">
    <tag k="public_transport" v="platform"/>
    <tag k="bus" v="yes"/>
    <tag k="highway" v="bus_stop"/>
    <tag k="source" v="Gerencia de Transporte Metropolitano de Trujillo"/>
    <tag k="ref" v="PAT-119"/>
  <tag k="network" v="Transporte Público Urbano Trujillo"/></node>
  <node id="-565" lat="-8.0618386" lon="-79.0045859" visible="true">
    <tag k="public_transport" v="platform"/>
    <tag k="bus" v="yes"/>
    <tag k="highway" v="bus_stop"/>
    <tag k="source" v="Gerencia de Transporte Metropolitano de Trujillo"/>
    <tag k="ref" v="PAT-12"/>
  <tag k="network" v="Transporte Público Urbano Trujillo"/></node>
  <node id="-566" lat="-8.0622371" lon="-79.0216940" visible="true">
    <tag k="public_transport" v="platform"/>
    <tag k="bus" v="yes"/>
    <tag k="highway" v="bus_stop"/>
    <tag k="source" v="Gerencia de Transporte Metropolitano de Trujillo"/>
    <tag k="ref" v="PAT-120"/>
  <tag k="network" v="Transporte Público Urbano Trujillo"/></node>
  <node id="-567" lat="-8.0598027" lon="-79.0220497" visible="true">
    <tag k="public_transport" v="platform"/>
    <tag k="bus" v="yes"/>
    <tag k="highway" v="bus_stop"/>
    <tag k="source" v="Gerencia de Transporte Metropolitano de Trujillo"/>
    <tag k="ref" v="PAT-122"/>
  <tag k="network" v="Transporte Público Urbano Trujillo"/></node>
  <node id="-568" lat="-8.0589759" lon="-79.0194134" visible="true">
    <tag k="public_transport" v="platform"/>
    <tag k="bus" v="yes"/>
    <tag k="highway" v="bus_stop"/>
    <tag k="source" v="Gerencia de Transporte Metropolitano de Trujillo"/>
    <tag k="ref" v="PAT-126"/>
  <tag k="network" v="Transporte Público Urbano Trujillo"/></node>
  <node id="-569" lat="-8.0583270" lon="-79.0034992" visible="true">
    <tag k="public_transport" v="platform"/>
    <tag k="bus" v="yes"/>
    <tag k="highway" v="bus_stop"/>
    <tag k="source" v="Gerencia de Transporte Metropolitano de Trujillo"/>
    <tag k="ref" v="PAT-13"/>
  <tag k="network" v="Transporte Público Urbano Trujillo"/></node>
  <node id="-570" lat="-8.0575144" lon="-79.0219677" visible="true">
    <tag k="public_transport" v="platform"/>
    <tag k="bus" v="yes"/>
    <tag k="highway" v="bus_stop"/>
    <tag k="source" v="Gerencia de Transporte Metropolitano de Trujillo"/>
    <tag k="ref" v="PAT-130"/>
  <tag k="network" v="Transporte Público Urbano Trujillo"/></node>
  <node id="-571" lat="-8.0701273" lon="-79.0296460" visible="true">
    <tag k="public_transport" v="platform"/>
    <tag k="bus" v="yes"/>
    <tag k="highway" v="bus_stop"/>
    <tag k="source" v="Gerencia de Transporte Metropolitano de Trujillo"/>
    <tag k="ref" v="PAT-135"/>
  <tag k="network" v="Transporte Público Urbano Trujillo"/></node>
  <node id="-572" lat="-8.0702629" lon="-79.0325612" visible="true">
    <tag k="public_transport" v="platform"/>
    <tag k="bus" v="yes"/>
    <tag k="highway" v="bus_stop"/>
    <tag k="source" v="Gerencia de Transporte Metropolitano de Trujillo"/>
    <tag k="ref" v="PAT-137"/>
  <tag k="network" v="Transporte Público Urbano Trujillo"/></node>
  <node id="-573" lat="-8.0669381" lon="-79.0328693" visible="true">
    <tag k="public_transport" v="platform"/>
    <tag k="bus" v="yes"/>
    <tag k="highway" v="bus_stop"/>
    <tag k="source" v="Gerencia de Transporte Metropolitano de Trujillo"/>
    <tag k="ref" v="PAT-140"/>
  <tag k="network" v="Transporte Público Urbano Trujillo"/></node>
  <node id="-574" lat="-8.0636806" lon="-79.0283044" visible="true">
    <tag k="public_transport" v="platform"/>
    <tag k="bus" v="yes"/>
    <tag k="highway" v="bus_stop"/>
    <tag k="source" v="Gerencia de Transporte Metropolitano de Trujillo"/>
    <tag k="ref" v="PAT-143"/>
  <tag k="network" v="Transporte Público Urbano Trujillo"/></node>
  <node id="-575" lat="-8.0646830" lon="-79.0300510" visible="true">
    <tag k="public_transport" v="platform"/>
    <tag k="bus" v="yes"/>
    <tag k="highway" v="bus_stop"/>
    <tag k="source" v="Gerencia de Transporte Metropolitano de Trujillo"/>
    <tag k="ref" v="PAT-145"/>
  <tag k="network" v="Transporte Público Urbano Trujillo"/></node>
  <node id="-576" lat="-8.0658092" lon="-79.0300542" visible="true">
    <tag k="public_transport" v="platform"/>
    <tag k="bus" v="yes"/>
    <tag k="highway" v="bus_stop"/>
    <tag k="source" v="Gerencia de Transporte Metropolitano de Trujillo"/>
    <tag k="ref" v="PAT-147"/>
  <tag k="network" v="Transporte Público Urbano Trujillo"/></node>
  <node id="-577" lat="-8.0644105" lon="-79.0319566" visible="true">
    <tag k="public_transport" v="platform"/>
    <tag k="bus" v="yes"/>
    <tag k="highway" v="bus_stop"/>
    <tag k="source" v="Gerencia de Transporte Metropolitano de Trujillo"/>
    <tag k="ref" v="PAT-149"/>
  <tag k="network" v="Transporte Público Urbano Trujillo"/></node>
  <node id="-578" lat="-8.0512158" lon="-79.0012785" visible="true">
    <tag k="public_transport" v="platform"/>
    <tag k="bus" v="yes"/>
    <tag k="highway" v="bus_stop"/>
    <tag k="source" v="Gerencia de Transporte Metropolitano de Trujillo"/>
    <tag k="ref" v="PAT-15"/>
  <tag k="network" v="Transporte Público Urbano Trujillo"/></node>
  <node id="-579" lat="-8.0649772" lon="-79.0327591" visible="true">
    <tag k="public_transport" v="platform"/>
    <tag k="bus" v="yes"/>
    <tag k="highway" v="bus_stop"/>
    <tag k="source" v="Gerencia de Transporte Metropolitano de Trujillo"/>
    <tag k="ref" v="PAT-151"/>
  <tag k="network" v="Transporte Público Urbano Trujillo"/></node>
  <node id="-580" lat="-8.0661247" lon="-79.0302415" visible="true">
    <tag k="public_transport" v="platform"/>
    <tag k="bus" v="yes"/>
    <tag k="highway" v="bus_stop"/>
    <tag k="source" v="Gerencia de Transporte Metropolitano de Trujillo"/>
    <tag k="ref" v="PAT-156"/>
  <tag k="network" v="Transporte Público Urbano Trujillo"/></node>
  <node id="-581" lat="-8.0676262" lon="-79.0129822" visible="true">
    <tag k="public_transport" v="platform"/>
    <tag k="bus" v="yes"/>
    <tag k="highway" v="bus_stop"/>
    <tag k="source" v="Gerencia de Transporte Metropolitano de Trujillo"/>
    <tag k="ref" v="PAT-18"/>
  <tag k="network" v="Transporte Público Urbano Trujillo"/></node>
  <node id="-582" lat="-8.0666683" lon="-79.0102500" visible="true">
    <tag k="public_transport" v="platform"/>
    <tag k="bus" v="yes"/>
    <tag k="highway" v="bus_stop"/>
    <tag k="source" v="Gerencia de Transporte Metropolitano de Trujillo"/>
    <tag k="ref" v="PAT-20"/>
  <tag k="network" v="Transporte Público Urbano Trujillo"/></node>
  <node id="-583" lat="-8.0657189" lon="-79.0077534" visible="true">
    <tag k="public_transport" v="platform"/>
    <tag k="bus" v="yes"/>
    <tag k="highway" v="bus_stop"/>
    <tag k="source" v="Gerencia de Transporte Metropolitano de Trujillo"/>
    <tag k="ref" v="PAT-22"/>
  <tag k="network" v="Transporte Público Urbano Trujillo"/></node>
  <node id="-584" lat="-8.0651233" lon="-79.0046582" visible="true">
    <tag k="public_transport" v="platform"/>
    <tag k="bus" v="yes"/>
    <tag k="highway" v="bus_stop"/>
    <tag k="source" v="Gerencia de Transporte Metropolitano de Trujillo"/>
    <tag k="ref" v="PAT-24"/>
  <tag k="network" v="Transporte Público Urbano Trujillo"/></node>
  <node id="-585" lat="-8.0660699" lon="-79.0069872" visible="true">
    <tag k="public_transport" v="platform"/>
    <tag k="bus" v="yes"/>
    <tag k="highway" v="bus_stop"/>
    <tag k="source" v="Gerencia de Transporte Metropolitano de Trujillo"/>
    <tag k="ref" v="PAT-26"/>
  <tag k="network" v="Transporte Público Urbano Trujillo"/></node>
  <node id="-586" lat="-8.0630284" lon="-79.0075014" visible="true">
    <tag k="public_transport" v="platform"/>
    <tag k="bus" v="yes"/>
    <tag k="highway" v="bus_stop"/>
    <tag k="source" v="Gerencia de Transporte Metropolitano de Trujillo"/>
    <tag k="ref" v="PAT-28"/>
  <tag k="network" v="Transporte Público Urbano Trujillo"/></node>
  <node id="-587" lat="-8.0612870" lon="-79.0065783" visible="true">
    <tag k="public_transport" v="platform"/>
    <tag k="bus" v="yes"/>
    <tag k="highway" v="bus_stop"/>
    <tag k="source" v="Gerencia de Transporte Metropolitano de Trujillo"/>
    <tag k="ref" v="PAT-29"/>
  <tag k="network" v="Transporte Público Urbano Trujillo"/></node>
  <node id="-588" lat="-8.0582878" lon="-79.0035942" visible="true">
    <tag k="public_transport" v="platform"/>
    <tag k="bus" v="yes"/>
    <tag k="highway" v="bus_stop"/>
    <tag k="source" v="Gerencia de Transporte Metropolitano de Trujillo"/>
    <tag k="ref" v="PAT-3"/>
  <tag k="network" v="Transporte Público Urbano Trujillo"/></node>
  <node id="-589" lat="-8.0545099" lon="-79.0047071" visible="true">
    <tag k="public_transport" v="platform"/>
    <tag k="bus" v="yes"/>
    <tag k="highway" v="bus_stop"/>
    <tag k="source" v="Gerencia de Transporte Metropolitano de Trujillo"/>
    <tag k="ref" v="PAT-32"/>
  <tag k="network" v="Transporte Público Urbano Trujillo"/></node>
  <node id="-590" lat="-8.0545594" lon="-79.0046194" visible="true">
    <tag k="public_transport" v="platform"/>
    <tag k="bus" v="yes"/>
    <tag k="highway" v="bus_stop"/>
    <tag k="source" v="Gerencia de Transporte Metropolitano de Trujillo"/>
    <tag k="ref" v="PAT-33"/>
  <tag k="network" v="Transporte Público Urbano Trujillo"/></node>
  <node id="-591" lat="-8.0524226" lon="-79.0059574" visible="true">
    <tag k="public_transport" v="platform"/>
    <tag k="bus" v="yes"/>
    <tag k="highway" v="bus_stop"/>
    <tag k="source" v="Gerencia de Transporte Metropolitano de Trujillo"/>
    <tag k="ref" v="PAT-34"/>
  <tag k="network" v="Transporte Público Urbano Trujillo"/></node>
  <node id="-592" lat="-8.0525473" lon="-79.0060785" visible="true">
    <tag k="public_transport" v="platform"/>
    <tag k="bus" v="yes"/>
    <tag k="highway" v="bus_stop"/>
    <tag k="source" v="Gerencia de Transporte Metropolitano de Trujillo"/>
    <tag k="ref" v="PAT-35"/>
  <tag k="network" v="Transporte Público Urbano Trujillo"/></node>
  <node id="-593" lat="-8.0495684" lon="-79.0032898" visible="true">
    <tag k="public_transport" v="platform"/>
    <tag k="bus" v="yes"/>
    <tag k="highway" v="bus_stop"/>
    <tag k="source" v="Gerencia de Transporte Metropolitano de Trujillo"/>
    <tag k="ref" v="PAT-36"/>
  <tag k="network" v="Transporte Público Urbano Trujillo"/></node>
  <node id="-594" lat="-8.0506135" lon="-79.0079629" visible="true">
    <tag k="public_transport" v="platform"/>
    <tag k="bus" v="yes"/>
    <tag k="highway" v="bus_stop"/>
    <tag k="source" v="Gerencia de Transporte Metropolitano de Trujillo"/>
    <tag k="ref" v="PAT-38"/>
  <tag k="network" v="Transporte Público Urbano Trujillo"/></node>
  <node id="-595" lat="-8.0538782" lon="-79.0090350" visible="true">
    <tag k="public_transport" v="platform"/>
    <tag k="bus" v="yes"/>
    <tag k="highway" v="bus_stop"/>
    <tag k="source" v="Gerencia de Transporte Metropolitano de Trujillo"/>
    <tag k="ref" v="PAT-40"/>
  <tag k="network" v="Transporte Público Urbano Trujillo"/></node>
  <node id="-596" lat="-8.0539401" lon="-79.0089535" visible="true">
    <tag k="public_transport" v="platform"/>
    <tag k="bus" v="yes"/>
    <tag k="highway" v="bus_stop"/>
    <tag k="source" v="Gerencia de Transporte Metropolitano de Trujillo"/>
    <tag k="ref" v="PAT-41"/>
  <tag k="network" v="Transporte Público Urbano Trujillo"/></node>
  <node id="-597" lat="-8.0656067" lon="-79.0119513" visible="true">
    <tag k="public_transport" v="platform"/>
    <tag k="bus" v="yes"/>
    <tag k="highway" v="bus_stop"/>
    <tag k="source" v="Gerencia de Transporte Metropolitano de Trujillo"/>
    <tag k="ref" v="PAT-46"/>
  <tag k="network" v="Transporte Público Urbano Trujillo"/></node>
  <node id="-598" lat="-8.0655177" lon="-79.0119759" visible="true">
    <tag k="public_transport" v="platform"/>
    <tag k="bus" v="yes"/>
    <tag k="highway" v="bus_stop"/>
    <tag k="source" v="Gerencia de Transporte Metropolitano de Trujillo"/>
    <tag k="ref" v="PAT-47"/>
  <tag k="network" v="Transporte Público Urbano Trujillo"/></node>
  <node id="-599" lat="-8.0636310" lon="-79.0108811" visible="true">
    <tag k="public_transport" v="platform"/>
    <tag k="bus" v="yes"/>
    <tag k="highway" v="bus_stop"/>
    <tag k="source" v="Gerencia de Transporte Metropolitano de Trujillo"/>
    <tag k="ref" v="PAT-48"/>
  <tag k="network" v="Transporte Público Urbano Trujillo"/></node>
  <node id="-600" lat="-8.0635656" lon="-79.0108015" visible="true">
    <tag k="public_transport" v="platform"/>
    <tag k="bus" v="yes"/>
    <tag k="highway" v="bus_stop"/>
    <tag k="source" v="Gerencia de Transporte Metropolitano de Trujillo"/>
    <tag k="ref" v="PAT-49"/>
  <tag k="network" v="Transporte Público Urbano Trujillo"/></node>
  <node id="-601" lat="-8.0594340" lon="-79.0104009" visible="true">
    <tag k="public_transport" v="platform"/>
    <tag k="bus" v="yes"/>
    <tag k="highway" v="bus_stop"/>
    <tag k="source" v="Gerencia de Transporte Metropolitano de Trujillo"/>
    <tag k="ref" v="PAT-54"/>
  <tag k="network" v="Transporte Público Urbano Trujillo"/></node>
  <node id="-602" lat="-8.0609060" lon="-79.0231112" visible="true">
    <tag k="public_transport" v="platform"/>
    <tag k="bus" v="yes"/>
    <tag k="highway" v="bus_stop"/>
    <tag k="source" v="Gerencia de Transporte Metropolitano de Trujillo"/>
    <tag k="ref" v="PAT-62"/>
  <tag k="network" v="Transporte Público Urbano Trujillo"/></node>
  <node id="-603" lat="-8.0610143" lon="-79.0230446" visible="true">
    <tag k="public_transport" v="platform"/>
    <tag k="bus" v="yes"/>
    <tag k="highway" v="bus_stop"/>
    <tag k="source" v="Gerencia de Transporte Metropolitano de Trujillo"/>
    <tag k="ref" v="PAT-63"/>
  <tag k="network" v="Transporte Público Urbano Trujillo"/></node>
  <node id="-604" lat="-8.0690727" lon="-79.0215029" visible="true">
    <tag k="public_transport" v="platform"/>
    <tag k="bus" v="yes"/>
    <tag k="highway" v="bus_stop"/>
    <tag k="source" v="Gerencia de Transporte Metropolitano de Trujillo"/>
    <tag k="ref" v="PAT-64"/>
  <tag k="network" v="Transporte Público Urbano Trujillo"/></node>
  <node id="-605" lat="-8.0655043" lon="-79.0265447" visible="true">
    <tag k="public_transport" v="platform"/>
    <tag k="bus" v="yes"/>
    <tag k="highway" v="bus_stop"/>
    <tag k="source" v="Gerencia de Transporte Metropolitano de Trujillo"/>
    <tag k="ref" v="PAT-67"/>
  <tag k="network" v="Transporte Público Urbano Trujillo"/></node>
  <node id="-606" lat="-8.0618439" lon="-79.0256077" visible="true">
    <tag k="public_transport" v="platform"/>
    <tag k="bus" v="yes"/>
    <tag k="highway" v="bus_stop"/>
    <tag k="source" v="Gerencia de Transporte Metropolitano de Trujillo"/>
    <tag k="ref" v="PAT-68"/>
  <tag k="network" v="Transporte Público Urbano Trujillo"/></node>
  <node id="-607" lat="-8.0607588" lon="-79.0083750" visible="true">
    <tag k="public_transport" v="platform"/>
    <tag k="bus" v="yes"/>
    <tag k="highway" v="bus_stop"/>
    <tag k="source" v="Gerencia de Transporte Metropolitano de Trujillo"/>
    <tag k="ref" v="PAT-7"/>
  <tag k="network" v="Transporte Público Urbano Trujillo"/></node>
  <node id="-608" lat="-8.0674093" lon="-79.0154661" visible="true">
    <tag k="public_transport" v="platform"/>
    <tag k="bus" v="yes"/>
    <tag k="highway" v="bus_stop"/>
    <tag k="source" v="Gerencia de Transporte Metropolitano de Trujillo"/>
    <tag k="ref" v="PAT-70"/>
  <tag k="network" v="Transporte Público Urbano Trujillo"/></node>
  <node id="-609" lat="-8.0636731" lon="-79.0161769" visible="true">
    <tag k="public_transport" v="platform"/>
    <tag k="bus" v="yes"/>
    <tag k="highway" v="bus_stop"/>
    <tag k="source" v="Gerencia de Transporte Metropolitano de Trujillo"/>
    <tag k="ref" v="PAT-71"/>
  <tag k="network" v="Transporte Público Urbano Trujillo"/></node>
  <node id="-610" lat="-8.0654061" lon="-79.0264228" visible="true">
    <tag k="public_transport" v="platform"/>
    <tag k="bus" v="yes"/>
    <tag k="highway" v="bus_stop"/>
    <tag k="source" v="Gerencia de Transporte Metropolitano de Trujillo"/>
    <tag k="ref" v="PAT-73"/>
  <tag k="network" v="Transporte Público Urbano Trujillo"/></node>
  <node id="-611" lat="-8.0618890" lon="-79.0254989" visible="true">
    <tag k="public_transport" v="platform"/>
    <tag k="bus" v="yes"/>
    <tag k="highway" v="bus_stop"/>
    <tag k="source" v="Gerencia de Transporte Metropolitano de Trujillo"/>
    <tag k="ref" v="PAT-74"/>
  <tag k="network" v="Transporte Público Urbano Trujillo"/></node>
  <node id="-612" lat="-8.0673632" lon="-79.0155461" visible="true">
    <tag k="public_transport" v="platform"/>
    <tag k="bus" v="yes"/>
    <tag k="highway" v="bus_stop"/>
    <tag k="source" v="Gerencia de Transporte Metropolitano de Trujillo"/>
    <tag k="ref" v="PAT-76"/>
  <tag k="network" v="Transporte Público Urbano Trujillo"/></node>
  <node id="-613" lat="-8.0645168" lon="-79.0034190" visible="true">
    <tag k="public_transport" v="platform"/>
    <tag k="bus" v="yes"/>
    <tag k="highway" v="bus_stop"/>
    <tag k="source" v="Gerencia de Transporte Metropolitano de Trujillo"/>
    <tag k="ref" v="PAT-8"/>
  <tag k="network" v="Transporte Público Urbano Trujillo"/></node>
  <node id="-614" lat="-8.0672199" lon="-79.0203648" visible="true">
    <tag k="public_transport" v="platform"/>
    <tag k="bus" v="yes"/>
    <tag k="highway" v="bus_stop"/>
    <tag k="source" v="Gerencia de Transporte Metropolitano de Trujillo"/>
    <tag k="ref" v="PAT-81"/>
  <tag k="network" v="Transporte Público Urbano Trujillo"/></node>
  <node id="-615" lat="-8.0667933" lon="-79.0182907" visible="true">
    <tag k="public_transport" v="platform"/>
    <tag k="bus" v="yes"/>
    <tag k="highway" v="bus_stop"/>
    <tag k="source" v="Gerencia de Transporte Metropolitano de Trujillo"/>
    <tag k="ref" v="PAT-82"/>
  <tag k="network" v="Transporte Público Urbano Trujillo"/></node>
  <node id="-616" lat="-8.0671170" lon="-79.0203982" visible="true">
    <tag k="public_transport" v="platform"/>
    <tag k="bus" v="yes"/>
    <tag k="highway" v="bus_stop"/>
    <tag k="source" v="Gerencia de Transporte Metropolitano de Trujillo"/>
    <tag k="ref" v="PAT-84"/>
  <tag k="network" v="Transporte Público Urbano Trujillo"/></node>
  <node id="-617" lat="-8.0697144" lon="-79.0278371" visible="true">
    <tag k="public_transport" v="platform"/>
    <tag k="bus" v="yes"/>
    <tag k="highway" v="bus_stop"/>
    <tag k="source" v="Gerencia de Transporte Metropolitano de Trujillo"/>
    <tag k="ref" v="PAT-86"/>
  <tag k="network" v="Transporte Público Urbano Trujillo"/></node>
  <node id="-618" lat="-8.0637244" lon="-79.0242079" visible="true">
    <tag k="public_transport" v="platform"/>
    <tag k="bus" v="yes"/>
    <tag k="highway" v="bus_stop"/>
    <tag k="source" v="Gerencia de Transporte Metropolitano de Trujillo"/>
    <tag k="ref" v="PAT-91"/>
  <tag k="network" v="Transporte Público Urbano Trujillo"/></node>
  <node id="-619" lat="-8.0651038" lon="-79.0176660" visible="true">
    <tag k="public_transport" v="platform"/>
    <tag k="bus" v="yes"/>
    <tag k="highway" v="bus_stop"/>
    <tag k="source" v="Gerencia de Transporte Metropolitano de Trujillo"/>
    <tag k="ref" v="PAT-98"/>
  <tag k="network" v="Transporte Público Urbano Trujillo"/></node>
  <node id="-620" lat="-8.0533872" lon="-79.0789683" visible="true">
    <tag k="public_transport" v="platform"/>
    <tag k="bus" v="yes"/>
    <tag k="highway" v="bus_stop"/>
    <tag k="source" v="Gerencia de Transporte Metropolitano de Trujillo"/>
    <tag k="ref" v="PE-10"/>
  <tag k="network" v="Transporte Público Urbano Trujillo"/></node>
  <node id="-621" lat="-8.0507124" lon="-79.0519408" visible="true">
    <tag k="public_transport" v="platform"/>
    <tag k="bus" v="yes"/>
    <tag k="highway" v="bus_stop"/>
    <tag k="source" v="Gerencia de Transporte Metropolitano de Trujillo"/>
    <tag k="ref" v="PE-101"/>
  <tag k="network" v="Transporte Público Urbano Trujillo"/></node>
  <node id="-622" lat="-8.0493221" lon="-79.0501221" visible="true">
    <tag k="public_transport" v="platform"/>
    <tag k="bus" v="yes"/>
    <tag k="highway" v="bus_stop"/>
    <tag k="source" v="Gerencia de Transporte Metropolitano de Trujillo"/>
    <tag k="ref" v="PE-102"/>
  <tag k="network" v="Transporte Público Urbano Trujillo"/></node>
  <node id="-623" lat="-8.0500964" lon="-79.0511757" visible="true">
    <tag k="public_transport" v="platform"/>
    <tag k="bus" v="yes"/>
    <tag k="highway" v="bus_stop"/>
    <tag k="source" v="Gerencia de Transporte Metropolitano de Trujillo"/>
    <tag k="ref" v="PE-103"/>
  <tag k="network" v="Transporte Público Urbano Trujillo"/></node>
  <node id="-624" lat="-8.0479019" lon="-79.0526946" visible="true">
    <tag k="public_transport" v="platform"/>
    <tag k="bus" v="yes"/>
    <tag k="highway" v="bus_stop"/>
    <tag k="source" v="Gerencia de Transporte Metropolitano de Trujillo"/>
    <tag k="ref" v="PE-104"/>
  <tag k="network" v="Transporte Público Urbano Trujillo"/></node>
  <node id="-625" lat="-8.0437706" lon="-79.0516170" visible="true">
    <tag k="public_transport" v="platform"/>
    <tag k="bus" v="yes"/>
    <tag k="highway" v="bus_stop"/>
    <tag k="source" v="Gerencia de Transporte Metropolitano de Trujillo"/>
    <tag k="ref" v="PE-106"/>
  <tag k="network" v="Transporte Público Urbano Trujillo"/></node>
  <node id="-626" lat="-8.0458445" lon="-79.0500586" visible="true">
    <tag k="public_transport" v="platform"/>
    <tag k="bus" v="yes"/>
    <tag k="highway" v="bus_stop"/>
    <tag k="source" v="Gerencia de Transporte Metropolitano de Trujillo"/>
    <tag k="ref" v="PE-107"/>
  <tag k="network" v="Transporte Público Urbano Trujillo"/></node>
  <node id="-627" lat="-8.0475101" lon="-79.0687500" visible="true">
    <tag k="public_transport" v="platform"/>
    <tag k="bus" v="yes"/>
    <tag k="highway" v="bus_stop"/>
    <tag k="source" v="Gerencia de Transporte Metropolitano de Trujillo"/>
    <tag k="ref" v="PE-11"/>
  <tag k="network" v="Transporte Público Urbano Trujillo"/></node>
  <node id="-628" lat="-8.0507892" lon="-79.0518604" visible="true">
    <tag k="public_transport" v="platform"/>
    <tag k="bus" v="yes"/>
    <tag k="highway" v="bus_stop"/>
    <tag k="source" v="Gerencia de Transporte Metropolitano de Trujillo"/>
    <tag k="ref" v="PE-111"/>
  <tag k="network" v="Transporte Público Urbano Trujillo"/></node>
  <node id="-629" lat="-8.0454931" lon="-79.0502241" visible="true">
    <tag k="public_transport" v="platform"/>
    <tag k="bus" v="yes"/>
    <tag k="highway" v="bus_stop"/>
    <tag k="source" v="Gerencia de Transporte Metropolitano de Trujillo"/>
    <tag k="ref" v="PE-114"/>
  <tag k="network" v="Transporte Público Urbano Trujillo"/></node>
  <node id="-630" lat="-8.0437632" lon="-79.0514816" visible="true">
    <tag k="public_transport" v="platform"/>
    <tag k="bus" v="yes"/>
    <tag k="highway" v="bus_stop"/>
    <tag k="source" v="Gerencia de Transporte Metropolitano de Trujillo"/>
    <tag k="ref" v="PE-115"/>
  <tag k="network" v="Transporte Público Urbano Trujillo"/></node>
  <node id="-631" lat="-8.0500254" lon="-79.0513641" visible="true">
    <tag k="public_transport" v="platform"/>
    <tag k="bus" v="yes"/>
    <tag k="highway" v="bus_stop"/>
    <tag k="source" v="Gerencia de Transporte Metropolitano de Trujillo"/>
    <tag k="ref" v="PE-118"/>
  <tag k="network" v="Transporte Público Urbano Trujillo"/></node>
  <node id="-632" lat="-8.0490054" lon="-79.0704958" visible="true">
    <tag k="public_transport" v="platform"/>
    <tag k="bus" v="yes"/>
    <tag k="highway" v="bus_stop"/>
    <tag k="source" v="Gerencia de Transporte Metropolitano de Trujillo"/>
    <tag k="ref" v="PE-12"/>
  <tag k="network" v="Transporte Público Urbano Trujillo"/></node>
  <node id="-633" lat="-8.0528817" lon="-79.0501314" visible="true">
    <tag k="public_transport" v="platform"/>
    <tag k="bus" v="yes"/>
    <tag k="highway" v="bus_stop"/>
    <tag k="source" v="Gerencia de Transporte Metropolitano de Trujillo"/>
    <tag k="ref" v="PE-120"/>
  <tag k="network" v="Transporte Público Urbano Trujillo"/></node>
  <node id="-634" lat="-8.0551452" lon="-79.0786821" visible="true">
    <tag k="public_transport" v="platform"/>
    <tag k="bus" v="yes"/>
    <tag k="highway" v="bus_stop"/>
    <tag k="source" v="Gerencia de Transporte Metropolitano de Trujillo"/>
    <tag k="ref" v="PE-121"/>
  <tag k="network" v="Transporte Público Urbano Trujillo"/></node>
  <node id="-635" lat="-8.0554951" lon="-79.0768512" visible="true">
    <tag k="public_transport" v="platform"/>
    <tag k="bus" v="yes"/>
    <tag k="highway" v="bus_stop"/>
    <tag k="source" v="Gerencia de Transporte Metropolitano de Trujillo"/>
    <tag k="ref" v="PE-122"/>
  <tag k="network" v="Transporte Público Urbano Trujillo"/></node>
  <node id="-636" lat="-8.0576618" lon="-79.0749319" visible="true">
    <tag k="public_transport" v="platform"/>
    <tag k="bus" v="yes"/>
    <tag k="highway" v="bus_stop"/>
    <tag k="source" v="Gerencia de Transporte Metropolitano de Trujillo"/>
    <tag k="ref" v="PE-123"/>
  <tag k="network" v="Transporte Público Urbano Trujillo"/></node>
  <node id="-637" lat="-8.0573416" lon="-79.0737768" visible="true">
    <tag k="public_transport" v="platform"/>
    <tag k="bus" v="yes"/>
    <tag k="highway" v="bus_stop"/>
    <tag k="source" v="Gerencia de Transporte Metropolitano de Trujillo"/>
    <tag k="ref" v="PE-124"/>
  <tag k="network" v="Transporte Público Urbano Trujillo"/></node>
  <node id="-638" lat="-8.0587873" lon="-79.0745648" visible="true">
    <tag k="public_transport" v="platform"/>
    <tag k="bus" v="yes"/>
    <tag k="highway" v="bus_stop"/>
    <tag k="source" v="Gerencia de Transporte Metropolitano de Trujillo"/>
    <tag k="ref" v="PE-125"/>
  <tag k="network" v="Transporte Público Urbano Trujillo"/></node>
  <node id="-639" lat="-8.0554082" lon="-79.0746153" visible="true">
    <tag k="public_transport" v="platform"/>
    <tag k="bus" v="yes"/>
    <tag k="highway" v="bus_stop"/>
    <tag k="source" v="Gerencia de Transporte Metropolitano de Trujillo"/>
    <tag k="ref" v="PE-126"/>
  <tag k="network" v="Transporte Público Urbano Trujillo"/></node>
  <node id="-640" lat="-8.0522204" lon="-79.0753484" visible="true">
    <tag k="public_transport" v="platform"/>
    <tag k="bus" v="yes"/>
    <tag k="highway" v="bus_stop"/>
    <tag k="source" v="Gerencia de Transporte Metropolitano de Trujillo"/>
    <tag k="ref" v="PE-127"/>
  <tag k="network" v="Transporte Público Urbano Trujillo"/></node>
  <node id="-641" lat="-8.0538648" lon="-79.0739027" visible="true">
    <tag k="public_transport" v="platform"/>
    <tag k="bus" v="yes"/>
    <tag k="highway" v="bus_stop"/>
    <tag k="source" v="Gerencia de Transporte Metropolitano de Trujillo"/>
    <tag k="ref" v="PE-128"/>
  <tag k="network" v="Transporte Público Urbano Trujillo"/></node>
  <node id="-642" lat="-8.0529627" lon="-79.0782874" visible="true">
    <tag k="public_transport" v="platform"/>
    <tag k="bus" v="yes"/>
    <tag k="highway" v="bus_stop"/>
    <tag k="source" v="Gerencia de Transporte Metropolitano de Trujillo"/>
    <tag k="ref" v="PE-129"/>
  <tag k="network" v="Transporte Público Urbano Trujillo"/></node>
  <node id="-643" lat="-8.0509744" lon="-79.0727634" visible="true">
    <tag k="public_transport" v="platform"/>
    <tag k="bus" v="yes"/>
    <tag k="highway" v="bus_stop"/>
    <tag k="source" v="Gerencia de Transporte Metropolitano de Trujillo"/>
    <tag k="ref" v="PE-13"/>
  <tag k="network" v="Transporte Público Urbano Trujillo"/></node>
  <node id="-644" lat="-8.0510148" lon="-79.0760170" visible="true">
    <tag k="public_transport" v="platform"/>
    <tag k="bus" v="yes"/>
    <tag k="highway" v="bus_stop"/>
    <tag k="source" v="Gerencia de Transporte Metropolitano de Trujillo"/>
    <tag k="ref" v="PE-130"/>
  <tag k="network" v="Transporte Público Urbano Trujillo"/></node>
  <node id="-645" lat="-8.0492056" lon="-79.0738970" visible="true">
    <tag k="public_transport" v="platform"/>
    <tag k="bus" v="yes"/>
    <tag k="highway" v="bus_stop"/>
    <tag k="source" v="Gerencia de Transporte Metropolitano de Trujillo"/>
    <tag k="ref" v="PE-131"/>
  <tag k="network" v="Transporte Público Urbano Trujillo"/></node>
  <node id="-646" lat="-8.0473649" lon="-79.0718171" visible="true">
    <tag k="public_transport" v="platform"/>
    <tag k="bus" v="yes"/>
    <tag k="highway" v="bus_stop"/>
    <tag k="source" v="Gerencia de Transporte Metropolitano de Trujillo"/>
    <tag k="ref" v="PE-132"/>
  <tag k="network" v="Transporte Público Urbano Trujillo"/></node>
  <node id="-647" lat="-8.0544130" lon="-79.0766862" visible="true">
    <tag k="public_transport" v="platform"/>
    <tag k="bus" v="yes"/>
    <tag k="highway" v="bus_stop"/>
    <tag k="source" v="Gerencia de Transporte Metropolitano de Trujillo"/>
    <tag k="ref" v="PE-134"/>
  <tag k="network" v="Transporte Público Urbano Trujillo"/></node>
  <node id="-648" lat="-8.0526191" lon="-79.0745627" visible="true">
    <tag k="public_transport" v="platform"/>
    <tag k="bus" v="yes"/>
    <tag k="highway" v="bus_stop"/>
    <tag k="source" v="Gerencia de Transporte Metropolitano de Trujillo"/>
    <tag k="ref" v="PE-135"/>
  <tag k="network" v="Transporte Público Urbano Trujillo"/></node>
  <node id="-649" lat="-8.0508513" lon="-79.0724825" visible="true">
    <tag k="public_transport" v="platform"/>
    <tag k="bus" v="yes"/>
    <tag k="highway" v="bus_stop"/>
    <tag k="source" v="Gerencia de Transporte Metropolitano de Trujillo"/>
    <tag k="ref" v="PE-136"/>
  <tag k="network" v="Transporte Público Urbano Trujillo"/></node>
  <node id="-650" lat="-8.0490266" lon="-79.0703605" visible="true">
    <tag k="public_transport" v="platform"/>
    <tag k="bus" v="yes"/>
    <tag k="highway" v="bus_stop"/>
    <tag k="source" v="Gerencia de Transporte Metropolitano de Trujillo"/>
    <tag k="ref" v="PE-137"/>
  <tag k="network" v="Transporte Público Urbano Trujillo"/></node>
  <node id="-651" lat="-8.0474125" lon="-79.0684325" visible="true">
    <tag k="public_transport" v="platform"/>
    <tag k="bus" v="yes"/>
    <tag k="highway" v="bus_stop"/>
    <tag k="source" v="Gerencia de Transporte Metropolitano de Trujillo"/>
    <tag k="ref" v="PE-138"/>
  <tag k="network" v="Transporte Público Urbano Trujillo"/></node>
  <node id="-652" lat="-8.0510125" lon="-79.0710316" visible="true">
    <tag k="public_transport" v="platform"/>
    <tag k="bus" v="yes"/>
    <tag k="highway" v="bus_stop"/>
    <tag k="source" v="Gerencia de Transporte Metropolitano de Trujillo"/>
    <tag k="ref" v="PE-139"/>
  <tag k="network" v="Transporte Público Urbano Trujillo"/></node>
  <node id="-653" lat="-8.0529748" lon="-79.0751262" visible="true">
    <tag k="public_transport" v="platform"/>
    <tag k="bus" v="yes"/>
    <tag k="highway" v="bus_stop"/>
    <tag k="source" v="Gerencia de Transporte Metropolitano de Trujillo"/>
    <tag k="ref" v="PE-14"/>
  <tag k="network" v="Transporte Público Urbano Trujillo"/></node>
  <node id="-654" lat="-8.0491648" lon="-79.0688696" visible="true">
    <tag k="public_transport" v="platform"/>
    <tag k="bus" v="yes"/>
    <tag k="highway" v="bus_stop"/>
    <tag k="source" v="Gerencia de Transporte Metropolitano de Trujillo"/>
    <tag k="ref" v="PE-140"/>
  <tag k="network" v="Transporte Público Urbano Trujillo"/></node>
  <node id="-655" lat="-8.0558576" lon="-79.0715411" visible="true">
    <tag k="public_transport" v="platform"/>
    <tag k="bus" v="yes"/>
    <tag k="highway" v="bus_stop"/>
    <tag k="source" v="Gerencia de Transporte Metropolitano de Trujillo"/>
    <tag k="ref" v="PE-141"/>
  <tag k="network" v="Transporte Público Urbano Trujillo"/></node>
  <node id="-656" lat="-8.0536933" lon="-79.0703957" visible="true">
    <tag k="public_transport" v="platform"/>
    <tag k="bus" v="yes"/>
    <tag k="highway" v="bus_stop"/>
    <tag k="source" v="Gerencia de Transporte Metropolitano de Trujillo"/>
    <tag k="ref" v="PE-142"/>
  <tag k="network" v="Transporte Público Urbano Trujillo"/></node>
  <node id="-657" lat="-8.0536183" lon="-79.0681323" visible="true">
    <tag k="public_transport" v="platform"/>
    <tag k="bus" v="yes"/>
    <tag k="highway" v="bus_stop"/>
    <tag k="source" v="Gerencia de Transporte Metropolitano de Trujillo"/>
    <tag k="ref" v="PE-143"/>
  <tag k="network" v="Transporte Público Urbano Trujillo"/></node>
  <node id="-658" lat="-8.0550166" lon="-79.0654364" visible="true">
    <tag k="public_transport" v="platform"/>
    <tag k="bus" v="yes"/>
    <tag k="highway" v="bus_stop"/>
    <tag k="source" v="Gerencia de Transporte Metropolitano de Trujillo"/>
    <tag k="ref" v="PE-144"/>
  <tag k="network" v="Transporte Público Urbano Trujillo"/></node>
  <node id="-659" lat="-8.0561657" lon="-79.0632437" visible="true">
    <tag k="public_transport" v="platform"/>
    <tag k="bus" v="yes"/>
    <tag k="highway" v="bus_stop"/>
    <tag k="source" v="Gerencia de Transporte Metropolitano de Trujillo"/>
    <tag k="ref" v="PE-145"/>
  <tag k="network" v="Transporte Público Urbano Trujillo"/></node>
  <node id="-660" lat="-8.0525261" lon="-79.0587036" visible="true">
    <tag k="public_transport" v="platform"/>
    <tag k="bus" v="yes"/>
    <tag k="highway" v="bus_stop"/>
    <tag k="source" v="Gerencia de Transporte Metropolitano de Trujillo"/>
    <tag k="ref" v="PE-149"/>
  <tag k="network" v="Transporte Público Urbano Trujillo"/></node>
  <node id="-661" lat="-8.0545428" lon="-79.0769560" visible="true">
    <tag k="public_transport" v="platform"/>
    <tag k="bus" v="yes"/>
    <tag k="highway" v="bus_stop"/>
    <tag k="source" v="Gerencia de Transporte Metropolitano de Trujillo"/>
    <tag k="ref" v="PE-15"/>
  <tag k="network" v="Transporte Público Urbano Trujillo"/></node>
  <node id="-662" lat="-8.0507888" lon="-79.0657956" visible="true">
    <tag k="public_transport" v="platform"/>
    <tag k="bus" v="yes"/>
    <tag k="highway" v="bus_stop"/>
    <tag k="source" v="Gerencia de Transporte Metropolitano de Trujillo"/>
    <tag k="ref" v="PE-151"/>
  <tag k="network" v="Transporte Público Urbano Trujillo"/></node>
  <node id="-663" lat="-8.0672308" lon="-79.0755152" visible="true">
    <tag k="public_transport" v="platform"/>
    <tag k="bus" v="yes"/>
    <tag k="highway" v="bus_stop"/>
    <tag k="source" v="Gerencia de Transporte Metropolitano de Trujillo"/>
    <tag k="ref" v="PE-155"/>
  <tag k="network" v="Transporte Público Urbano Trujillo"/></node>
  <node id="-664" lat="-8.0645521" lon="-79.0784865" visible="true">
    <tag k="public_transport" v="platform"/>
    <tag k="bus" v="yes"/>
    <tag k="highway" v="bus_stop"/>
    <tag k="source" v="Gerencia de Transporte Metropolitano de Trujillo"/>
    <tag k="ref" v="PE-156"/>
  <tag k="network" v="Transporte Público Urbano Trujillo"/></node>
  <node id="-665" lat="-8.0566792" lon="-79.0792930" visible="true">
    <tag k="public_transport" v="platform"/>
    <tag k="bus" v="yes"/>
    <tag k="highway" v="bus_stop"/>
    <tag k="source" v="Gerencia de Transporte Metropolitano de Trujillo"/>
    <tag k="ref" v="PE-158"/>
  <tag k="network" v="Transporte Público Urbano Trujillo"/></node>
  <node id="-666" lat="-8.0594529" lon="-79.0761233" visible="true">
    <tag k="public_transport" v="platform"/>
    <tag k="bus" v="yes"/>
    <tag k="highway" v="bus_stop"/>
    <tag k="source" v="Gerencia de Transporte Metropolitano de Trujillo"/>
    <tag k="ref" v="PE-159"/>
  <tag k="network" v="Transporte Público Urbano Trujillo"/></node>
  <node id="-667" lat="-8.0489622" lon="-79.0688042" visible="true">
    <tag k="public_transport" v="platform"/>
    <tag k="bus" v="yes"/>
    <tag k="highway" v="bus_stop"/>
    <tag k="source" v="Gerencia de Transporte Metropolitano de Trujillo"/>
    <tag k="ref" v="PE-16"/>
  <tag k="network" v="Transporte Público Urbano Trujillo"/></node>
  <node id="-668" lat="-8.0651663" lon="-79.0653330" visible="true">
    <tag k="public_transport" v="platform"/>
    <tag k="bus" v="yes"/>
    <tag k="highway" v="bus_stop"/>
    <tag k="source" v="Gerencia de Transporte Metropolitano de Trujillo"/>
    <tag k="ref" v="PE-160"/>
  <tag k="network" v="Transporte Público Urbano Trujillo"/></node>
  <node id="-669" lat="-8.0638709" lon="-79.0669947" visible="true">
    <tag k="public_transport" v="platform"/>
    <tag k="bus" v="yes"/>
    <tag k="highway" v="bus_stop"/>
    <tag k="source" v="Gerencia de Transporte Metropolitano de Trujillo"/>
    <tag k="ref" v="PE-163"/>
  <tag k="network" v="Transporte Público Urbano Trujillo"/></node>
  <node id="-670" lat="-8.0629009" lon="-79.0694913" visible="true">
    <tag k="public_transport" v="platform"/>
    <tag k="bus" v="yes"/>
    <tag k="highway" v="bus_stop"/>
    <tag k="source" v="Gerencia de Transporte Metropolitano de Trujillo"/>
    <tag k="ref" v="PE-164"/>
  <tag k="network" v="Transporte Público Urbano Trujillo"/></node>
  <node id="-671" lat="-8.0617711" lon="-79.0716499" visible="true">
    <tag k="public_transport" v="platform"/>
    <tag k="bus" v="yes"/>
    <tag k="highway" v="bus_stop"/>
    <tag k="source" v="Gerencia de Transporte Metropolitano de Trujillo"/>
    <tag k="ref" v="PE-165"/>
  <tag k="network" v="Transporte Público Urbano Trujillo"/></node>
  <node id="-672" lat="-8.0606652" lon="-79.0738046" visible="true">
    <tag k="public_transport" v="platform"/>
    <tag k="bus" v="yes"/>
    <tag k="highway" v="bus_stop"/>
    <tag k="source" v="Gerencia de Transporte Metropolitano de Trujillo"/>
    <tag k="ref" v="PE-166"/>
  <tag k="network" v="Transporte Público Urbano Trujillo"/></node>
  <node id="-673" lat="-8.0644166" lon="-79.0683023" visible="true">
    <tag k="public_transport" v="platform"/>
    <tag k="bus" v="yes"/>
    <tag k="highway" v="bus_stop"/>
    <tag k="source" v="Gerencia de Transporte Metropolitano de Trujillo"/>
    <tag k="ref" v="PE-167"/>
  <tag k="network" v="Transporte Público Urbano Trujillo"/></node>
  <node id="-674" lat="-8.0637175" lon="-79.0702981" visible="true">
    <tag k="public_transport" v="platform"/>
    <tag k="bus" v="yes"/>
    <tag k="highway" v="bus_stop"/>
    <tag k="source" v="Gerencia de Transporte Metropolitano de Trujillo"/>
    <tag k="ref" v="PE-168"/>
  <tag k="network" v="Transporte Público Urbano Trujillo"/></node>
  <node id="-675" lat="-8.0626332" lon="-79.0723551" visible="true">
    <tag k="public_transport" v="platform"/>
    <tag k="bus" v="yes"/>
    <tag k="highway" v="bus_stop"/>
    <tag k="source" v="Gerencia de Transporte Metropolitano de Trujillo"/>
    <tag k="ref" v="PE-169"/>
  <tag k="network" v="Transporte Público Urbano Trujillo"/></node>
  <node id="-676" lat="-8.0510423" lon="-79.0712378" visible="true">
    <tag k="public_transport" v="platform"/>
    <tag k="bus" v="yes"/>
    <tag k="highway" v="bus_stop"/>
    <tag k="source" v="Gerencia de Transporte Metropolitano de Trujillo"/>
    <tag k="ref" v="PE-17"/>
  <tag k="network" v="Transporte Público Urbano Trujillo"/></node>
  <node id="-677" lat="-8.0654087" lon="-79.0707648" visible="true">
    <tag k="public_transport" v="platform"/>
    <tag k="bus" v="yes"/>
    <tag k="highway" v="bus_stop"/>
    <tag k="source" v="Gerencia de Transporte Metropolitano de Trujillo"/>
    <tag k="ref" v="PE-171"/>
  <tag k="network" v="Transporte Público Urbano Trujillo"/></node>
  <node id="-678" lat="-8.0632324" lon="-79.0749801" visible="true">
    <tag k="public_transport" v="platform"/>
    <tag k="bus" v="yes"/>
    <tag k="highway" v="bus_stop"/>
    <tag k="source" v="Gerencia de Transporte Metropolitano de Trujillo"/>
    <tag k="ref" v="PE-173"/>
  <tag k="network" v="Transporte Público Urbano Trujillo"/></node>
  <node id="-679" lat="-8.0575353" lon="-79.0777965" visible="true">
    <tag k="public_transport" v="platform"/>
    <tag k="bus" v="yes"/>
    <tag k="highway" v="bus_stop"/>
    <tag k="source" v="Gerencia de Transporte Metropolitano de Trujillo"/>
    <tag k="ref" v="PE-175"/>
  <tag k="network" v="Transporte Público Urbano Trujillo"/></node>
  <node id="-680" lat="-8.0601747" lon="-79.0769960" visible="true">
    <tag k="public_transport" v="platform"/>
    <tag k="bus" v="yes"/>
    <tag k="highway" v="bus_stop"/>
    <tag k="source" v="Gerencia de Transporte Metropolitano de Trujillo"/>
    <tag k="ref" v="PE-176"/>
  <tag k="network" v="Transporte Público Urbano Trujillo"/></node>
  <node id="-681" lat="-8.0582600" lon="-79.0786431" visible="true">
    <tag k="public_transport" v="platform"/>
    <tag k="bus" v="yes"/>
    <tag k="highway" v="bus_stop"/>
    <tag k="source" v="Gerencia de Transporte Metropolitano de Trujillo"/>
    <tag k="ref" v="PE-177"/>
  <tag k="network" v="Transporte Público Urbano Trujillo"/></node>
  <node id="-682" lat="-8.0778052" lon="-79.0418937" visible="true">
    <tag k="public_transport" v="platform"/>
    <tag k="bus" v="yes"/>
    <tag k="highway" v="bus_stop"/>
    <tag k="source" v="Gerencia de Transporte Metropolitano de Trujillo"/>
    <tag k="ref" v="PE-179"/>
  <tag k="network" v="Transporte Público Urbano Trujillo"/></node>
  <node id="-683" lat="-8.0494141" lon="-79.0684571" visible="true">
    <tag k="public_transport" v="platform"/>
    <tag k="bus" v="yes"/>
    <tag k="highway" v="bus_stop"/>
    <tag k="source" v="Gerencia de Transporte Metropolitano de Trujillo"/>
    <tag k="ref" v="PE-18"/>
  <tag k="network" v="Transporte Público Urbano Trujillo"/></node>
  <node id="-684" lat="-8.0622019" lon="-79.0499468" visible="true">
    <tag k="public_transport" v="platform"/>
    <tag k="bus" v="yes"/>
    <tag k="highway" v="bus_stop"/>
    <tag k="source" v="Gerencia de Transporte Metropolitano de Trujillo"/>
    <tag k="ref" v="PE-180"/>
  <tag k="network" v="Transporte Público Urbano Trujillo"/></node>
  <node id="-685" lat="-8.0648568" lon="-79.0492531" visible="true">
    <tag k="public_transport" v="platform"/>
    <tag k="bus" v="yes"/>
    <tag k="highway" v="bus_stop"/>
    <tag k="source" v="Gerencia de Transporte Metropolitano de Trujillo"/>
    <tag k="ref" v="PE-181"/>
  <tag k="network" v="Transporte Público Urbano Trujillo"/></node>
  <node id="-686" lat="-8.0677103" lon="-79.0481364" visible="true">
    <tag k="public_transport" v="platform"/>
    <tag k="bus" v="yes"/>
    <tag k="highway" v="bus_stop"/>
    <tag k="source" v="Gerencia de Transporte Metropolitano de Trujillo"/>
    <tag k="ref" v="PE-182"/>
  <tag k="network" v="Transporte Público Urbano Trujillo"/></node>
  <node id="-687" lat="-8.0720366" lon="-79.0458058" visible="true">
    <tag k="public_transport" v="platform"/>
    <tag k="bus" v="yes"/>
    <tag k="highway" v="bus_stop"/>
    <tag k="source" v="Gerencia de Transporte Metropolitano de Trujillo"/>
    <tag k="ref" v="PE-184"/>
  <tag k="network" v="Transporte Público Urbano Trujillo"/></node>
  <node id="-688" lat="-8.0748170" lon="-79.0443208" visible="true">
    <tag k="public_transport" v="platform"/>
    <tag k="bus" v="yes"/>
    <tag k="highway" v="bus_stop"/>
    <tag k="source" v="Gerencia de Transporte Metropolitano de Trujillo"/>
    <tag k="ref" v="PE-185"/>
  <tag k="network" v="Transporte Público Urbano Trujillo"/></node>
  <node id="-689" lat="-8.0771087" lon="-79.0430206" visible="true">
    <tag k="public_transport" v="platform"/>
    <tag k="bus" v="yes"/>
    <tag k="highway" v="bus_stop"/>
    <tag k="source" v="Gerencia de Transporte Metropolitano de Trujillo"/>
    <tag k="ref" v="PE-186"/>
  <tag k="network" v="Transporte Público Urbano Trujillo"/></node>
  <node id="-690" lat="-8.0792718" lon="-79.0418243" visible="true">
    <tag k="public_transport" v="platform"/>
    <tag k="bus" v="yes"/>
    <tag k="highway" v="bus_stop"/>
    <tag k="source" v="Gerencia de Transporte Metropolitano de Trujillo"/>
    <tag k="ref" v="PE-187"/>
  <tag k="network" v="Transporte Público Urbano Trujillo"/></node>
  <node id="-691" lat="-8.0635307" lon="-79.0517885" visible="true">
    <tag k="public_transport" v="platform"/>
    <tag k="bus" v="yes"/>
    <tag k="highway" v="bus_stop"/>
    <tag k="source" v="Gerencia de Transporte Metropolitano de Trujillo"/>
    <tag k="ref" v="PE-188"/>
  <tag k="network" v="Transporte Público Urbano Trujillo"/></node>
  <node id="-692" lat="-8.0754380" lon="-79.0414513" visible="true">
    <tag k="public_transport" v="platform"/>
    <tag k="bus" v="yes"/>
    <tag k="highway" v="bus_stop"/>
    <tag k="source" v="Gerencia de Transporte Metropolitano de Trujillo"/>
    <tag k="ref" v="PE-190"/>
  <tag k="network" v="Transporte Público Urbano Trujillo"/></node>
  <node id="-693" lat="-8.0773854" lon="-79.0403844" visible="true">
    <tag k="public_transport" v="platform"/>
    <tag k="bus" v="yes"/>
    <tag k="highway" v="bus_stop"/>
    <tag k="source" v="Gerencia de Transporte Metropolitano de Trujillo"/>
    <tag k="ref" v="PE-191"/>
  <tag k="network" v="Transporte Público Urbano Trujillo"/></node>
  <node id="-694" lat="-8.0654313" lon="-79.0484622" visible="true">
    <tag k="public_transport" v="platform"/>
    <tag k="bus" v="yes"/>
    <tag k="highway" v="bus_stop"/>
    <tag k="source" v="Gerencia de Transporte Metropolitano de Trujillo"/>
    <tag k="ref" v="PE-193"/>
  <tag k="network" v="Transporte Público Urbano Trujillo"/></node>
  <node id="-695" lat="-8.0683102" lon="-79.0469998" visible="true">
    <tag k="public_transport" v="platform"/>
    <tag k="bus" v="yes"/>
    <tag k="highway" v="bus_stop"/>
    <tag k="source" v="Gerencia de Transporte Metropolitano de Trujillo"/>
    <tag k="ref" v="PE-194"/>
  <tag k="network" v="Transporte Público Urbano Trujillo"/></node>
  <node id="-696" lat="-8.0729478" lon="-79.0444167" visible="true">
    <tag k="public_transport" v="platform"/>
    <tag k="bus" v="yes"/>
    <tag k="highway" v="bus_stop"/>
    <tag k="source" v="Gerencia de Transporte Metropolitano de Trujillo"/>
    <tag k="ref" v="PE-196"/>
  <tag k="network" v="Transporte Público Urbano Trujillo"/></node>
  <node id="-697" lat="-8.0722429" lon="-79.0505976" visible="true">
    <tag k="public_transport" v="platform"/>
    <tag k="bus" v="yes"/>
    <tag k="highway" v="bus_stop"/>
    <tag k="source" v="Gerencia de Transporte Metropolitano de Trujillo"/>
    <tag k="ref" v="PE-201"/>
  <tag k="network" v="Transporte Público Urbano Trujillo"/></node>
  <node id="-698" lat="-8.0730642" lon="-79.0549679" visible="true">
    <tag k="public_transport" v="platform"/>
    <tag k="bus" v="yes"/>
    <tag k="highway" v="bus_stop"/>
    <tag k="source" v="Gerencia de Transporte Metropolitano de Trujillo"/>
    <tag k="ref" v="PE-203"/>
  <tag k="network" v="Transporte Público Urbano Trujillo"/></node>
  <node id="-699" lat="-8.0708322" lon="-79.0557785" visible="true">
    <tag k="public_transport" v="platform"/>
    <tag k="bus" v="yes"/>
    <tag k="highway" v="bus_stop"/>
    <tag k="source" v="Gerencia de Transporte Metropolitano de Trujillo"/>
    <tag k="ref" v="PE-204"/>
  <tag k="network" v="Transporte Público Urbano Trujillo"/></node>
  <node id="-700" lat="-8.0656192" lon="-79.0575885" visible="true">
    <tag k="public_transport" v="platform"/>
    <tag k="bus" v="yes"/>
    <tag k="highway" v="bus_stop"/>
    <tag k="source" v="Gerencia de Transporte Metropolitano de Trujillo"/>
    <tag k="ref" v="PE-206"/>
  <tag k="network" v="Transporte Público Urbano Trujillo"/></node>
  <node id="-701" lat="-8.0650031" lon="-79.0604197" visible="true">
    <tag k="public_transport" v="platform"/>
    <tag k="bus" v="yes"/>
    <tag k="highway" v="bus_stop"/>
    <tag k="source" v="Gerencia de Transporte Metropolitano de Trujillo"/>
    <tag k="ref" v="PE-209"/>
  <tag k="network" v="Transporte Público Urbano Trujillo"/></node>
  <node id="-702" lat="-8.0731799" lon="-79.0614775" visible="true">
    <tag k="public_transport" v="platform"/>
    <tag k="bus" v="yes"/>
    <tag k="highway" v="bus_stop"/>
    <tag k="source" v="Gerencia de Transporte Metropolitano de Trujillo"/>
    <tag k="ref" v="PE-214"/>
  <tag k="network" v="Transporte Público Urbano Trujillo"/></node>
  <node id="-703" lat="-8.0742954" lon="-79.0564347" visible="true">
    <tag k="public_transport" v="platform"/>
    <tag k="bus" v="yes"/>
    <tag k="highway" v="bus_stop"/>
    <tag k="source" v="Gerencia de Transporte Metropolitano de Trujillo"/>
    <tag k="ref" v="PE-216"/>
  <tag k="network" v="Transporte Público Urbano Trujillo"/></node>
  <node id="-704" lat="-8.0808386" lon="-79.0548277" visible="true">
    <tag k="public_transport" v="platform"/>
    <tag k="bus" v="yes"/>
    <tag k="highway" v="bus_stop"/>
    <tag k="source" v="Gerencia de Transporte Metropolitano de Trujillo"/>
    <tag k="ref" v="PE-219"/>
  <tag k="network" v="Transporte Público Urbano Trujillo"/></node>
  <node id="-705" lat="-8.0602878" lon="-79.0769720" visible="true">
    <tag k="public_transport" v="platform"/>
    <tag k="bus" v="yes"/>
    <tag k="highway" v="bus_stop"/>
    <tag k="source" v="Gerencia de Transporte Metropolitano de Trujillo"/>
    <tag k="ref" v="PE-22"/>
  <tag k="network" v="Transporte Público Urbano Trujillo"/></node>
  <node id="-706" lat="-8.0808932" lon="-79.0501607" visible="true">
    <tag k="public_transport" v="platform"/>
    <tag k="bus" v="yes"/>
    <tag k="highway" v="bus_stop"/>
    <tag k="source" v="Gerencia de Transporte Metropolitano de Trujillo"/>
    <tag k="ref" v="PE-220"/>
  <tag k="network" v="Transporte Público Urbano Trujillo"/></node>
  <node id="-707" lat="-8.0779886" lon="-79.0514801" visible="true">
    <tag k="public_transport" v="platform"/>
    <tag k="bus" v="yes"/>
    <tag k="highway" v="bus_stop"/>
    <tag k="source" v="Gerencia de Transporte Metropolitano de Trujillo"/>
    <tag k="ref" v="PE-221"/>
  <tag k="network" v="Transporte Público Urbano Trujillo"/></node>
  <node id="-708" lat="-8.0807074" lon="-79.0484127" visible="true">
    <tag k="public_transport" v="platform"/>
    <tag k="bus" v="yes"/>
    <tag k="highway" v="bus_stop"/>
    <tag k="source" v="Gerencia de Transporte Metropolitano de Trujillo"/>
    <tag k="ref" v="PE-226"/>
  <tag k="network" v="Transporte Público Urbano Trujillo"/></node>
  <node id="-709" lat="-8.0567846" lon="-79.0502198" visible="true">
    <tag k="public_transport" v="platform"/>
    <tag k="bus" v="yes"/>
    <tag k="highway" v="bus_stop"/>
    <tag k="source" v="Gerencia de Transporte Metropolitano de Trujillo"/>
    <tag k="ref" v="PE-228"/>
  <tag k="network" v="Transporte Público Urbano Trujillo"/></node>
  <node id="-710" lat="-8.0575201" lon="-79.0488729" visible="true">
    <tag k="public_transport" v="platform"/>
    <tag k="bus" v="yes"/>
    <tag k="highway" v="bus_stop"/>
    <tag k="source" v="Gerencia de Transporte Metropolitano de Trujillo"/>
    <tag k="ref" v="PE-229"/>
  <tag k="network" v="Transporte Público Urbano Trujillo"/></node>
  <node id="-711" lat="-8.0584344" lon="-79.0785692" visible="true">
    <tag k="public_transport" v="platform"/>
    <tag k="bus" v="yes"/>
    <tag k="highway" v="bus_stop"/>
    <tag k="source" v="Gerencia de Transporte Metropolitano de Trujillo"/>
    <tag k="ref" v="PE-23"/>
  <tag k="network" v="Transporte Público Urbano Trujillo"/></node>
  <node id="-712" lat="-8.0564311" lon="-79.0509376" visible="true">
    <tag k="public_transport" v="platform"/>
    <tag k="bus" v="yes"/>
    <tag k="highway" v="bus_stop"/>
    <tag k="source" v="Gerencia de Transporte Metropolitano de Trujillo"/>
    <tag k="ref" v="PE-230"/>
  <tag k="network" v="Transporte Público Urbano Trujillo"/></node>
  <node id="-713" lat="-8.0627853" lon="-79.0478730" visible="true">
    <tag k="public_transport" v="platform"/>
    <tag k="bus" v="yes"/>
    <tag k="highway" v="bus_stop"/>
    <tag k="source" v="Gerencia de Transporte Metropolitano de Trujillo"/>
    <tag k="ref" v="PE-234"/>
  <tag k="network" v="Transporte Público Urbano Trujillo"/></node>
  <node id="-714" lat="-8.0644393" lon="-79.0461571" visible="true">
    <tag k="public_transport" v="platform"/>
    <tag k="bus" v="yes"/>
    <tag k="highway" v="bus_stop"/>
    <tag k="source" v="Gerencia de Transporte Metropolitano de Trujillo"/>
    <tag k="ref" v="PE-235"/>
  <tag k="network" v="Transporte Público Urbano Trujillo"/></node>
  <node id="-715" lat="-8.0566034" lon="-79.0793470" visible="true">
    <tag k="public_transport" v="platform"/>
    <tag k="bus" v="yes"/>
    <tag k="highway" v="bus_stop"/>
    <tag k="source" v="Gerencia de Transporte Metropolitano de Trujillo"/>
    <tag k="ref" v="PE-24"/>
  <tag k="network" v="Transporte Público Urbano Trujillo"/></node>
  <node id="-716" lat="-8.0679315" lon="-79.0475825" visible="true">
    <tag k="public_transport" v="platform"/>
    <tag k="bus" v="yes"/>
    <tag k="highway" v="bus_stop"/>
    <tag k="source" v="Gerencia de Transporte Metropolitano de Trujillo"/>
    <tag k="ref" v="PE-241"/>
  <tag k="network" v="Transporte Público Urbano Trujillo"/></node>
  <node id="-717" lat="-8.0737571" lon="-79.0412500" visible="true">
    <tag k="public_transport" v="platform"/>
    <tag k="bus" v="yes"/>
    <tag k="highway" v="bus_stop"/>
    <tag k="source" v="Gerencia de Transporte Metropolitano de Trujillo"/>
    <tag k="ref" v="PE-244"/>
  <tag k="network" v="Transporte Público Urbano Trujillo"/></node>
  <node id="-718" lat="-8.0821358" lon="-79.0492040" visible="true">
    <tag k="public_transport" v="platform"/>
    <tag k="bus" v="yes"/>
    <tag k="highway" v="bus_stop"/>
    <tag k="source" v="Gerencia de Transporte Metropolitano de Trujillo"/>
    <tag k="ref" v="PE-247"/>
  <tag k="network" v="Transporte Público Urbano Trujillo"/></node>
  <node id="-719" lat="-8.0819692" lon="-79.0469545" visible="true">
    <tag k="public_transport" v="platform"/>
    <tag k="bus" v="yes"/>
    <tag k="highway" v="bus_stop"/>
    <tag k="source" v="Gerencia de Transporte Metropolitano de Trujillo"/>
    <tag k="ref" v="PE-249"/>
  <tag k="network" v="Transporte Público Urbano Trujillo"/></node>
  <node id="-720" lat="-8.0580970" lon="-79.0810866" visible="true">
    <tag k="public_transport" v="platform"/>
    <tag k="bus" v="yes"/>
    <tag k="highway" v="bus_stop"/>
    <tag k="source" v="Gerencia de Transporte Metropolitano de Trujillo"/>
    <tag k="ref" v="PE-25"/>
  <tag k="network" v="Transporte Público Urbano Trujillo"/></node>
  <node id="-721" lat="-8.0811493" lon="-79.0466160" visible="true">
    <tag k="public_transport" v="platform"/>
    <tag k="bus" v="yes"/>
    <tag k="highway" v="bus_stop"/>
    <tag k="source" v="Gerencia de Transporte Metropolitano de Trujillo"/>
    <tag k="ref" v="PE-250"/>
  <tag k="network" v="Transporte Público Urbano Trujillo"/></node>
  <node id="-722" lat="-8.0714219" lon="-79.0628071" visible="true">
    <tag k="public_transport" v="platform"/>
    <tag k="bus" v="yes"/>
    <tag k="highway" v="bus_stop"/>
    <tag k="source" v="Gerencia de Transporte Metropolitano de Trujillo"/>
    <tag k="ref" v="PE-252"/>
  <tag k="network" v="Transporte Público Urbano Trujillo"/></node>
  <node id="-723" lat="-8.0712093" lon="-79.0670939" visible="true">
    <tag k="public_transport" v="platform"/>
    <tag k="bus" v="yes"/>
    <tag k="highway" v="bus_stop"/>
    <tag k="source" v="Gerencia de Transporte Metropolitano de Trujillo"/>
    <tag k="ref" v="PE-257"/>
  <tag k="network" v="Transporte Público Urbano Trujillo"/></node>
  <node id="-724" lat="-8.0701198" lon="-79.0699279" visible="true">
    <tag k="public_transport" v="platform"/>
    <tag k="bus" v="yes"/>
    <tag k="highway" v="bus_stop"/>
    <tag k="source" v="Gerencia de Transporte Metropolitano de Trujillo"/>
    <tag k="ref" v="PE-259"/>
  <tag k="network" v="Transporte Público Urbano Trujillo"/></node>
  <node id="-725" lat="-8.0594817" lon="-79.0827196" visible="true">
    <tag k="public_transport" v="platform"/>
    <tag k="bus" v="yes"/>
    <tag k="highway" v="bus_stop"/>
    <tag k="source" v="Gerencia de Transporte Metropolitano de Trujillo"/>
    <tag k="ref" v="PE-26"/>
  <tag k="network" v="Transporte Público Urbano Trujillo"/></node>
  <node id="-726" lat="-8.0689544" lon="-79.0726543" visible="true">
    <tag k="public_transport" v="platform"/>
    <tag k="bus" v="yes"/>
    <tag k="highway" v="bus_stop"/>
    <tag k="source" v="Gerencia de Transporte Metropolitano de Trujillo"/>
    <tag k="ref" v="PE-261"/>
  <tag k="network" v="Transporte Público Urbano Trujillo"/></node>
  <node id="-727" lat="-8.0691065" lon="-79.0672103" visible="true">
    <tag k="public_transport" v="platform"/>
    <tag k="bus" v="yes"/>
    <tag k="highway" v="bus_stop"/>
    <tag k="source" v="Gerencia de Transporte Metropolitano de Trujillo"/>
    <tag k="ref" v="PE-263"/>
  <tag k="network" v="Transporte Público Urbano Trujillo"/></node>
  <node id="-728" lat="-8.0689103" lon="-79.0668874" visible="true">
    <tag k="public_transport" v="platform"/>
    <tag k="bus" v="yes"/>
    <tag k="highway" v="bus_stop"/>
    <tag k="source" v="Gerencia de Transporte Metropolitano de Trujillo"/>
    <tag k="ref" v="PE-264"/>
  <tag k="network" v="Transporte Público Urbano Trujillo"/></node>
  <node id="-729" lat="-8.0645925" lon="-79.0618756" visible="true">
    <tag k="public_transport" v="platform"/>
    <tag k="bus" v="yes"/>
    <tag k="highway" v="bus_stop"/>
    <tag k="source" v="Gerencia de Transporte Metropolitano de Trujillo"/>
    <tag k="ref" v="PE-269"/>
  <tag k="network" v="Transporte Público Urbano Trujillo"/></node>
  <node id="-730" lat="-8.0619237" lon="-79.0812839" visible="true">
    <tag k="public_transport" v="platform"/>
    <tag k="bus" v="yes"/>
    <tag k="highway" v="bus_stop"/>
    <tag k="source" v="Gerencia de Transporte Metropolitano de Trujillo"/>
    <tag k="ref" v="PE-27"/>
  <tag k="network" v="Transporte Público Urbano Trujillo"/></node>
  <node id="-731" lat="-8.0644019" lon="-79.0618425" visible="true">
    <tag k="public_transport" v="platform"/>
    <tag k="bus" v="yes"/>
    <tag k="highway" v="bus_stop"/>
    <tag k="source" v="Gerencia de Transporte Metropolitano de Trujillo"/>
    <tag k="ref" v="PE-270"/>
  <tag k="network" v="Transporte Público Urbano Trujillo"/></node>
  <node id="-732" lat="-8.0533903" lon="-79.0552004" visible="true">
    <tag k="public_transport" v="platform"/>
    <tag k="bus" v="yes"/>
    <tag k="highway" v="bus_stop"/>
    <tag k="source" v="Gerencia de Transporte Metropolitano de Trujillo"/>
    <tag k="ref" v="PE-275"/>
  <tag k="network" v="Transporte Público Urbano Trujillo"/></node>
  <node id="-733" lat="-8.0572411" lon="-79.0598612" visible="true">
    <tag k="public_transport" v="platform"/>
    <tag k="bus" v="yes"/>
    <tag k="highway" v="bus_stop"/>
    <tag k="source" v="Gerencia de Transporte Metropolitano de Trujillo"/>
    <tag k="ref" v="PE-278"/>
  <tag k="network" v="Transporte Público Urbano Trujillo"/></node>
  <node id="-734" lat="-8.0539729" lon="-79.0558007" visible="true">
    <tag k="public_transport" v="platform"/>
    <tag k="bus" v="yes"/>
    <tag k="highway" v="bus_stop"/>
    <tag k="source" v="Gerencia de Transporte Metropolitano de Trujillo"/>
    <tag k="ref" v="PE-282"/>
  <tag k="network" v="Transporte Público Urbano Trujillo"/></node>
  <node id="-735" lat="-8.0473756" lon="-79.0709189" visible="true">
    <tag k="public_transport" v="platform"/>
    <tag k="bus" v="yes"/>
    <tag k="highway" v="bus_stop"/>
    <tag k="source" v="Gerencia de Transporte Metropolitano de Trujillo"/>
    <tag k="ref" v="PE-283"/>
  <tag k="network" v="Transporte Público Urbano Trujillo"/></node>
  <node id="-736" lat="-8.0818227" lon="-79.0400441" visible="true">
    <tag k="public_transport" v="platform"/>
    <tag k="bus" v="yes"/>
    <tag k="highway" v="bus_stop"/>
    <tag k="source" v="Gerencia de Transporte Metropolitano de Trujillo"/>
    <tag k="ref" v="PE-286"/>
  <tag k="network" v="Transporte Público Urbano Trujillo"/></node>
  <node id="-737" lat="-8.0847742" lon="-79.0409370" visible="true">
    <tag k="public_transport" v="platform"/>
    <tag k="bus" v="yes"/>
    <tag k="highway" v="bus_stop"/>
    <tag k="source" v="Gerencia de Transporte Metropolitano de Trujillo"/>
    <tag k="ref" v="PE-288"/>
  <tag k="network" v="Transporte Público Urbano Trujillo"/></node>
  <node id="-738" lat="-8.0817259" lon="-79.0399579" visible="true">
    <tag k="public_transport" v="platform"/>
    <tag k="bus" v="yes"/>
    <tag k="highway" v="bus_stop"/>
    <tag k="source" v="Gerencia de Transporte Metropolitano de Trujillo"/>
    <tag k="ref" v="PE-290"/>
  <tag k="network" v="Transporte Público Urbano Trujillo"/></node>
  <node id="-739" lat="-8.0775684" lon="-79.0351317" visible="true">
    <tag k="public_transport" v="platform"/>
    <tag k="bus" v="yes"/>
    <tag k="highway" v="bus_stop"/>
    <tag k="source" v="Gerencia de Transporte Metropolitano de Trujillo"/>
    <tag k="ref" v="PE-293"/>
  <tag k="network" v="Transporte Público Urbano Trujillo"/></node>
  <node id="-740" lat="-8.0789134" lon="-79.0335143" visible="true">
    <tag k="public_transport" v="platform"/>
    <tag k="bus" v="yes"/>
    <tag k="highway" v="bus_stop"/>
    <tag k="source" v="Gerencia de Transporte Metropolitano de Trujillo"/>
    <tag k="ref" v="PE-295"/>
  <tag k="network" v="Transporte Público Urbano Trujillo"/></node>
  <node id="-741" lat="-8.0756213" lon="-79.0349157" visible="true">
    <tag k="public_transport" v="platform"/>
    <tag k="bus" v="yes"/>
    <tag k="highway" v="bus_stop"/>
    <tag k="source" v="Gerencia de Transporte Metropolitano de Trujillo"/>
    <tag k="ref" v="PE-297"/>
  <tag k="network" v="Transporte Público Urbano Trujillo"/></node>
  <node id="-742" lat="-8.0809123" lon="-79.0324562" visible="true">
    <tag k="public_transport" v="platform"/>
    <tag k="bus" v="yes"/>
    <tag k="highway" v="bus_stop"/>
    <tag k="source" v="Gerencia de Transporte Metropolitano de Trujillo"/>
    <tag k="ref" v="PE-299"/>
  <tag k="network" v="Transporte Público Urbano Trujillo"/></node>
  <node id="-743" lat="-8.0654698" lon="-79.0654286" visible="true">
    <tag k="public_transport" v="platform"/>
    <tag k="bus" v="yes"/>
    <tag k="highway" v="bus_stop"/>
    <tag k="source" v="Gerencia de Transporte Metropolitano de Trujillo"/>
    <tag k="ref" v="PE-30"/>
  <tag k="network" v="Transporte Público Urbano Trujillo"/></node>
  <node id="-744" lat="-8.0830070" lon="-79.0430778" visible="true">
    <tag k="public_transport" v="platform"/>
    <tag k="bus" v="yes"/>
    <tag k="highway" v="bus_stop"/>
    <tag k="source" v="Gerencia de Transporte Metropolitano de Trujillo"/>
    <tag k="ref" v="PE-301"/>
  <tag k="network" v="Transporte Público Urbano Trujillo"/></node>
  <node id="-745" lat="-8.0837564" lon="-79.0424333" visible="true">
    <tag k="public_transport" v="platform"/>
    <tag k="bus" v="yes"/>
    <tag k="highway" v="bus_stop"/>
    <tag k="source" v="Gerencia de Transporte Metropolitano de Trujillo"/>
    <tag k="ref" v="PE-302"/>
  <tag k="network" v="Transporte Público Urbano Trujillo"/></node>
  <node id="-746" lat="-8.0823870" lon="-79.0401015" visible="true">
    <tag k="public_transport" v="platform"/>
    <tag k="bus" v="yes"/>
    <tag k="highway" v="bus_stop"/>
    <tag k="source" v="Gerencia de Transporte Metropolitano de Trujillo"/>
    <tag k="ref" v="PE-307"/>
  <tag k="network" v="Transporte Público Urbano Trujillo"/></node>
  <node id="-747" lat="-8.0779806" lon="-79.0383812" visible="true">
    <tag k="public_transport" v="platform"/>
    <tag k="bus" v="yes"/>
    <tag k="highway" v="bus_stop"/>
    <tag k="source" v="Gerencia de Transporte Metropolitano de Trujillo"/>
    <tag k="ref" v="PE-309"/>
  <tag k="network" v="Transporte Público Urbano Trujillo"/></node>
  <node id="-748" lat="-8.0768838" lon="-79.0376102" visible="true">
    <tag k="public_transport" v="platform"/>
    <tag k="bus" v="yes"/>
    <tag k="highway" v="bus_stop"/>
    <tag k="source" v="Gerencia de Transporte Metropolitano de Trujillo"/>
    <tag k="ref" v="PE-311"/>
  <tag k="network" v="Transporte Público Urbano Trujillo"/></node>
  <node id="-749" lat="-8.0768933" lon="-79.0375019" visible="true">
    <tag k="public_transport" v="platform"/>
    <tag k="bus" v="yes"/>
    <tag k="highway" v="bus_stop"/>
    <tag k="source" v="Gerencia de Transporte Metropolitano de Trujillo"/>
    <tag k="ref" v="PE-312"/>
  <tag k="network" v="Transporte Público Urbano Trujillo"/></node>
  <node id="-750" lat="-8.0806425" lon="-79.0369042" visible="true">
    <tag k="public_transport" v="platform"/>
    <tag k="bus" v="yes"/>
    <tag k="highway" v="bus_stop"/>
    <tag k="source" v="Gerencia de Transporte Metropolitano de Trujillo"/>
    <tag k="ref" v="PE-313"/>
  <tag k="network" v="Transporte Público Urbano Trujillo"/></node>
  <node id="-751" lat="-8.0836553" lon="-79.0351573" visible="true">
    <tag k="public_transport" v="platform"/>
    <tag k="bus" v="yes"/>
    <tag k="highway" v="bus_stop"/>
    <tag k="source" v="Gerencia de Transporte Metropolitano de Trujillo"/>
    <tag k="ref" v="PE-315"/>
  <tag k="network" v="Transporte Público Urbano Trujillo"/></node>
  <node id="-752" lat="-8.0865085" lon="-79.0335426" visible="true">
    <tag k="public_transport" v="platform"/>
    <tag k="bus" v="yes"/>
    <tag k="highway" v="bus_stop"/>
    <tag k="source" v="Gerencia de Transporte Metropolitano de Trujillo"/>
    <tag k="ref" v="PE-317"/>
  <tag k="network" v="Transporte Público Urbano Trujillo"/></node>
  <node id="-753" lat="-8.0816258" lon="-79.0324612" visible="true">
    <tag k="public_transport" v="platform"/>
    <tag k="bus" v="yes"/>
    <tag k="highway" v="bus_stop"/>
    <tag k="source" v="Gerencia de Transporte Metropolitano de Trujillo"/>
    <tag k="ref" v="PE-319"/>
  <tag k="network" v="Transporte Público Urbano Trujillo"/></node>
  <node id="-754" lat="-8.0673310" lon="-79.0754919" visible="true">
    <tag k="public_transport" v="platform"/>
    <tag k="bus" v="yes"/>
    <tag k="highway" v="bus_stop"/>
    <tag k="source" v="Gerencia de Transporte Metropolitano de Trujillo"/>
    <tag k="ref" v="PE-32"/>
  <tag k="network" v="Transporte Público Urbano Trujillo"/></node>
  <node id="-755" lat="-8.0779075" lon="-79.0358248" visible="true">
    <tag k="public_transport" v="platform"/>
    <tag k="bus" v="yes"/>
    <tag k="highway" v="bus_stop"/>
    <tag k="source" v="Gerencia de Transporte Metropolitano de Trujillo"/>
    <tag k="ref" v="PE-321"/>
  <tag k="network" v="Transporte Público Urbano Trujillo"/></node>
  <node id="-756" lat="-8.0805595" lon="-79.0343248" visible="true">
    <tag k="public_transport" v="platform"/>
    <tag k="bus" v="yes"/>
    <tag k="highway" v="bus_stop"/>
    <tag k="source" v="Gerencia de Transporte Metropolitano de Trujillo"/>
    <tag k="ref" v="PE-323"/>
  <tag k="network" v="Transporte Público Urbano Trujillo"/></node>
  <node id="-757" lat="-8.0834781" lon="-79.0327812" visible="true">
    <tag k="public_transport" v="platform"/>
    <tag k="bus" v="yes"/>
    <tag k="highway" v="bus_stop"/>
    <tag k="source" v="Gerencia de Transporte Metropolitano de Trujillo"/>
    <tag k="ref" v="PE-325"/>
  <tag k="network" v="Transporte Público Urbano Trujillo"/></node>
  <node id="-758" lat="-8.0788609" lon="-79.0324188" visible="true">
    <tag k="public_transport" v="platform"/>
    <tag k="bus" v="yes"/>
    <tag k="highway" v="bus_stop"/>
    <tag k="source" v="Gerencia de Transporte Metropolitano de Trujillo"/>
    <tag k="ref" v="PE-329"/>
  <tag k="network" v="Transporte Público Urbano Trujillo"/></node>
  <node id="-759" lat="-8.0683271" lon="-79.0343211" visible="true">
    <tag k="public_transport" v="platform"/>
    <tag k="bus" v="yes"/>
    <tag k="highway" v="bus_stop"/>
    <tag k="source" v="Gerencia de Transporte Metropolitano de Trujillo"/>
    <tag k="ref" v="PE-332"/>
  <tag k="network" v="Transporte Público Urbano Trujillo"/></node>
  <node id="-760" lat="-8.0629450" lon="-79.0339188" visible="true">
    <tag k="public_transport" v="platform"/>
    <tag k="bus" v="yes"/>
    <tag k="highway" v="bus_stop"/>
    <tag k="source" v="Gerencia de Transporte Metropolitano de Trujillo"/>
    <tag k="ref" v="PE-334"/>
  <tag k="network" v="Transporte Público Urbano Trujillo"/></node>
  <node id="-761" lat="-8.0712789" lon="-79.0342138" visible="true">
    <tag k="public_transport" v="platform"/>
    <tag k="bus" v="yes"/>
    <tag k="highway" v="bus_stop"/>
    <tag k="source" v="Gerencia de Transporte Metropolitano de Trujillo"/>
    <tag k="ref" v="PE-338"/>
  <tag k="network" v="Transporte Público Urbano Trujillo"/></node>
  <node id="-762" lat="-8.0686017" lon="-79.0347660" visible="true">
    <tag k="public_transport" v="platform"/>
    <tag k="bus" v="yes"/>
    <tag k="highway" v="bus_stop"/>
    <tag k="source" v="Gerencia de Transporte Metropolitano de Trujillo"/>
    <tag k="ref" v="PE-341"/>
  <tag k="network" v="Transporte Público Urbano Trujillo"/></node>
  <node id="-763" lat="-8.0665027" lon="-79.0360159" visible="true">
    <tag k="public_transport" v="platform"/>
    <tag k="bus" v="yes"/>
    <tag k="highway" v="bus_stop"/>
    <tag k="source" v="Gerencia de Transporte Metropolitano de Trujillo"/>
    <tag k="ref" v="PE-343"/>
  <tag k="network" v="Transporte Público Urbano Trujillo"/></node>
  <node id="-764" lat="-8.0678167" lon="-79.0374148" visible="true">
    <tag k="public_transport" v="platform"/>
    <tag k="bus" v="yes"/>
    <tag k="highway" v="bus_stop"/>
    <tag k="source" v="Gerencia de Transporte Metropolitano de Trujillo"/>
    <tag k="ref" v="PE-344"/>
  <tag k="network" v="Transporte Público Urbano Trujillo"/></node>
  <node id="-765" lat="-8.0675714" lon="-79.0371969" visible="true">
    <tag k="public_transport" v="platform"/>
    <tag k="bus" v="yes"/>
    <tag k="highway" v="bus_stop"/>
    <tag k="source" v="Gerencia de Transporte Metropolitano de Trujillo"/>
    <tag k="ref" v="PE-345"/>
  <tag k="network" v="Transporte Público Urbano Trujillo"/></node>
  <node id="-766" lat="-8.0664478" lon="-79.0396036" visible="true">
    <tag k="public_transport" v="platform"/>
    <tag k="bus" v="yes"/>
    <tag k="highway" v="bus_stop"/>
    <tag k="source" v="Gerencia de Transporte Metropolitano de Trujillo"/>
    <tag k="ref" v="PE-346"/>
  <tag k="network" v="Transporte Público Urbano Trujillo"/></node>
  <node id="-767" lat="-8.0665670" lon="-79.0395640" visible="true">
    <tag k="public_transport" v="platform"/>
    <tag k="bus" v="yes"/>
    <tag k="highway" v="bus_stop"/>
    <tag k="source" v="Gerencia de Transporte Metropolitano de Trujillo"/>
    <tag k="ref" v="PE-347"/>
  <tag k="network" v="Transporte Público Urbano Trujillo"/></node>
  <node id="-768" lat="-8.0636067" lon="-79.0404295" visible="true">
    <tag k="public_transport" v="platform"/>
    <tag k="bus" v="yes"/>
    <tag k="highway" v="bus_stop"/>
    <tag k="source" v="Gerencia de Transporte Metropolitano de Trujillo"/>
    <tag k="ref" v="PE-348"/>
  <tag k="network" v="Transporte Público Urbano Trujillo"/></node>
  <node id="-769" lat="-8.0643386" lon="-79.0417705" visible="true">
    <tag k="public_transport" v="platform"/>
    <tag k="bus" v="yes"/>
    <tag k="highway" v="bus_stop"/>
    <tag k="source" v="Gerencia de Transporte Metropolitano de Trujillo"/>
    <tag k="ref" v="PE-349"/>
  <tag k="network" v="Transporte Público Urbano Trujillo"/></node>
  <node id="-770" lat="-8.0805898" lon="-79.0418945" visible="true">
    <tag k="public_transport" v="platform"/>
    <tag k="bus" v="yes"/>
    <tag k="highway" v="bus_stop"/>
    <tag k="source" v="Gerencia de Transporte Metropolitano de Trujillo"/>
    <tag k="ref" v="PE-352"/>
  <tag k="network" v="Transporte Público Urbano Trujillo"/></node>
  <node id="-771" lat="-8.0807456" lon="-79.0418507" visible="true">
    <tag k="public_transport" v="platform"/>
    <tag k="bus" v="yes"/>
    <tag k="highway" v="bus_stop"/>
    <tag k="source" v="Gerencia de Transporte Metropolitano de Trujillo"/>
    <tag k="ref" v="PE-353"/>
  <tag k="network" v="Transporte Público Urbano Trujillo"/></node>
  <node id="-772" lat="-8.0661234" lon="-79.0573282" visible="true">
    <tag k="public_transport" v="platform"/>
    <tag k="bus" v="yes"/>
    <tag k="highway" v="bus_stop"/>
    <tag k="source" v="Gerencia de Transporte Metropolitano de Trujillo"/>
    <tag k="ref" v="PE-37"/>
  <tag k="network" v="Transporte Público Urbano Trujillo"/></node>
  <node id="-773" lat="-8.0705230" lon="-79.0558537" visible="true">
    <tag k="public_transport" v="platform"/>
    <tag k="bus" v="yes"/>
    <tag k="highway" v="bus_stop"/>
    <tag k="source" v="Gerencia de Transporte Metropolitano de Trujillo"/>
    <tag k="ref" v="PE-39"/>
  <tag k="network" v="Transporte Público Urbano Trujillo"/></node>
  <node id="-774" lat="-8.0759231" lon="-79.0477443" visible="true">
    <tag k="public_transport" v="platform"/>
    <tag k="bus" v="yes"/>
    <tag k="highway" v="bus_stop"/>
    <tag k="source" v="Gerencia de Transporte Metropolitano de Trujillo"/>
    <tag k="ref" v="PE-41"/>
  <tag k="network" v="Transporte Público Urbano Trujillo"/></node>
  <node id="-775" lat="-8.0637257" lon="-79.0520044" visible="true">
    <tag k="public_transport" v="platform"/>
    <tag k="bus" v="yes"/>
    <tag k="highway" v="bus_stop"/>
    <tag k="source" v="Gerencia de Transporte Metropolitano de Trujillo"/>
    <tag k="ref" v="PE-43"/>
  <tag k="network" v="Transporte Público Urbano Trujillo"/></node>
  <node id="-776" lat="-8.0763807" lon="-79.0468353" visible="true">
    <tag k="public_transport" v="platform"/>
    <tag k="bus" v="yes"/>
    <tag k="highway" v="bus_stop"/>
    <tag k="source" v="Gerencia de Transporte Metropolitano de Trujillo"/>
    <tag k="ref" v="PE-45"/>
  <tag k="network" v="Transporte Público Urbano Trujillo"/></node>
  <node id="-777" lat="-8.0792547" lon="-79.0451941" visible="true">
    <tag k="public_transport" v="platform"/>
    <tag k="bus" v="yes"/>
    <tag k="highway" v="bus_stop"/>
    <tag k="source" v="Gerencia de Transporte Metropolitano de Trujillo"/>
    <tag k="ref" v="PE-46"/>
  <tag k="network" v="Transporte Público Urbano Trujillo"/></node>
  <node id="-778" lat="-8.0744018" lon="-79.0565049" visible="true">
    <tag k="public_transport" v="platform"/>
    <tag k="bus" v="yes"/>
    <tag k="highway" v="bus_stop"/>
    <tag k="source" v="Gerencia de Transporte Metropolitano de Trujillo"/>
    <tag k="ref" v="PE-47"/>
  <tag k="network" v="Transporte Público Urbano Trujillo"/></node>
  <node id="-779" lat="-8.0467223" lon="-79.0685845" visible="true">
    <tag k="public_transport" v="platform"/>
    <tag k="bus" v="yes"/>
    <tag k="highway" v="bus_stop"/>
    <tag k="source" v="Gerencia de Transporte Metropolitano de Trujillo"/>
    <tag k="ref" v="PE-5"/>
  <tag k="network" v="Transporte Público Urbano Trujillo"/></node>
  <node id="-780" lat="-8.0724897" lon="-79.0492565" visible="true">
    <tag k="public_transport" v="platform"/>
    <tag k="bus" v="yes"/>
    <tag k="highway" v="bus_stop"/>
    <tag k="source" v="Gerencia de Transporte Metropolitano de Trujillo"/>
    <tag k="ref" v="PE-50"/>
  <tag k="network" v="Transporte Público Urbano Trujillo"/></node>
  <node id="-781" lat="-8.0646658" lon="-79.0493035" visible="true">
    <tag k="public_transport" v="platform"/>
    <tag k="bus" v="yes"/>
    <tag k="highway" v="bus_stop"/>
    <tag k="source" v="Gerencia de Transporte Metropolitano de Trujillo"/>
    <tag k="ref" v="PE-52"/>
  <tag k="network" v="Transporte Público Urbano Trujillo"/></node>
  <node id="-782" lat="-8.0676206" lon="-79.0482491" visible="true">
    <tag k="public_transport" v="platform"/>
    <tag k="bus" v="yes"/>
    <tag k="highway" v="bus_stop"/>
    <tag k="source" v="Gerencia de Transporte Metropolitano de Trujillo"/>
    <tag k="ref" v="PE-53"/>
  <tag k="network" v="Transporte Público Urbano Trujillo"/></node>
  <node id="-783" lat="-8.0721624" lon="-79.0456464" visible="true">
    <tag k="public_transport" v="platform"/>
    <tag k="bus" v="yes"/>
    <tag k="highway" v="bus_stop"/>
    <tag k="source" v="Gerencia de Transporte Metropolitano de Trujillo"/>
    <tag k="ref" v="PE-55"/>
  <tag k="network" v="Transporte Público Urbano Trujillo"/></node>
  <node id="-784" lat="-8.0746795" lon="-79.0443665" visible="true">
    <tag k="public_transport" v="platform"/>
    <tag k="bus" v="yes"/>
    <tag k="highway" v="bus_stop"/>
    <tag k="source" v="Gerencia de Transporte Metropolitano de Trujillo"/>
    <tag k="ref" v="PE-56"/>
  <tag k="network" v="Transporte Público Urbano Trujillo"/></node>
  <node id="-785" lat="-8.0769520" lon="-79.0431166" visible="true">
    <tag k="public_transport" v="platform"/>
    <tag k="bus" v="yes"/>
    <tag k="highway" v="bus_stop"/>
    <tag k="source" v="Gerencia de Transporte Metropolitano de Trujillo"/>
    <tag k="ref" v="PE-57"/>
  <tag k="network" v="Transporte Público Urbano Trujillo"/></node>
  <node id="-786" lat="-8.0787356" lon="-79.0421107" visible="true">
    <tag k="public_transport" v="platform"/>
    <tag k="bus" v="yes"/>
    <tag k="highway" v="bus_stop"/>
    <tag k="source" v="Gerencia de Transporte Metropolitano de Trujillo"/>
    <tag k="ref" v="PE-58"/>
  <tag k="network" v="Transporte Público Urbano Trujillo"/></node>
  <node id="-787" lat="-8.0620253" lon="-79.0500282" visible="true">
    <tag k="public_transport" v="platform"/>
    <tag k="bus" v="yes"/>
    <tag k="highway" v="bus_stop"/>
    <tag k="source" v="Gerencia de Transporte Metropolitano de Trujillo"/>
    <tag k="ref" v="PE-59"/>
  <tag k="network" v="Transporte Público Urbano Trujillo"/></node>
  <node id="-788" lat="-8.0655458" lon="-79.0483987" visible="true">
    <tag k="public_transport" v="platform"/>
    <tag k="bus" v="yes"/>
    <tag k="highway" v="bus_stop"/>
    <tag k="source" v="Gerencia de Transporte Metropolitano de Trujillo"/>
    <tag k="ref" v="PE-61"/>
  <tag k="network" v="Transporte Público Urbano Trujillo"/></node>
  <node id="-789" lat="-8.0684346" lon="-79.0469714" visible="true">
    <tag k="public_transport" v="platform"/>
    <tag k="bus" v="yes"/>
    <tag k="highway" v="bus_stop"/>
    <tag k="source" v="Gerencia de Transporte Metropolitano de Trujillo"/>
    <tag k="ref" v="PE-62"/>
  <tag k="network" v="Transporte Público Urbano Trujillo"/></node>
  <node id="-790" lat="-8.0728895" lon="-79.0445185" visible="true">
    <tag k="public_transport" v="platform"/>
    <tag k="bus" v="yes"/>
    <tag k="highway" v="bus_stop"/>
    <tag k="source" v="Gerencia de Transporte Metropolitano de Trujillo"/>
    <tag k="ref" v="PE-64"/>
  <tag k="network" v="Transporte Público Urbano Trujillo"/></node>
  <node id="-791" lat="-8.0775935" lon="-79.0419606" visible="true">
    <tag k="public_transport" v="platform"/>
    <tag k="bus" v="yes"/>
    <tag k="highway" v="bus_stop"/>
    <tag k="source" v="Gerencia de Transporte Metropolitano de Trujillo"/>
    <tag k="ref" v="PE-66"/>
  <tag k="network" v="Transporte Público Urbano Trujillo"/></node>
  <node id="-792" lat="-8.0632474" lon="-79.0474714" visible="true">
    <tag k="public_transport" v="platform"/>
    <tag k="bus" v="yes"/>
    <tag k="highway" v="bus_stop"/>
    <tag k="source" v="Gerencia de Transporte Metropolitano de Trujillo"/>
    <tag k="ref" v="PE-74"/>
  <tag k="network" v="Transporte Público Urbano Trujillo"/></node>
  <node id="-793" lat="-8.0648641" lon="-79.0457973" visible="true">
    <tag k="public_transport" v="platform"/>
    <tag k="bus" v="yes"/>
    <tag k="highway" v="bus_stop"/>
    <tag k="source" v="Gerencia de Transporte Metropolitano de Trujillo"/>
    <tag k="ref" v="PE-75"/>
  <tag k="network" v="Transporte Público Urbano Trujillo"/></node>
  <node id="-794" lat="-8.0679599" lon="-79.0478116" visible="true">
    <tag k="public_transport" v="platform"/>
    <tag k="bus" v="yes"/>
    <tag k="highway" v="bus_stop"/>
    <tag k="source" v="Gerencia de Transporte Metropolitano de Trujillo"/>
    <tag k="ref" v="PE-77"/>
  <tag k="network" v="Transporte Público Urbano Trujillo"/></node>
  <node id="-795" lat="-8.0775439" lon="-79.0403689" visible="true">
    <tag k="public_transport" v="platform"/>
    <tag k="bus" v="yes"/>
    <tag k="highway" v="bus_stop"/>
    <tag k="source" v="Gerencia de Transporte Metropolitano de Trujillo"/>
    <tag k="ref" v="PE-84"/>
  <tag k="network" v="Transporte Público Urbano Trujillo"/></node>
  <node id="-796" lat="-8.0781728" lon="-79.0514762" visible="true">
    <tag k="public_transport" v="platform"/>
    <tag k="bus" v="yes"/>
    <tag k="highway" v="bus_stop"/>
    <tag k="source" v="Gerencia de Transporte Metropolitano de Trujillo"/>
    <tag k="ref" v="PE-86"/>
  <tag k="network" v="Transporte Público Urbano Trujillo"/></node>
  <node id="-797" lat="-8.0810635" lon="-79.0501693" visible="true">
    <tag k="public_transport" v="platform"/>
    <tag k="bus" v="yes"/>
    <tag k="highway" v="bus_stop"/>
    <tag k="source" v="Gerencia de Transporte Metropolitano de Trujillo"/>
    <tag k="ref" v="PE-87"/>
  <tag k="network" v="Transporte Público Urbano Trujillo"/></node>
  <node id="-798" lat="-8.0784874" lon="-79.0558970" visible="true">
    <tag k="public_transport" v="platform"/>
    <tag k="bus" v="yes"/>
    <tag k="highway" v="bus_stop"/>
    <tag k="source" v="Gerencia de Transporte Metropolitano de Trujillo"/>
    <tag k="ref" v="PE-89"/>
  <tag k="network" v="Transporte Público Urbano Trujillo"/></node>
  <node id="-799" lat="-8.0513339" lon="-79.0765439" visible="true">
    <tag k="public_transport" v="platform"/>
    <tag k="bus" v="yes"/>
    <tag k="highway" v="bus_stop"/>
    <tag k="source" v="Gerencia de Transporte Metropolitano de Trujillo"/>
    <tag k="ref" v="PE-9"/>
  <tag k="network" v="Transporte Público Urbano Trujillo"/></node>
  <node id="-800" lat="-8.0735723" lon="-79.0584537" visible="true">
    <tag k="public_transport" v="platform"/>
    <tag k="bus" v="yes"/>
    <tag k="highway" v="bus_stop"/>
    <tag k="source" v="Gerencia de Transporte Metropolitano de Trujillo"/>
    <tag k="ref" v="PE-94"/>
  <tag k="network" v="Transporte Público Urbano Trujillo"/></node>
  <node id="-801" lat="-8.0466333" lon="-79.0574802" visible="true">
    <tag k="public_transport" v="platform"/>
    <tag k="bus" v="yes"/>
    <tag k="highway" v="bus_stop"/>
    <tag k="source" v="Gerencia de Transporte Metropolitano de Trujillo"/>
    <tag k="ref" v="PE-98"/>
  <tag k="network" v="Transporte Público Urbano Trujillo"/></node>
  <node id="-802" lat="-8.0517147" lon="-79.0573379" visible="true">
    <tag k="public_transport" v="platform"/>
    <tag k="bus" v="yes"/>
    <tag k="highway" v="bus_stop"/>
    <tag k="source" v="Gerencia de Transporte Metropolitano de Trujillo"/>
    <tag k="ref" v="PE-99"/>
  <tag k="network" v="Transporte Público Urbano Trujillo"/></node>
  <node id="-803" lat="-8.0751990" lon="-79.0229329" visible="true">
    <tag k="public_transport" v="platform"/>
    <tag k="bus" v="yes"/>
    <tag k="highway" v="bus_stop"/>
    <tag k="source" v="Gerencia de Transporte Metropolitano de Trujillo"/>
    <tag k="ref" v="PFM-100"/>
  <tag k="network" v="Transporte Público Urbano Trujillo"/></node>
  <node id="-804" lat="-8.0805455" lon="-79.0189497" visible="true">
    <tag k="public_transport" v="platform"/>
    <tag k="bus" v="yes"/>
    <tag k="highway" v="bus_stop"/>
    <tag k="source" v="Gerencia de Transporte Metropolitano de Trujillo"/>
    <tag k="ref" v="PFM-101"/>
  <tag k="network" v="Transporte Público Urbano Trujillo"/></node>
  <node id="-805" lat="-8.0796036" lon="-79.0158208" visible="true">
    <tag k="public_transport" v="platform"/>
    <tag k="bus" v="yes"/>
    <tag k="highway" v="bus_stop"/>
    <tag k="source" v="Gerencia de Transporte Metropolitano de Trujillo"/>
    <tag k="ref" v="PFM-102"/>
  <tag k="network" v="Transporte Público Urbano Trujillo"/></node>
  <node id="-806" lat="-8.0806553" lon="-79.0190132" visible="true">
    <tag k="public_transport" v="platform"/>
    <tag k="bus" v="yes"/>
    <tag k="highway" v="bus_stop"/>
    <tag k="source" v="Gerencia de Transporte Metropolitano de Trujillo"/>
    <tag k="ref" v="PFM-104"/>
  <tag k="network" v="Transporte Público Urbano Trujillo"/></node>
  <node id="-807" lat="-8.0768681" lon="-79.0226164" visible="true">
    <tag k="public_transport" v="platform"/>
    <tag k="bus" v="yes"/>
    <tag k="highway" v="bus_stop"/>
    <tag k="source" v="Gerencia de Transporte Metropolitano de Trujillo"/>
    <tag k="ref" v="PFM-105"/>
  <tag k="network" v="Transporte Público Urbano Trujillo"/></node>
  <node id="-808" lat="-8.0768976" lon="-79.0225113" visible="true">
    <tag k="public_transport" v="platform"/>
    <tag k="bus" v="yes"/>
    <tag k="highway" v="bus_stop"/>
    <tag k="source" v="Gerencia de Transporte Metropolitano de Trujillo"/>
    <tag k="ref" v="PFM-106"/>
  <tag k="network" v="Transporte Público Urbano Trujillo"/></node>
  <node id="-809" lat="-8.0831286" lon="-79.0242209" visible="true">
    <tag k="public_transport" v="platform"/>
    <tag k="bus" v="yes"/>
    <tag k="highway" v="bus_stop"/>
    <tag k="source" v="Gerencia de Transporte Metropolitano de Trujillo"/>
    <tag k="ref" v="PFM-11"/>
  <tag k="network" v="Transporte Público Urbano Trujillo"/></node>
  <node id="-810" lat="-8.0830520" lon="-79.0242926" visible="true">
    <tag k="public_transport" v="platform"/>
    <tag k="bus" v="yes"/>
    <tag k="highway" v="bus_stop"/>
    <tag k="source" v="Gerencia de Transporte Metropolitano de Trujillo"/>
    <tag k="ref" v="PFM-12"/>
  <tag k="network" v="Transporte Público Urbano Trujillo"/></node>
  <node id="-811" lat="-8.0776594" lon="-79.0248784" visible="true">
    <tag k="public_transport" v="platform"/>
    <tag k="bus" v="yes"/>
    <tag k="highway" v="bus_stop"/>
    <tag k="source" v="Gerencia de Transporte Metropolitano de Trujillo"/>
    <tag k="ref" v="PFM-15"/>
  <tag k="network" v="Transporte Público Urbano Trujillo"/></node>
  <node id="-812" lat="-8.0761330" lon="-79.0203772" visible="true">
    <tag k="public_transport" v="platform"/>
    <tag k="bus" v="yes"/>
    <tag k="highway" v="bus_stop"/>
    <tag k="source" v="Gerencia de Transporte Metropolitano de Trujillo"/>
    <tag k="ref" v="PFM-16"/>
  <tag k="network" v="Transporte Público Urbano Trujillo"/></node>
  <node id="-813" lat="-8.0797043" lon="-79.0196721" visible="true">
    <tag k="public_transport" v="platform"/>
    <tag k="bus" v="yes"/>
    <tag k="highway" v="bus_stop"/>
    <tag k="source" v="Gerencia de Transporte Metropolitano de Trujillo"/>
    <tag k="ref" v="PFM-17"/>
  <tag k="network" v="Transporte Público Urbano Trujillo"/></node>
  <node id="-814" lat="-8.0839135" lon="-79.0187287" visible="true">
    <tag k="public_transport" v="platform"/>
    <tag k="bus" v="yes"/>
    <tag k="highway" v="bus_stop"/>
    <tag k="source" v="Gerencia de Transporte Metropolitano de Trujillo"/>
    <tag k="ref" v="PFM-18"/>
  <tag k="network" v="Transporte Público Urbano Trujillo"/></node>
  <node id="-815" lat="-8.0803007" lon="-79.0122048" visible="true">
    <tag k="public_transport" v="platform"/>
    <tag k="bus" v="yes"/>
    <tag k="highway" v="bus_stop"/>
    <tag k="source" v="Gerencia de Transporte Metropolitano de Trujillo"/>
    <tag k="ref" v="PFM-2"/>
  <tag k="network" v="Transporte Público Urbano Trujillo"/></node>
  <node id="-816" lat="-8.0753421" lon="-79.0136748" visible="true">
    <tag k="public_transport" v="platform"/>
    <tag k="bus" v="yes"/>
    <tag k="highway" v="bus_stop"/>
    <tag k="source" v="Gerencia de Transporte Metropolitano de Trujillo"/>
    <tag k="ref" v="PFM-22"/>
  <tag k="network" v="Transporte Público Urbano Trujillo"/></node>
  <node id="-817" lat="-8.0752494" lon="-79.0137516" visible="true">
    <tag k="public_transport" v="platform"/>
    <tag k="bus" v="yes"/>
    <tag k="highway" v="bus_stop"/>
    <tag k="source" v="Gerencia de Transporte Metropolitano de Trujillo"/>
    <tag k="ref" v="PFM-23"/>
  <tag k="network" v="Transporte Público Urbano Trujillo"/></node>
  <node id="-818" lat="-8.0857796" lon="-79.0165788" visible="true">
    <tag k="public_transport" v="platform"/>
    <tag k="bus" v="yes"/>
    <tag k="highway" v="bus_stop"/>
    <tag k="source" v="Gerencia de Transporte Metropolitano de Trujillo"/>
    <tag k="ref" v="PFM-24"/>
  <tag k="network" v="Transporte Público Urbano Trujillo"/></node>
  <node id="-819" lat="-8.0872126" lon="-79.0263157" visible="true">
    <tag k="public_transport" v="platform"/>
    <tag k="bus" v="yes"/>
    <tag k="highway" v="bus_stop"/>
    <tag k="source" v="Gerencia de Transporte Metropolitano de Trujillo"/>
    <tag k="ref" v="PFM-25"/>
  <tag k="network" v="Transporte Público Urbano Trujillo"/></node>
  <node id="-820" lat="-8.0867401" lon="-79.0226666" visible="true">
    <tag k="public_transport" v="platform"/>
    <tag k="bus" v="yes"/>
    <tag k="highway" v="bus_stop"/>
    <tag k="source" v="Gerencia de Transporte Metropolitano de Trujillo"/>
    <tag k="ref" v="PFM-26"/>
  <tag k="network" v="Transporte Público Urbano Trujillo"/></node>
  <node id="-821" lat="-8.0863014" lon="-79.0199551" visible="true">
    <tag k="public_transport" v="platform"/>
    <tag k="bus" v="yes"/>
    <tag k="highway" v="bus_stop"/>
    <tag k="source" v="Gerencia de Transporte Metropolitano de Trujillo"/>
    <tag k="ref" v="PFM-27"/>
  <tag k="network" v="Transporte Público Urbano Trujillo"/></node>
  <node id="-822" lat="-8.0837409" lon="-79.0188501" visible="true">
    <tag k="public_transport" v="platform"/>
    <tag k="bus" v="yes"/>
    <tag k="highway" v="bus_stop"/>
    <tag k="source" v="Gerencia de Transporte Metropolitano de Trujillo"/>
    <tag k="ref" v="PFM-28"/>
  <tag k="network" v="Transporte Público Urbano Trujillo"/></node>
  <node id="-823" lat="-8.0845681" lon="-79.0232741" visible="true">
    <tag k="public_transport" v="platform"/>
    <tag k="bus" v="yes"/>
    <tag k="highway" v="bus_stop"/>
    <tag k="source" v="Gerencia de Transporte Metropolitano de Trujillo"/>
    <tag k="ref" v="PFM-29"/>
  <tag k="network" v="Transporte Público Urbano Trujillo"/></node>
  <node id="-824" lat="-8.0728595" lon="-79.0209204" visible="true">
    <tag k="public_transport" v="platform"/>
    <tag k="bus" v="yes"/>
    <tag k="highway" v="bus_stop"/>
    <tag k="source" v="Gerencia de Transporte Metropolitano de Trujillo"/>
    <tag k="ref" v="PFM-3"/>
  <tag k="network" v="Transporte Público Urbano Trujillo"/></node>
  <node id="-825" lat="-8.0796005" lon="-79.0197762" visible="true">
    <tag k="public_transport" v="platform"/>
    <tag k="bus" v="yes"/>
    <tag k="highway" v="bus_stop"/>
    <tag k="source" v="Gerencia de Transporte Metropolitano de Trujillo"/>
    <tag k="ref" v="PFM-30"/>
  <tag k="network" v="Transporte Público Urbano Trujillo"/></node>
  <node id="-826" lat="-8.0858925" lon="-79.0166589" visible="true">
    <tag k="public_transport" v="platform"/>
    <tag k="bus" v="yes"/>
    <tag k="highway" v="bus_stop"/>
    <tag k="source" v="Gerencia de Transporte Metropolitano de Trujillo"/>
    <tag k="ref" v="PFM-31"/>
  <tag k="network" v="Transporte Público Urbano Trujillo"/></node>
  <node id="-827" lat="-8.0872923" lon="-79.0263612" visible="true">
    <tag k="public_transport" v="platform"/>
    <tag k="bus" v="yes"/>
    <tag k="highway" v="bus_stop"/>
    <tag k="source" v="Gerencia de Transporte Metropolitano de Trujillo"/>
    <tag k="ref" v="PFM-32"/>
  <tag k="network" v="Transporte Público Urbano Trujillo"/></node>
  <node id="-828" lat="-8.0868323" lon="-79.0227315" visible="true">
    <tag k="public_transport" v="platform"/>
    <tag k="bus" v="yes"/>
    <tag k="highway" v="bus_stop"/>
    <tag k="source" v="Gerencia de Transporte Metropolitano de Trujillo"/>
    <tag k="ref" v="PFM-33"/>
  <tag k="network" v="Transporte Público Urbano Trujillo"/></node>
  <node id="-829" lat="-8.0864100" lon="-79.0200443" visible="true">
    <tag k="public_transport" v="platform"/>
    <tag k="bus" v="yes"/>
    <tag k="highway" v="bus_stop"/>
    <tag k="source" v="Gerencia de Transporte Metropolitano de Trujillo"/>
    <tag k="ref" v="PFM-34"/>
  <tag k="network" v="Transporte Público Urbano Trujillo"/></node>
  <node id="-830" lat="-8.0788277" lon="-79.0263912" visible="true">
    <tag k="public_transport" v="platform"/>
    <tag k="bus" v="yes"/>
    <tag k="highway" v="bus_stop"/>
    <tag k="source" v="Gerencia de Transporte Metropolitano de Trujillo"/>
    <tag k="ref" v="PFM-35"/>
  <tag k="network" v="Transporte Público Urbano Trujillo"/></node>
  <node id="-831" lat="-8.0783783" lon="-79.0175674" visible="true">
    <tag k="public_transport" v="platform"/>
    <tag k="bus" v="yes"/>
    <tag k="highway" v="bus_stop"/>
    <tag k="source" v="Gerencia de Transporte Metropolitano de Trujillo"/>
    <tag k="ref" v="PFM-37"/>
  <tag k="network" v="Transporte Público Urbano Trujillo"/></node>
  <node id="-832" lat="-8.0782727" lon="-79.0175315" visible="true">
    <tag k="public_transport" v="platform"/>
    <tag k="bus" v="yes"/>
    <tag k="highway" v="bus_stop"/>
    <tag k="source" v="Gerencia de Transporte Metropolitano de Trujillo"/>
    <tag k="ref" v="PFM-38"/>
  <tag k="network" v="Transporte Público Urbano Trujillo"/></node>
  <node id="-833" lat="-8.0886950" lon="-79.0265223" visible="true">
    <tag k="public_transport" v="platform"/>
    <tag k="bus" v="yes"/>
    <tag k="highway" v="bus_stop"/>
    <tag k="source" v="Gerencia de Transporte Metropolitano de Trujillo"/>
    <tag k="ref" v="PFM-39"/>
  <tag k="network" v="Transporte Público Urbano Trujillo"/></node>
  <node id="-834" lat="-8.0863649" lon="-79.0267987" visible="true">
    <tag k="public_transport" v="platform"/>
    <tag k="bus" v="yes"/>
    <tag k="highway" v="bus_stop"/>
    <tag k="source" v="Gerencia de Transporte Metropolitano de Trujillo"/>
    <tag k="ref" v="PFM-41"/>
  <tag k="network" v="Transporte Público Urbano Trujillo"/></node>
  <node id="-835" lat="-8.0841867" lon="-79.0270852" visible="true">
    <tag k="public_transport" v="platform"/>
    <tag k="bus" v="yes"/>
    <tag k="highway" v="bus_stop"/>
    <tag k="source" v="Gerencia de Transporte Metropolitano de Trujillo"/>
    <tag k="ref" v="PFM-42"/>
  <tag k="network" v="Transporte Público Urbano Trujillo"/></node>
  <node id="-836" lat="-8.0821844" lon="-79.0273156" visible="true">
    <tag k="public_transport" v="platform"/>
    <tag k="bus" v="yes"/>
    <tag k="highway" v="bus_stop"/>
    <tag k="source" v="Gerencia de Transporte Metropolitano de Trujillo"/>
    <tag k="ref" v="PFM-43"/>
  <tag k="network" v="Transporte Público Urbano Trujillo"/></node>
  <node id="-837" lat="-8.0799614" lon="-79.0276230" visible="true">
    <tag k="public_transport" v="platform"/>
    <tag k="bus" v="yes"/>
    <tag k="highway" v="bus_stop"/>
    <tag k="source" v="Gerencia de Transporte Metropolitano de Trujillo"/>
    <tag k="ref" v="PFM-44"/>
  <tag k="network" v="Transporte Público Urbano Trujillo"/></node>
  <node id="-838" lat="-8.0805819" lon="-79.0303300" visible="true">
    <tag k="public_transport" v="platform"/>
    <tag k="bus" v="yes"/>
    <tag k="highway" v="bus_stop"/>
    <tag k="source" v="Gerencia de Transporte Metropolitano de Trujillo"/>
    <tag k="ref" v="PFM-49"/>
  <tag k="network" v="Transporte Público Urbano Trujillo"/></node>
  <node id="-839" lat="-8.0876268" lon="-79.0300744" visible="true">
    <tag k="public_transport" v="platform"/>
    <tag k="bus" v="yes"/>
    <tag k="highway" v="bus_stop"/>
    <tag k="source" v="Gerencia de Transporte Metropolitano de Trujillo"/>
    <tag k="ref" v="PFM-5"/>
  <tag k="network" v="Transporte Público Urbano Trujillo"/></node>
  <node id="-840" lat="-8.0802882" lon="-79.0271940" visible="true">
    <tag k="public_transport" v="platform"/>
    <tag k="bus" v="yes"/>
    <tag k="highway" v="bus_stop"/>
    <tag k="source" v="Gerencia de Transporte Metropolitano de Trujillo"/>
    <tag k="ref" v="PFM-50"/>
  <tag k="network" v="Transporte Público Urbano Trujillo"/></node>
  <node id="-841" lat="-8.0799520" lon="-79.0234545" visible="true">
    <tag k="public_transport" v="platform"/>
    <tag k="bus" v="yes"/>
    <tag k="highway" v="bus_stop"/>
    <tag k="source" v="Gerencia de Transporte Metropolitano de Trujillo"/>
    <tag k="ref" v="PFM-51"/>
  <tag k="network" v="Transporte Público Urbano Trujillo"/></node>
  <node id="-842" lat="-8.0770030" lon="-79.0158262" visible="true">
    <tag k="public_transport" v="platform"/>
    <tag k="bus" v="yes"/>
    <tag k="highway" v="bus_stop"/>
    <tag k="source" v="Gerencia de Transporte Metropolitano de Trujillo"/>
    <tag k="ref" v="PFM-55"/>
  <tag k="network" v="Transporte Público Urbano Trujillo"/></node>
  <node id="-843" lat="-8.0744894" lon="-79.0173726" visible="true">
    <tag k="public_transport" v="platform"/>
    <tag k="bus" v="yes"/>
    <tag k="highway" v="bus_stop"/>
    <tag k="source" v="Gerencia de Transporte Metropolitano de Trujillo"/>
    <tag k="ref" v="PFM-59"/>
  <tag k="network" v="Transporte Público Urbano Trujillo"/></node>
  <node id="-844" lat="-8.0747301" lon="-79.0167376" visible="true">
    <tag k="public_transport" v="platform"/>
    <tag k="bus" v="yes"/>
    <tag k="highway" v="bus_stop"/>
    <tag k="source" v="Gerencia de Transporte Metropolitano de Trujillo"/>
    <tag k="ref" v="PFM-61"/>
  <tag k="network" v="Transporte Público Urbano Trujillo"/></node>
  <node id="-845" lat="-8.0836505" lon="-79.0253288" visible="true">
    <tag k="public_transport" v="platform"/>
    <tag k="bus" v="yes"/>
    <tag k="highway" v="bus_stop"/>
    <tag k="source" v="Gerencia de Transporte Metropolitano de Trujillo"/>
    <tag k="ref" v="PFM-64"/>
  <tag k="network" v="Transporte Público Urbano Trujillo"/></node>
  <node id="-846" lat="-8.0838647" lon="-79.0280780" visible="true">
    <tag k="public_transport" v="platform"/>
    <tag k="bus" v="yes"/>
    <tag k="highway" v="bus_stop"/>
    <tag k="source" v="Gerencia de Transporte Metropolitano de Trujillo"/>
    <tag k="ref" v="PFM-66"/>
  <tag k="network" v="Transporte Público Urbano Trujillo"/></node>
  <node id="-847" lat="-8.0839012" lon="-79.0279664" visible="true">
    <tag k="public_transport" v="platform"/>
    <tag k="bus" v="yes"/>
    <tag k="highway" v="bus_stop"/>
    <tag k="source" v="Gerencia de Transporte Metropolitano de Trujillo"/>
    <tag k="ref" v="PFM-67"/>
  <tag k="network" v="Transporte Público Urbano Trujillo"/></node>
  <node id="-848" lat="-8.0738151" lon="-79.0251873" visible="true">
    <tag k="public_transport" v="platform"/>
    <tag k="bus" v="yes"/>
    <tag k="highway" v="bus_stop"/>
    <tag k="source" v="Gerencia de Transporte Metropolitano de Trujillo"/>
    <tag k="ref" v="PFM-7"/>
  <tag k="network" v="Transporte Público Urbano Trujillo"/></node>
  <node id="-849" lat="-8.0846388" lon="-79.0255837" visible="true">
    <tag k="public_transport" v="platform"/>
    <tag k="bus" v="yes"/>
    <tag k="highway" v="bus_stop"/>
    <tag k="source" v="Gerencia de Transporte Metropolitano de Trujillo"/>
    <tag k="ref" v="PFM-70"/>
  <tag k="network" v="Transporte Público Urbano Trujillo"/></node>
  <node id="-850" lat="-8.0878795" lon="-79.0251283" visible="true">
    <tag k="public_transport" v="platform"/>
    <tag k="bus" v="yes"/>
    <tag k="highway" v="bus_stop"/>
    <tag k="source" v="Gerencia de Transporte Metropolitano de Trujillo"/>
    <tag k="ref" v="PFM-72"/>
  <tag k="network" v="Transporte Público Urbano Trujillo"/></node>
  <node id="-851" lat="-8.0807811" lon="-79.0220543" visible="true">
    <tag k="public_transport" v="platform"/>
    <tag k="bus" v="yes"/>
    <tag k="highway" v="bus_stop"/>
    <tag k="source" v="Gerencia de Transporte Metropolitano de Trujillo"/>
    <tag k="ref" v="PFM-76"/>
  <tag k="network" v="Transporte Público Urbano Trujillo"/></node>
  <node id="-852" lat="-8.0808623" lon="-79.0256418" visible="true">
    <tag k="public_transport" v="platform"/>
    <tag k="bus" v="yes"/>
    <tag k="highway" v="bus_stop"/>
    <tag k="source" v="Gerencia de Transporte Metropolitano de Trujillo"/>
    <tag k="ref" v="PFM-78"/>
  <tag k="network" v="Transporte Público Urbano Trujillo"/></node>
  <node id="-853" lat="-8.0737220" lon="-79.0252657" visible="true">
    <tag k="public_transport" v="platform"/>
    <tag k="bus" v="yes"/>
    <tag k="highway" v="bus_stop"/>
    <tag k="source" v="Gerencia de Transporte Metropolitano de Trujillo"/>
    <tag k="ref" v="PFM-8"/>
  <tag k="network" v="Transporte Público Urbano Trujillo"/></node>
  <node id="-854" lat="-8.0812042" lon="-79.0294089" visible="true">
    <tag k="public_transport" v="platform"/>
    <tag k="bus" v="yes"/>
    <tag k="highway" v="bus_stop"/>
    <tag k="source" v="Gerencia de Transporte Metropolitano de Trujillo"/>
    <tag k="ref" v="PFM-80"/>
  <tag k="network" v="Transporte Público Urbano Trujillo"/></node>
  <node id="-855" lat="-8.0789068" lon="-79.0294529" visible="true">
    <tag k="public_transport" v="platform"/>
    <tag k="bus" v="yes"/>
    <tag k="highway" v="bus_stop"/>
    <tag k="source" v="Gerencia de Transporte Metropolitano de Trujillo"/>
    <tag k="ref" v="PFM-82"/>
  <tag k="network" v="Transporte Público Urbano Trujillo"/></node>
  <node id="-856" lat="-8.0727021" lon="-79.0275422" visible="true">
    <tag k="public_transport" v="platform"/>
    <tag k="bus" v="yes"/>
    <tag k="highway" v="bus_stop"/>
    <tag k="source" v="Gerencia de Transporte Metropolitano de Trujillo"/>
    <tag k="ref" v="PFM-88"/>
  <tag k="network" v="Transporte Público Urbano Trujillo"/></node>
  <node id="-857" lat="-8.0780774" lon="-79.0296014" visible="true">
    <tag k="public_transport" v="platform"/>
    <tag k="bus" v="yes"/>
    <tag k="highway" v="bus_stop"/>
    <tag k="source" v="Gerencia de Transporte Metropolitano de Trujillo"/>
    <tag k="ref" v="PFM-90"/>
  <tag k="network" v="Transporte Público Urbano Trujillo"/></node>
  <node id="-858" lat="-8.0756145" lon="-79.0300411" visible="true">
    <tag k="public_transport" v="platform"/>
    <tag k="bus" v="yes"/>
    <tag k="highway" v="bus_stop"/>
    <tag k="source" v="Gerencia de Transporte Metropolitano de Trujillo"/>
    <tag k="ref" v="PFM-92"/>
  <tag k="network" v="Transporte Público Urbano Trujillo"/></node>
  <node id="-859" lat="-8.0728057" lon="-79.0294648" visible="true">
    <tag k="public_transport" v="platform"/>
    <tag k="bus" v="yes"/>
    <tag k="highway" v="bus_stop"/>
    <tag k="source" v="Gerencia de Transporte Metropolitano de Trujillo"/>
    <tag k="ref" v="PFM-94"/>
  <tag k="network" v="Transporte Público Urbano Trujillo"/></node>
  <node id="-860" lat="-8.0757594" lon="-79.0257714" visible="true">
    <tag k="public_transport" v="platform"/>
    <tag k="bus" v="yes"/>
    <tag k="highway" v="bus_stop"/>
    <tag k="source" v="Gerencia de Transporte Metropolitano de Trujillo"/>
    <tag k="ref" v="PFM-96"/>
  <tag k="network" v="Transporte Público Urbano Trujillo"/></node>
  <node id="-861" lat="-8.0885672" lon="-79.1152844" visible="true">
    <tag k="public_transport" v="platform"/>
    <tag k="bus" v="yes"/>
    <tag k="highway" v="bus_stop"/>
    <tag k="source" v="Gerencia de Transporte Metropolitano de Trujillo"/>
    <tag k="ref" v="PH-1"/>
  <tag k="network" v="Transporte Público Urbano Trujillo"/></node>
  <node id="-862" lat="-8.0785825" lon="-79.1204700" visible="true">
    <tag k="public_transport" v="platform"/>
    <tag k="bus" v="yes"/>
    <tag k="highway" v="bus_stop"/>
    <tag k="source" v="Gerencia de Transporte Metropolitano de Trujillo"/>
    <tag k="ref" v="PH-10"/>
  <tag k="network" v="Transporte Público Urbano Trujillo"/></node>
  <node id="-863" lat="-8.0012454" lon="-79.0722103" visible="true">
    <tag k="public_transport" v="platform"/>
    <tag k="bus" v="yes"/>
    <tag k="highway" v="bus_stop"/>
    <tag k="source" v="Gerencia de Transporte Metropolitano de Trujillo"/>
    <tag k="ref" v="PH-104"/>
  <tag k="network" v="Transporte Público Urbano Trujillo"/></node>
  <node id="-864" lat="-8.0142274" lon="-79.0663054" visible="true">
    <tag k="public_transport" v="platform"/>
    <tag k="bus" v="yes"/>
    <tag k="highway" v="bus_stop"/>
    <tag k="source" v="Gerencia de Transporte Metropolitano de Trujillo"/>
    <tag k="ref" v="PH-106"/>
  <tag k="network" v="Transporte Público Urbano Trujillo"/></node>
  <node id="-865" lat="-8.0354181" lon="-79.0637393" visible="true">
    <tag k="public_transport" v="platform"/>
    <tag k="bus" v="yes"/>
    <tag k="highway" v="bus_stop"/>
    <tag k="source" v="Gerencia de Transporte Metropolitano de Trujillo"/>
    <tag k="ref" v="PH-108"/>
  <tag k="network" v="Transporte Público Urbano Trujillo"/></node>
  <node id="11911534030" lat="-8.0235139" lon="-79.0648297" version="4" action="modify">
    <tag k="advertising" v="no"/>
    <tag k="bench" v="yes"/>
    <tag k="bicycle_parking" v="no"/>
    <tag k="bin" v="no"/>
    <tag k="bus" v="yes"/>
    <tag k="departures_board" v="no"/>
    <tag k="highway" v="bus_stop"/>
    <tag k="level" v="0"/>
    <tag k="lit" v="no"/>
    <tag k="name" v="Calle Alfonso Ugarte"/>
    <tag k="passenger_information_display:speech_output" v="no"/>
    <tag k="pole" v="yes"/>
    <tag k="public_transport" v="platform"/>
    <tag k="ramp" v="no"/>
    <tag k="ref" v="PH-111"/>
    <tag k="shelter" v="yes"/>
    <tag k="tactile_paving" v="no"/>
    <tag k="tactile_writing:braille:es" v="no"/>
  <tag k="network" v="Transporte Público Urbano Trujillo"/><tag k="source:ref" v="Gerencia de Transporte Metropolitano de Trujillo"/></node>
  <node id="-866" lat="-8.0342637" lon="-79.0613915" visible="true">
    <tag k="public_transport" v="platform"/>
    <tag k="bus" v="yes"/>
    <tag k="highway" v="bus_stop"/>
    <tag k="source" v="Gerencia de Transporte Metropolitano de Trujillo"/>
    <tag k="ref" v="PH-114"/>
  <tag k="network" v="Transporte Público Urbano Trujillo"/></node>
  <node id="-867" lat="-8.0376507" lon="-79.0602041" visible="true">
    <tag k="public_transport" v="platform"/>
    <tag k="bus" v="yes"/>
    <tag k="highway" v="bus_stop"/>
    <tag k="source" v="Gerencia de Transporte Metropolitano de Trujillo"/>
    <tag k="ref" v="PH-115"/>
  <tag k="network" v="Transporte Público Urbano Trujillo"/></node>
  <node id="-868" lat="-8.0860040" lon="-79.1222823" visible="true">
    <tag k="public_transport" v="platform"/>
    <tag k="bus" v="yes"/>
    <tag k="highway" v="bus_stop"/>
    <tag k="source" v="Gerencia de Transporte Metropolitano de Trujillo"/>
    <tag k="ref" v="PH-12"/>
  <tag k="network" v="Transporte Público Urbano Trujillo"/></node>
  <node id="-869" lat="-8.0512139" lon="-79.0844214" visible="true">
    <tag k="public_transport" v="platform"/>
    <tag k="bus" v="yes"/>
    <tag k="highway" v="bus_stop"/>
    <tag k="source" v="Gerencia de Transporte Metropolitano de Trujillo"/>
    <tag k="ref" v="PH-120"/>
  <tag k="network" v="Transporte Público Urbano Trujillo"/></node>
  <node id="-870" lat="-8.0525756" lon="-79.0817881" visible="true">
    <tag k="public_transport" v="platform"/>
    <tag k="bus" v="yes"/>
    <tag k="highway" v="bus_stop"/>
    <tag k="source" v="Gerencia de Transporte Metropolitano de Trujillo"/>
    <tag k="ref" v="PH-121"/>
  <tag k="network" v="Transporte Público Urbano Trujillo"/></node>
  <node id="-871" lat="-8.0203087" lon="-79.0706564" visible="true">
    <tag k="public_transport" v="platform"/>
    <tag k="bus" v="yes"/>
    <tag k="highway" v="bus_stop"/>
    <tag k="source" v="Gerencia de Transporte Metropolitano de Trujillo"/>
    <tag k="ref" v="PH-123"/>
  <tag k="network" v="Transporte Público Urbano Trujillo"/></node>
  <node id="-872" lat="-8.0262537" lon="-79.0683855" visible="true">
    <tag k="public_transport" v="platform"/>
    <tag k="bus" v="yes"/>
    <tag k="highway" v="bus_stop"/>
    <tag k="source" v="Gerencia de Transporte Metropolitano de Trujillo"/>
    <tag k="ref" v="PH-124"/>
  <tag k="network" v="Transporte Público Urbano Trujillo"/></node>
  <node id="-873" lat="-8.0229589" lon="-79.0696453" visible="true">
    <tag k="public_transport" v="platform"/>
    <tag k="bus" v="yes"/>
    <tag k="highway" v="bus_stop"/>
    <tag k="source" v="Gerencia de Transporte Metropolitano de Trujillo"/>
    <tag k="ref" v="PH-126"/>
  <tag k="network" v="Transporte Público Urbano Trujillo"/></node>
  <node id="-874" lat="-8.0355406" lon="-79.0639400" visible="true">
    <tag k="public_transport" v="platform"/>
    <tag k="bus" v="yes"/>
    <tag k="highway" v="bus_stop"/>
    <tag k="source" v="Gerencia de Transporte Metropolitano de Trujillo"/>
    <tag k="ref" v="PH-127"/>
  <tag k="network" v="Transporte Público Urbano Trujillo"/></node>
  <node id="-875" lat="-8.0191580" lon="-79.0661336" visible="true">
    <tag k="public_transport" v="platform"/>
    <tag k="bus" v="yes"/>
    <tag k="highway" v="bus_stop"/>
    <tag k="source" v="Gerencia de Transporte Metropolitano de Trujillo"/>
    <tag k="ref" v="PH-129"/>
  <tag k="network" v="Transporte Público Urbano Trujillo"/></node>
  <node id="12121155280" lat="-8.0892780" lon="-79.1195454" version="2" action="modify">
    <tag k="advertising" v="no"/>
    <tag k="bench" v="yes"/>
    <tag k="bicycle_parking" v="no"/>
    <tag k="bin" v="no"/>
    <tag k="bus" v="yes"/>
    <tag k="departures_board" v="no"/>
    <tag k="highway" v="bus_stop"/>
    <tag k="level" v="0"/>
    <tag k="lit" v="no"/>
    <tag k="name" v="Avenida la Rivera"/>
    <tag k="passenger_information_display:speech_output" v="no"/>
    <tag k="pole" v="no"/>
    <tag k="public_transport" v="platform"/>
    <tag k="ramp" v="no"/>
    <tag k="ref" v="PH-13"/>
    <tag k="shelter" v="yes"/>
    <tag k="tactile_paving" v="no"/>
    <tag k="tactile_writing:braille:es" v="no"/>
  <tag k="network" v="Transporte Público Urbano Trujillo"/><tag k="source:ref" v="Gerencia de Transporte Metropolitano de Trujillo"/></node>
  <node id="-876" lat="-8.0229559" lon="-79.0649224" visible="true">
    <tag k="public_transport" v="platform"/>
    <tag k="bus" v="yes"/>
    <tag k="highway" v="bus_stop"/>
    <tag k="source" v="Gerencia de Transporte Metropolitano de Trujillo"/>
    <tag k="ref" v="PH-130"/>
  <tag k="network" v="Transporte Público Urbano Trujillo"/></node>
  <node id="-877" lat="-8.0344887" lon="-79.0611403" visible="true">
    <tag k="public_transport" v="platform"/>
    <tag k="bus" v="yes"/>
    <tag k="highway" v="bus_stop"/>
    <tag k="source" v="Gerencia de Transporte Metropolitano de Trujillo"/>
    <tag k="ref" v="PH-133"/>
  <tag k="network" v="Transporte Público Urbano Trujillo"/></node>
  <node id="-878" lat="-8.0913396" lon="-79.1179093" visible="true">
    <tag k="public_transport" v="platform"/>
    <tag k="bus" v="yes"/>
    <tag k="highway" v="bus_stop"/>
    <tag k="source" v="Gerencia de Transporte Metropolitano de Trujillo"/>
    <tag k="ref" v="PH-14"/>
  <tag k="network" v="Transporte Público Urbano Trujillo"/></node>
  <node id="-879" lat="-8.0117564" lon="-79.0686155" visible="true">
    <tag k="public_transport" v="platform"/>
    <tag k="bus" v="yes"/>
    <tag k="highway" v="bus_stop"/>
    <tag k="source" v="Gerencia de Transporte Metropolitano de Trujillo"/>
    <tag k="ref" v="PH-140"/>
  <tag k="network" v="Transporte Público Urbano Trujillo"/></node>
  <node id="-880" lat="-8.0144948" lon="-79.0661484" visible="true">
    <tag k="public_transport" v="platform"/>
    <tag k="bus" v="yes"/>
    <tag k="highway" v="bus_stop"/>
    <tag k="source" v="Gerencia de Transporte Metropolitano de Trujillo"/>
    <tag k="ref" v="PH-141"/>
  <tag k="network" v="Transporte Público Urbano Trujillo"/></node>
  <node id="-881" lat="-8.0294670" lon="-79.0673487" visible="true">
    <tag k="public_transport" v="platform"/>
    <tag k="bus" v="yes"/>
    <tag k="highway" v="bus_stop"/>
    <tag k="source" v="Gerencia de Transporte Metropolitano de Trujillo"/>
    <tag k="ref" v="PH-143"/>
  <tag k="network" v="Transporte Público Urbano Trujillo"/></node>
  <node id="-882" lat="-8.0343478" lon="-79.0671909" visible="true">
    <tag k="public_transport" v="platform"/>
    <tag k="bus" v="yes"/>
    <tag k="highway" v="bus_stop"/>
    <tag k="source" v="Gerencia de Transporte Metropolitano de Trujillo"/>
    <tag k="ref" v="PH-145"/>
  <tag k="network" v="Transporte Público Urbano Trujillo"/></node>
  <node id="-883" lat="-8.0364477" lon="-79.0708489" visible="true">
    <tag k="public_transport" v="platform"/>
    <tag k="bus" v="yes"/>
    <tag k="highway" v="bus_stop"/>
    <tag k="source" v="Gerencia de Transporte Metropolitano de Trujillo"/>
    <tag k="ref" v="PH-147"/>
  <tag k="network" v="Transporte Público Urbano Trujillo"/></node>
  <node id="-884" lat="-8.0447344" lon="-79.0731429" visible="true">
    <tag k="public_transport" v="platform"/>
    <tag k="bus" v="yes"/>
    <tag k="highway" v="bus_stop"/>
    <tag k="source" v="Gerencia de Transporte Metropolitano de Trujillo"/>
    <tag k="ref" v="PH-152"/>
  <tag k="network" v="Transporte Público Urbano Trujillo"/></node>
  <node id="-885" lat="-8.0449004" lon="-79.0730631" visible="true">
    <tag k="public_transport" v="platform"/>
    <tag k="bus" v="yes"/>
    <tag k="highway" v="bus_stop"/>
    <tag k="source" v="Gerencia de Transporte Metropolitano de Trujillo"/>
    <tag k="ref" v="PH-153"/>
  <tag k="network" v="Transporte Público Urbano Trujillo"/></node>
  <node id="-886" lat="-8.0383547" lon="-79.0725194" visible="true">
    <tag k="public_transport" v="platform"/>
    <tag k="bus" v="yes"/>
    <tag k="highway" v="bus_stop"/>
    <tag k="source" v="Gerencia de Transporte Metropolitano de Trujillo"/>
    <tag k="ref" v="PH-158"/>
  <tag k="network" v="Transporte Público Urbano Trujillo"/></node>
  <node id="-887" lat="-8.0383650" lon="-79.0724132" visible="true">
    <tag k="public_transport" v="platform"/>
    <tag k="bus" v="yes"/>
    <tag k="highway" v="bus_stop"/>
    <tag k="source" v="Gerencia de Transporte Metropolitano de Trujillo"/>
    <tag k="ref" v="PH-159"/>
  <tag k="network" v="Transporte Público Urbano Trujillo"/></node>
  <node id="-888" lat="-8.0999365" lon="-79.0568686" visible="true">
    <tag k="public_transport" v="platform"/>
    <tag k="bus" v="yes"/>
    <tag k="highway" v="bus_stop"/>
    <tag k="source" v="Gerencia de Transporte Metropolitano de Trujillo"/>
    <tag k="ref" v="PH-164"/>
  <tag k="network" v="Transporte Público Urbano Trujillo"/></node>
  <node id="-889" lat="-8.0963821" lon="-79.0556056" visible="true">
    <tag k="public_transport" v="platform"/>
    <tag k="bus" v="yes"/>
    <tag k="highway" v="bus_stop"/>
    <tag k="source" v="Gerencia de Transporte Metropolitano de Trujillo"/>
    <tag k="ref" v="PH-166"/>
  <tag k="network" v="Transporte Público Urbano Trujillo"/></node>
  <node id="-890" lat="-8.0678713" lon="-79.1116806" visible="true">
    <tag k="public_transport" v="platform"/>
    <tag k="bus" v="yes"/>
    <tag k="highway" v="bus_stop"/>
    <tag k="source" v="Gerencia de Transporte Metropolitano de Trujillo"/>
    <tag k="ref" v="PH-18"/>
  <tag k="network" v="Transporte Público Urbano Trujillo"/></node>
  <node id="-891" lat="-8.0862166" lon="-79.1144837" visible="true">
    <tag k="public_transport" v="platform"/>
    <tag k="bus" v="yes"/>
    <tag k="highway" v="bus_stop"/>
    <tag k="source" v="Gerencia de Transporte Metropolitano de Trujillo"/>
    <tag k="ref" v="PH-2"/>
  <tag k="network" v="Transporte Público Urbano Trujillo"/></node>
  <node id="-892" lat="-8.0735226" lon="-79.1143749" visible="true">
    <tag k="public_transport" v="platform"/>
    <tag k="bus" v="yes"/>
    <tag k="highway" v="bus_stop"/>
    <tag k="source" v="Gerencia de Transporte Metropolitano de Trujillo"/>
    <tag k="ref" v="PH-20"/>
  <tag k="network" v="Transporte Público Urbano Trujillo"/></node>
  <node id="-893" lat="-8.0759939" lon="-79.1154194" visible="true">
    <tag k="public_transport" v="platform"/>
    <tag k="bus" v="yes"/>
    <tag k="highway" v="bus_stop"/>
    <tag k="source" v="Gerencia de Transporte Metropolitano de Trujillo"/>
    <tag k="ref" v="PH-21"/>
  <tag k="network" v="Transporte Público Urbano Trujillo"/></node>
  <node id="-894" lat="-8.0796635" lon="-79.1166180" visible="true">
    <tag k="public_transport" v="platform"/>
    <tag k="bus" v="yes"/>
    <tag k="highway" v="bus_stop"/>
    <tag k="source" v="Gerencia de Transporte Metropolitano de Trujillo"/>
    <tag k="ref" v="PH-22"/>
  <tag k="network" v="Transporte Público Urbano Trujillo"/></node>
  <node id="-895" lat="-8.0925294" lon="-79.1055809" visible="true">
    <tag k="public_transport" v="platform"/>
    <tag k="bus" v="yes"/>
    <tag k="highway" v="bus_stop"/>
    <tag k="source" v="Gerencia de Transporte Metropolitano de Trujillo"/>
    <tag k="ref" v="PH-26"/>
  <tag k="network" v="Transporte Público Urbano Trujillo"/></node>
  <node id="-896" lat="-8.0898534" lon="-79.1189116" visible="true">
    <tag k="public_transport" v="platform"/>
    <tag k="bus" v="yes"/>
    <tag k="highway" v="bus_stop"/>
    <tag k="source" v="Gerencia de Transporte Metropolitano de Trujillo"/>
    <tag k="ref" v="PH-29"/>
  <tag k="network" v="Transporte Público Urbano Trujillo"/></node>
  <node id="-897" lat="-8.0827125" lon="-79.1195836" visible="true">
    <tag k="public_transport" v="platform"/>
    <tag k="bus" v="yes"/>
    <tag k="highway" v="bus_stop"/>
    <tag k="source" v="Gerencia de Transporte Metropolitano de Trujillo"/>
    <tag k="ref" v="PH-33"/>
  <tag k="network" v="Transporte Público Urbano Trujillo"/></node>
  <node id="-898" lat="-8.0815296" lon="-79.1184274" visible="true">
    <tag k="public_transport" v="platform"/>
    <tag k="bus" v="yes"/>
    <tag k="highway" v="bus_stop"/>
    <tag k="source" v="Gerencia de Transporte Metropolitano de Trujillo"/>
    <tag k="ref" v="PH-34"/>
  <tag k="network" v="Transporte Público Urbano Trujillo"/></node>
  <node id="-899" lat="-8.0856184" lon="-79.1143657" visible="true">
    <tag k="public_transport" v="platform"/>
    <tag k="bus" v="yes"/>
    <tag k="highway" v="bus_stop"/>
    <tag k="source" v="Gerencia de Transporte Metropolitano de Trujillo"/>
    <tag k="ref" v="PH-37"/>
  <tag k="network" v="Transporte Público Urbano Trujillo"/></node>
  <node id="-900" lat="-8.0888302" lon="-79.1153856" visible="true">
    <tag k="public_transport" v="platform"/>
    <tag k="bus" v="yes"/>
    <tag k="highway" v="bus_stop"/>
    <tag k="source" v="Gerencia de Transporte Metropolitano de Trujillo"/>
    <tag k="ref" v="PH-38"/>
  <tag k="network" v="Transporte Público Urbano Trujillo"/></node>
  <node id="-901" lat="-8.0754246" lon="-79.1153403" visible="true">
    <tag k="public_transport" v="platform"/>
    <tag k="bus" v="yes"/>
    <tag k="highway" v="bus_stop"/>
    <tag k="source" v="Gerencia de Transporte Metropolitano de Trujillo"/>
    <tag k="ref" v="PH-40"/>
  <tag k="network" v="Transporte Público Urbano Trujillo"/></node>
  <node id="-902" lat="-8.0723531" lon="-79.1156960" visible="true">
    <tag k="public_transport" v="platform"/>
    <tag k="bus" v="yes"/>
    <tag k="highway" v="bus_stop"/>
    <tag k="source" v="Gerencia de Transporte Metropolitano de Trujillo"/>
    <tag k="ref" v="PH-41"/>
  <tag k="network" v="Transporte Público Urbano Trujillo"/></node>
  <node id="-903" lat="-8.0683357" lon="-79.1169754" visible="true">
    <tag k="public_transport" v="platform"/>
    <tag k="bus" v="yes"/>
    <tag k="highway" v="bus_stop"/>
    <tag k="source" v="Gerencia de Transporte Metropolitano de Trujillo"/>
    <tag k="ref" v="PH-42"/>
  <tag k="network" v="Transporte Público Urbano Trujillo"/></node>
  <node id="-904" lat="-8.0912967" lon="-79.0846524" visible="true">
    <tag k="public_transport" v="platform"/>
    <tag k="bus" v="yes"/>
    <tag k="highway" v="bus_stop"/>
    <tag k="source" v="Gerencia de Transporte Metropolitano de Trujillo"/>
    <tag k="ref" v="PH-48"/>
  <tag k="network" v="Transporte Público Urbano Trujillo"/></node>
  <node id="-905" lat="-8.0925669" lon="-79.0803176" visible="true">
    <tag k="public_transport" v="platform"/>
    <tag k="bus" v="yes"/>
    <tag k="highway" v="bus_stop"/>
    <tag k="source" v="Gerencia de Transporte Metropolitano de Trujillo"/>
    <tag k="ref" v="PH-49"/>
  <tag k="network" v="Transporte Público Urbano Trujillo"/></node>
  <node id="-906" lat="-8.0932446" lon="-79.0765552" visible="true">
    <tag k="public_transport" v="platform"/>
    <tag k="bus" v="yes"/>
    <tag k="highway" v="bus_stop"/>
    <tag k="source" v="Gerencia de Transporte Metropolitano de Trujillo"/>
    <tag k="ref" v="PH-50"/>
  <tag k="network" v="Transporte Público Urbano Trujillo"/></node>
  <node id="-907" lat="-8.0982767" lon="-79.0687276" visible="true">
    <tag k="public_transport" v="platform"/>
    <tag k="bus" v="yes"/>
    <tag k="highway" v="bus_stop"/>
    <tag k="source" v="Gerencia de Transporte Metropolitano de Trujillo"/>
    <tag k="ref" v="PH-52"/>
  <tag k="network" v="Transporte Público Urbano Trujillo"/></node>
  <node id="-908" lat="-8.0998802" lon="-79.0648293" visible="true">
    <tag k="public_transport" v="platform"/>
    <tag k="bus" v="yes"/>
    <tag k="highway" v="bus_stop"/>
    <tag k="source" v="Gerencia de Transporte Metropolitano de Trujillo"/>
    <tag k="ref" v="PH-53"/>
  <tag k="network" v="Transporte Público Urbano Trujillo"/></node>
  <node id="-909" lat="-8.1004971" lon="-79.0616460" visible="true">
    <tag k="public_transport" v="platform"/>
    <tag k="bus" v="yes"/>
    <tag k="highway" v="bus_stop"/>
    <tag k="source" v="Gerencia de Transporte Metropolitano de Trujillo"/>
    <tag k="ref" v="PH-54"/>
  <tag k="network" v="Transporte Público Urbano Trujillo"/></node>
  <node id="-910" lat="-8.1027977" lon="-79.1028561" visible="true">
    <tag k="public_transport" v="platform"/>
    <tag k="bus" v="yes"/>
    <tag k="highway" v="bus_stop"/>
    <tag k="source" v="Gerencia de Transporte Metropolitano de Trujillo"/>
    <tag k="ref" v="PH-56"/>
  <tag k="network" v="Transporte Público Urbano Trujillo"/></node>
  <node id="-911" lat="-8.0799599" lon="-79.1185439" visible="true">
    <tag k="public_transport" v="platform"/>
    <tag k="bus" v="yes"/>
    <tag k="highway" v="bus_stop"/>
    <tag k="source" v="Gerencia de Transporte Metropolitano de Trujillo"/>
    <tag k="ref" v="PH-6"/>
  <tag k="network" v="Transporte Público Urbano Trujillo"/></node>
  <node id="-912" lat="-8.0995630" lon="-79.0649709" visible="true">
    <tag k="public_transport" v="platform"/>
    <tag k="bus" v="yes"/>
    <tag k="highway" v="bus_stop"/>
    <tag k="source" v="Gerencia de Transporte Metropolitano de Trujillo"/>
    <tag k="ref" v="PH-66"/>
  <tag k="network" v="Transporte Público Urbano Trujillo"/></node>
  <node id="-913" lat="-8.0910791" lon="-79.0846485" visible="true">
    <tag k="public_transport" v="platform"/>
    <tag k="bus" v="yes"/>
    <tag k="highway" v="bus_stop"/>
    <tag k="source" v="Gerencia de Transporte Metropolitano de Trujillo"/>
    <tag k="ref" v="PH-70"/>
  <tag k="network" v="Transporte Público Urbano Trujillo"/></node>
  <node id="-914" lat="-8.0897285" lon="-79.0885843" visible="true">
    <tag k="public_transport" v="platform"/>
    <tag k="bus" v="yes"/>
    <tag k="highway" v="bus_stop"/>
    <tag k="source" v="Gerencia de Transporte Metropolitano de Trujillo"/>
    <tag k="ref" v="PH-71"/>
  <tag k="network" v="Transporte Público Urbano Trujillo"/></node>
  <node id="-915" lat="-8.0880754" lon="-79.0944991" visible="true">
    <tag k="public_transport" v="platform"/>
    <tag k="bus" v="yes"/>
    <tag k="highway" v="bus_stop"/>
    <tag k="source" v="Gerencia de Transporte Metropolitano de Trujillo"/>
    <tag k="ref" v="PH-80"/>
  <tag k="network" v="Transporte Público Urbano Trujillo"/></node>
  <node id="-916" lat="-8.0878973" lon="-79.0944031" visible="true">
    <tag k="public_transport" v="platform"/>
    <tag k="bus" v="yes"/>
    <tag k="highway" v="bus_stop"/>
    <tag k="source" v="Gerencia de Transporte Metropolitano de Trujillo"/>
    <tag k="ref" v="PH-82"/>
  <tag k="network" v="Transporte Público Urbano Trujillo"/></node>
  <node id="-917" lat="-8.0855391" lon="-79.0526454" visible="true">
    <tag k="public_transport" v="platform"/>
    <tag k="bus" v="yes"/>
    <tag k="highway" v="bus_stop"/>
    <tag k="source" v="Gerencia de Transporte Metropolitano de Trujillo"/>
    <tag k="ref" v="PH-88"/>
  <tag k="network" v="Transporte Público Urbano Trujillo"/></node>
  <node id="-918" lat="-8.0178772" lon="-79.0717329" visible="true">
    <tag k="public_transport" v="platform"/>
    <tag k="bus" v="yes"/>
    <tag k="highway" v="bus_stop"/>
    <tag k="source" v="Gerencia de Transporte Metropolitano de Trujillo"/>
    <tag k="ref" v="PH-89"/>
  <tag k="network" v="Transporte Público Urbano Trujillo"/></node>
  <node id="-919" lat="-8.0203867" lon="-79.0707707" visible="true">
    <tag k="public_transport" v="platform"/>
    <tag k="bus" v="yes"/>
    <tag k="highway" v="bus_stop"/>
    <tag k="source" v="Gerencia de Transporte Metropolitano de Trujillo"/>
    <tag k="ref" v="PH-92"/>
  <tag k="network" v="Transporte Público Urbano Trujillo"/></node>
  <node id="-920" lat="-8.0262616" lon="-79.0685253" visible="true">
    <tag k="public_transport" v="platform"/>
    <tag k="bus" v="yes"/>
    <tag k="highway" v="bus_stop"/>
    <tag k="source" v="Gerencia de Transporte Metropolitano de Trujillo"/>
    <tag k="ref" v="PH-94"/>
  <tag k="network" v="Transporte Público Urbano Trujillo"/></node>
  <node id="-921" lat="-8.0292226" lon="-79.0675175" visible="true">
    <tag k="public_transport" v="platform"/>
    <tag k="bus" v="yes"/>
    <tag k="highway" v="bus_stop"/>
    <tag k="source" v="Gerencia de Transporte Metropolitano de Trujillo"/>
    <tag k="ref" v="PH-95"/>
  <tag k="network" v="Transporte Público Urbano Trujillo"/></node>
  <node id="-922" lat="-8.0318797" lon="-79.0666986" visible="true">
    <tag k="public_transport" v="platform"/>
    <tag k="bus" v="yes"/>
    <tag k="highway" v="bus_stop"/>
    <tag k="source" v="Gerencia de Transporte Metropolitano de Trujillo"/>
    <tag k="ref" v="PH-96"/>
  <tag k="network" v="Transporte Público Urbano Trujillo"/></node>
  <node id="-923" lat="-8.0364955" lon="-79.0707353" visible="true">
    <tag k="public_transport" v="platform"/>
    <tag k="bus" v="yes"/>
    <tag k="highway" v="bus_stop"/>
    <tag k="source" v="Gerencia de Transporte Metropolitano de Trujillo"/>
    <tag k="ref" v="PH-99"/>
  <tag k="network" v="Transporte Público Urbano Trujillo"/></node>
  <node id="-924" lat="-8.0668866" lon="-79.0041567" visible="true">
    <tag k="public_transport" v="platform"/>
    <tag k="bus" v="yes"/>
    <tag k="highway" v="bus_stop"/>
    <tag k="source" v="Gerencia de Transporte Metropolitano de Trujillo"/>
    <tag k="ref" v="PP-1"/>
  <tag k="network" v="Transporte Público Urbano Trujillo"/></node>
  <node id="-925" lat="-8.0724338" lon="-79.0042730" visible="true">
    <tag k="public_transport" v="platform"/>
    <tag k="bus" v="yes"/>
    <tag k="highway" v="bus_stop"/>
    <tag k="source" v="Gerencia de Transporte Metropolitano de Trujillo"/>
    <tag k="ref" v="PP-101"/>
  <tag k="network" v="Transporte Público Urbano Trujillo"/></node>
  <node id="-926" lat="-8.0724100" lon="-79.0043625" visible="true">
    <tag k="public_transport" v="platform"/>
    <tag k="bus" v="yes"/>
    <tag k="highway" v="bus_stop"/>
    <tag k="source" v="Gerencia de Transporte Metropolitano de Trujillo"/>
    <tag k="ref" v="PP-102"/>
  <tag k="network" v="Transporte Público Urbano Trujillo"/></node>
  <node id="-927" lat="-8.0699131" lon="-79.0040774" visible="true">
    <tag k="public_transport" v="platform"/>
    <tag k="bus" v="yes"/>
    <tag k="highway" v="bus_stop"/>
    <tag k="source" v="Gerencia de Transporte Metropolitano de Trujillo"/>
    <tag k="ref" v="PP-103"/>
  <tag k="network" v="Transporte Público Urbano Trujillo"/></node>
  <node id="-928" lat="-8.0718047" lon="-79.0057648" visible="true">
    <tag k="public_transport" v="platform"/>
    <tag k="bus" v="yes"/>
    <tag k="highway" v="bus_stop"/>
    <tag k="source" v="Gerencia de Transporte Metropolitano de Trujillo"/>
    <tag k="ref" v="PP-105"/>
  <tag k="network" v="Transporte Público Urbano Trujillo"/></node>
  <node id="-929" lat="-8.0717218" lon="-79.0032977" visible="true">
    <tag k="public_transport" v="platform"/>
    <tag k="bus" v="yes"/>
    <tag k="highway" v="bus_stop"/>
    <tag k="source" v="Gerencia de Transporte Metropolitano de Trujillo"/>
    <tag k="ref" v="PP-106"/>
  <tag k="network" v="Transporte Público Urbano Trujillo"/></node>
  <node id="-930" lat="-8.0693030" lon="-79.0021610" visible="true">
    <tag k="public_transport" v="platform"/>
    <tag k="bus" v="yes"/>
    <tag k="highway" v="bus_stop"/>
    <tag k="source" v="Gerencia de Transporte Metropolitano de Trujillo"/>
    <tag k="ref" v="PP-108"/>
  <tag k="network" v="Transporte Público Urbano Trujillo"/></node>
  <node id="-931" lat="-8.0665313" lon="-79.0022366" visible="true">
    <tag k="public_transport" v="platform"/>
    <tag k="bus" v="yes"/>
    <tag k="highway" v="bus_stop"/>
    <tag k="source" v="Gerencia de Transporte Metropolitano de Trujillo"/>
    <tag k="ref" v="PP-110"/>
  <tag k="network" v="Transporte Público Urbano Trujillo"/></node>
  <node id="-932" lat="-8.0778350" lon="-78.9969846" visible="true">
    <tag k="public_transport" v="platform"/>
    <tag k="bus" v="yes"/>
    <tag k="highway" v="bus_stop"/>
    <tag k="source" v="Gerencia de Transporte Metropolitano de Trujillo"/>
    <tag k="ref" v="PP-112"/>
  <tag k="network" v="Transporte Público Urbano Trujillo"/></node>
  <node id="-933" lat="-8.0787205" lon="-78.9942742" visible="true">
    <tag k="public_transport" v="platform"/>
    <tag k="bus" v="yes"/>
    <tag k="highway" v="bus_stop"/>
    <tag k="source" v="Gerencia de Transporte Metropolitano de Trujillo"/>
    <tag k="ref" v="PP-114"/>
  <tag k="network" v="Transporte Público Urbano Trujillo"/></node>
  <node id="-934" lat="-8.0762098" lon="-79.0016644" visible="true">
    <tag k="public_transport" v="platform"/>
    <tag k="bus" v="yes"/>
    <tag k="highway" v="bus_stop"/>
    <tag k="source" v="Gerencia de Transporte Metropolitano de Trujillo"/>
    <tag k="ref" v="PP-118"/>
  <tag k="network" v="Transporte Público Urbano Trujillo"/></node>
  <node id="-935" lat="-8.0749659" lon="-79.0070694" visible="true">
    <tag k="public_transport" v="platform"/>
    <tag k="bus" v="yes"/>
    <tag k="highway" v="bus_stop"/>
    <tag k="source" v="Gerencia de Transporte Metropolitano de Trujillo"/>
    <tag k="ref" v="PP-126"/>
  <tag k="network" v="Transporte Público Urbano Trujillo"/></node>
  <node id="-936" lat="-8.0785325" lon="-79.0089952" visible="true">
    <tag k="public_transport" v="platform"/>
    <tag k="bus" v="yes"/>
    <tag k="highway" v="bus_stop"/>
    <tag k="source" v="Gerencia de Transporte Metropolitano de Trujillo"/>
    <tag k="ref" v="PP-127"/>
  <tag k="network" v="Transporte Público Urbano Trujillo"/></node>
  <node id="-937" lat="-8.0769694" lon="-78.9926894" visible="true">
    <tag k="public_transport" v="platform"/>
    <tag k="bus" v="yes"/>
    <tag k="highway" v="bus_stop"/>
    <tag k="source" v="Gerencia de Transporte Metropolitano de Trujillo"/>
    <tag k="ref" v="PP-13"/>
  <tag k="network" v="Transporte Público Urbano Trujillo"/></node>
  <node id="-938" lat="-8.0698357" lon="-79.0120301" visible="true">
    <tag k="public_transport" v="platform"/>
    <tag k="bus" v="yes"/>
    <tag k="highway" v="bus_stop"/>
    <tag k="source" v="Gerencia de Transporte Metropolitano de Trujillo"/>
    <tag k="ref" v="PP-134"/>
  <tag k="network" v="Transporte Público Urbano Trujillo"/></node>
  <node id="-939" lat="-8.0691946" lon="-79.0107518" visible="true">
    <tag k="public_transport" v="platform"/>
    <tag k="bus" v="yes"/>
    <tag k="highway" v="bus_stop"/>
    <tag k="source" v="Gerencia de Transporte Metropolitano de Trujillo"/>
    <tag k="ref" v="PP-138"/>
  <tag k="network" v="Transporte Público Urbano Trujillo"/></node>
  <node id="-940" lat="-8.0749171" lon="-78.9935766" visible="true">
    <tag k="public_transport" v="platform"/>
    <tag k="bus" v="yes"/>
    <tag k="highway" v="bus_stop"/>
    <tag k="source" v="Gerencia de Transporte Metropolitano de Trujillo"/>
    <tag k="ref" v="PP-14"/>
  <tag k="network" v="Transporte Público Urbano Trujillo"/></node>
  <node id="-941" lat="-8.0716978" lon="-79.0063738" visible="true">
    <tag k="public_transport" v="platform"/>
    <tag k="bus" v="yes"/>
    <tag k="highway" v="bus_stop"/>
    <tag k="source" v="Gerencia de Transporte Metropolitano de Trujillo"/>
    <tag k="ref" v="PP-140"/>
  <tag k="network" v="Transporte Público Urbano Trujillo"/></node>
  <node id="-942" lat="-8.0686162" lon="-79.0063856" visible="true">
    <tag k="public_transport" v="platform"/>
    <tag k="bus" v="yes"/>
    <tag k="highway" v="bus_stop"/>
    <tag k="source" v="Gerencia de Transporte Metropolitano de Trujillo"/>
    <tag k="ref" v="PP-142"/>
  <tag k="network" v="Transporte Público Urbano Trujillo"/></node>
  <node id="-943" lat="-8.0861796" lon="-79.0088574" visible="true">
    <tag k="public_transport" v="platform"/>
    <tag k="bus" v="yes"/>
    <tag k="highway" v="bus_stop"/>
    <tag k="source" v="Gerencia de Transporte Metropolitano de Trujillo"/>
    <tag k="ref" v="PP-144"/>
  <tag k="network" v="Transporte Público Urbano Trujillo"/></node>
  <node id="-944" lat="-8.0863878" lon="-79.0059746" visible="true">
    <tag k="public_transport" v="platform"/>
    <tag k="bus" v="yes"/>
    <tag k="highway" v="bus_stop"/>
    <tag k="source" v="Gerencia de Transporte Metropolitano de Trujillo"/>
    <tag k="ref" v="PP-145"/>
  <tag k="network" v="Transporte Público Urbano Trujillo"/></node>
  <node id="-945" lat="-8.0855788" lon="-79.0122007" visible="true">
    <tag k="public_transport" v="platform"/>
    <tag k="bus" v="yes"/>
    <tag k="highway" v="bus_stop"/>
    <tag k="source" v="Gerencia de Transporte Metropolitano de Trujillo"/>
    <tag k="ref" v="PP-146"/>
  <tag k="network" v="Transporte Público Urbano Trujillo"/></node>
  <node id="-946" lat="-8.0732362" lon="-78.9995300" visible="true">
    <tag k="public_transport" v="platform"/>
    <tag k="bus" v="yes"/>
    <tag k="highway" v="bus_stop"/>
    <tag k="source" v="Gerencia de Transporte Metropolitano de Trujillo"/>
    <tag k="ref" v="PP-147"/>
  <tag k="network" v="Transporte Público Urbano Trujillo"/></node>
  <node id="-947" lat="-8.0733307" lon="-78.9995544" visible="true">
    <tag k="public_transport" v="platform"/>
    <tag k="bus" v="yes"/>
    <tag k="highway" v="bus_stop"/>
    <tag k="source" v="Gerencia de Transporte Metropolitano de Trujillo"/>
    <tag k="ref" v="PP-148"/>
  <tag k="network" v="Transporte Público Urbano Trujillo"/></node>
  <node id="-948" lat="-8.0677962" lon="-79.0042818" visible="true">
    <tag k="public_transport" v="platform"/>
    <tag k="bus" v="yes"/>
    <tag k="highway" v="bus_stop"/>
    <tag k="source" v="Gerencia de Transporte Metropolitano de Trujillo"/>
    <tag k="ref" v="PP-152"/>
  <tag k="network" v="Transporte Público Urbano Trujillo"/></node>
  <node id="-949" lat="-8.0696425" lon="-78.9954009" visible="true">
    <tag k="public_transport" v="platform"/>
    <tag k="bus" v="yes"/>
    <tag k="highway" v="bus_stop"/>
    <tag k="source" v="Gerencia de Transporte Metropolitano de Trujillo"/>
    <tag k="ref" v="PP-154"/>
  <tag k="network" v="Transporte Público Urbano Trujillo"/></node>
  <node id="-950" lat="-8.0694986" lon="-78.9953944" visible="true">
    <tag k="public_transport" v="platform"/>
    <tag k="bus" v="yes"/>
    <tag k="highway" v="bus_stop"/>
    <tag k="source" v="Gerencia de Transporte Metropolitano de Trujillo"/>
    <tag k="ref" v="PP-155"/>
  <tag k="network" v="Transporte Público Urbano Trujillo"/></node>
  <node id="-951" lat="-8.0655910" lon="-78.9932455" visible="true">
    <tag k="public_transport" v="platform"/>
    <tag k="bus" v="yes"/>
    <tag k="highway" v="bus_stop"/>
    <tag k="source" v="Gerencia de Transporte Metropolitano de Trujillo"/>
    <tag k="ref" v="PP-158"/>
  <tag k="network" v="Transporte Público Urbano Trujillo"/></node>
  <node id="-952" lat="-8.0742353" lon="-78.9905465" visible="true">
    <tag k="public_transport" v="platform"/>
    <tag k="bus" v="yes"/>
    <tag k="highway" v="bus_stop"/>
    <tag k="source" v="Gerencia de Transporte Metropolitano de Trujillo"/>
    <tag k="ref" v="PP-16"/>
  <tag k="network" v="Transporte Público Urbano Trujillo"/></node>
  <node id="-953" lat="-8.0722846" lon="-78.9927219" visible="true">
    <tag k="public_transport" v="platform"/>
    <tag k="bus" v="yes"/>
    <tag k="highway" v="bus_stop"/>
    <tag k="source" v="Gerencia de Transporte Metropolitano de Trujillo"/>
    <tag k="ref" v="PP-164"/>
  <tag k="network" v="Transporte Público Urbano Trujillo"/></node>
  <node id="-954" lat="-8.0711028" lon="-78.9956520" visible="true">
    <tag k="public_transport" v="platform"/>
    <tag k="bus" v="yes"/>
    <tag k="highway" v="bus_stop"/>
    <tag k="source" v="Gerencia de Transporte Metropolitano de Trujillo"/>
    <tag k="ref" v="PP-166"/>
  <tag k="network" v="Transporte Público Urbano Trujillo"/></node>
  <node id="-955" lat="-8.0837239" lon="-78.9975499" visible="true">
    <tag k="public_transport" v="platform"/>
    <tag k="bus" v="yes"/>
    <tag k="highway" v="bus_stop"/>
    <tag k="source" v="Gerencia de Transporte Metropolitano de Trujillo"/>
    <tag k="ref" v="PP-170"/>
  <tag k="network" v="Transporte Público Urbano Trujillo"/></node>
  <node id="-956" lat="-8.0729311" lon="-78.9980621" visible="true">
    <tag k="public_transport" v="platform"/>
    <tag k="bus" v="yes"/>
    <tag k="highway" v="bus_stop"/>
    <tag k="source" v="Gerencia de Transporte Metropolitano de Trujillo"/>
    <tag k="ref" v="PP-172"/>
  <tag k="network" v="Transporte Público Urbano Trujillo"/></node>
  <node id="-957" lat="-8.0747842" lon="-79.0012593" visible="true">
    <tag k="public_transport" v="platform"/>
    <tag k="bus" v="yes"/>
    <tag k="highway" v="bus_stop"/>
    <tag k="source" v="Gerencia de Transporte Metropolitano de Trujillo"/>
    <tag k="ref" v="PP-174"/>
  <tag k="network" v="Transporte Público Urbano Trujillo"/></node>
  <node id="-958" lat="-8.0831641" lon="-79.0138680" visible="true">
    <tag k="public_transport" v="platform"/>
    <tag k="bus" v="yes"/>
    <tag k="highway" v="bus_stop"/>
    <tag k="source" v="Gerencia de Transporte Metropolitano de Trujillo"/>
    <tag k="ref" v="PP-176"/>
  <tag k="network" v="Transporte Público Urbano Trujillo"/></node>
  <node id="-959" lat="-8.0803811" lon="-79.0120565" visible="true">
    <tag k="public_transport" v="platform"/>
    <tag k="bus" v="yes"/>
    <tag k="highway" v="bus_stop"/>
    <tag k="source" v="Gerencia de Transporte Metropolitano de Trujillo"/>
    <tag k="ref" v="PP-177"/>
  <tag k="network" v="Transporte Público Urbano Trujillo"/></node>
  <node id="-960" lat="-8.0771916" lon="-79.0122625" visible="true">
    <tag k="public_transport" v="platform"/>
    <tag k="bus" v="yes"/>
    <tag k="highway" v="bus_stop"/>
    <tag k="source" v="Gerencia de Transporte Metropolitano de Trujillo"/>
    <tag k="ref" v="PP-178"/>
  <tag k="network" v="Transporte Público Urbano Trujillo"/></node>
  <node id="-961" lat="-8.0804605" lon="-79.0085582" visible="true">
    <tag k="public_transport" v="platform"/>
    <tag k="bus" v="yes"/>
    <tag k="highway" v="bus_stop"/>
    <tag k="source" v="Gerencia de Transporte Metropolitano de Trujillo"/>
    <tag k="ref" v="PP-18"/>
  <tag k="network" v="Transporte Público Urbano Trujillo"/></node>
  <node id="-962" lat="-8.0717816" lon="-79.0146000" visible="true">
    <tag k="public_transport" v="platform"/>
    <tag k="bus" v="yes"/>
    <tag k="highway" v="bus_stop"/>
    <tag k="source" v="Gerencia de Transporte Metropolitano de Trujillo"/>
    <tag k="ref" v="PP-181"/>
  <tag k="network" v="Transporte Público Urbano Trujillo"/></node>
  <node id="-963" lat="-8.0717238" lon="-79.0146838" visible="true">
    <tag k="public_transport" v="platform"/>
    <tag k="bus" v="yes"/>
    <tag k="highway" v="bus_stop"/>
    <tag k="source" v="Gerencia de Transporte Metropolitano de Trujillo"/>
    <tag k="ref" v="PP-182"/>
  <tag k="network" v="Transporte Público Urbano Trujillo"/></node>
  <node id="-964" lat="-8.0717928" lon="-79.0197268" visible="true">
    <tag k="public_transport" v="platform"/>
    <tag k="bus" v="yes"/>
    <tag k="highway" v="bus_stop"/>
    <tag k="source" v="Gerencia de Transporte Metropolitano de Trujillo"/>
    <tag k="ref" v="PP-185"/>
  <tag k="network" v="Transporte Público Urbano Trujillo"/></node>
  <node id="-965" lat="-8.0709397" lon="-79.0157151" visible="true">
    <tag k="public_transport" v="platform"/>
    <tag k="bus" v="yes"/>
    <tag k="highway" v="bus_stop"/>
    <tag k="source" v="Gerencia de Transporte Metropolitano de Trujillo"/>
    <tag k="ref" v="PP-187"/>
  <tag k="network" v="Transporte Público Urbano Trujillo"/></node>
  <node id="-966" lat="-8.0842350" lon="-79.0093643" visible="true">
    <tag k="public_transport" v="platform"/>
    <tag k="bus" v="yes"/>
    <tag k="highway" v="bus_stop"/>
    <tag k="source" v="Gerencia de Transporte Metropolitano de Trujillo"/>
    <tag k="ref" v="PP-19"/>
  <tag k="network" v="Transporte Público Urbano Trujillo"/></node>
  <node id="-967" lat="-8.0691230" lon="-79.0166140" visible="true">
    <tag k="public_transport" v="platform"/>
    <tag k="bus" v="yes"/>
    <tag k="highway" v="bus_stop"/>
    <tag k="source" v="Gerencia de Transporte Metropolitano de Trujillo"/>
    <tag k="ref" v="PP-191"/>
  <tag k="network" v="Transporte Público Urbano Trujillo"/></node>
  <node id="-968" lat="-8.0691611" lon="-79.0167100" visible="true">
    <tag k="public_transport" v="platform"/>
    <tag k="bus" v="yes"/>
    <tag k="highway" v="bus_stop"/>
    <tag k="source" v="Gerencia de Transporte Metropolitano de Trujillo"/>
    <tag k="ref" v="PP-192"/>
  <tag k="network" v="Transporte Público Urbano Trujillo"/></node>
  <node id="-969" lat="-8.0720672" lon="-78.9939223" visible="true">
    <tag k="public_transport" v="platform"/>
    <tag k="bus" v="yes"/>
    <tag k="highway" v="bus_stop"/>
    <tag k="source" v="Gerencia de Transporte Metropolitano de Trujillo"/>
    <tag k="ref" v="PP-2"/>
  <tag k="network" v="Transporte Público Urbano Trujillo"/></node>
  <node id="-970" lat="-8.0813644" lon="-79.0093835" visible="true">
    <tag k="public_transport" v="platform"/>
    <tag k="bus" v="yes"/>
    <tag k="highway" v="bus_stop"/>
    <tag k="source" v="Gerencia de Transporte Metropolitano de Trujillo"/>
    <tag k="ref" v="PP-20"/>
  <tag k="network" v="Transporte Público Urbano Trujillo"/></node>
  <node id="-971" lat="-8.0869607" lon="-79.0013652" visible="true">
    <tag k="public_transport" v="platform"/>
    <tag k="bus" v="yes"/>
    <tag k="highway" v="bus_stop"/>
    <tag k="source" v="Gerencia de Transporte Metropolitano de Trujillo"/>
    <tag k="ref" v="PP-25"/>
  <tag k="network" v="Transporte Público Urbano Trujillo"/></node>
  <node id="-972" lat="-8.0879275" lon="-78.9980693" visible="true">
    <tag k="public_transport" v="platform"/>
    <tag k="bus" v="yes"/>
    <tag k="highway" v="bus_stop"/>
    <tag k="source" v="Gerencia de Transporte Metropolitano de Trujillo"/>
    <tag k="ref" v="PP-26"/>
  <tag k="network" v="Transporte Público Urbano Trujillo"/></node>
  <node id="-973" lat="-8.0744531" lon="-78.9948710" visible="true">
    <tag k="public_transport" v="platform"/>
    <tag k="bus" v="yes"/>
    <tag k="highway" v="bus_stop"/>
    <tag k="source" v="Gerencia de Transporte Metropolitano de Trujillo"/>
    <tag k="ref" v="PP-32"/>
  <tag k="network" v="Transporte Público Urbano Trujillo"/></node>
  <node id="-974" lat="-8.0715120" lon="-78.9903550" visible="true">
    <tag k="public_transport" v="platform"/>
    <tag k="bus" v="yes"/>
    <tag k="highway" v="bus_stop"/>
    <tag k="source" v="Gerencia de Transporte Metropolitano de Trujillo"/>
    <tag k="ref" v="PP-34"/>
  <tag k="network" v="Transporte Público Urbano Trujillo"/></node>
  <node id="-975" lat="-8.0678251" lon="-78.9851967" visible="true">
    <tag k="public_transport" v="platform"/>
    <tag k="bus" v="yes"/>
    <tag k="highway" v="bus_stop"/>
    <tag k="source" v="Gerencia de Transporte Metropolitano de Trujillo"/>
    <tag k="ref" v="PP-35"/>
  <tag k="network" v="Transporte Público Urbano Trujillo"/></node>
  <node id="-976" lat="-8.0666900" lon="-78.9859549" visible="true">
    <tag k="public_transport" v="platform"/>
    <tag k="bus" v="yes"/>
    <tag k="highway" v="bus_stop"/>
    <tag k="source" v="Gerencia de Transporte Metropolitano de Trujillo"/>
    <tag k="ref" v="PP-36"/>
  <tag k="network" v="Transporte Público Urbano Trujillo"/></node>
  <node id="-977" lat="-8.0741255" lon="-78.9913915" visible="true">
    <tag k="public_transport" v="platform"/>
    <tag k="bus" v="yes"/>
    <tag k="highway" v="bus_stop"/>
    <tag k="source" v="Gerencia de Transporte Metropolitano de Trujillo"/>
    <tag k="ref" v="PP-37"/>
  <tag k="network" v="Transporte Público Urbano Trujillo"/></node>
  <node id="-978" lat="-8.0829646" lon="-79.0009174" visible="true">
    <tag k="public_transport" v="platform"/>
    <tag k="bus" v="yes"/>
    <tag k="highway" v="bus_stop"/>
    <tag k="source" v="Gerencia de Transporte Metropolitano de Trujillo"/>
    <tag k="ref" v="PP-40"/>
  <tag k="network" v="Transporte Público Urbano Trujillo"/></node>
  <node id="-979" lat="-8.0881309" lon="-78.9981133" visible="true">
    <tag k="public_transport" v="platform"/>
    <tag k="bus" v="yes"/>
    <tag k="highway" v="bus_stop"/>
    <tag k="source" v="Gerencia de Transporte Metropolitano de Trujillo"/>
    <tag k="ref" v="PP-43"/>
  <tag k="network" v="Transporte Público Urbano Trujillo"/></node>
  <node id="-980" lat="-8.0871914" lon="-79.0013315" visible="true">
    <tag k="public_transport" v="platform"/>
    <tag k="bus" v="yes"/>
    <tag k="highway" v="bus_stop"/>
    <tag k="source" v="Gerencia de Transporte Metropolitano de Trujillo"/>
    <tag k="ref" v="PP-44"/>
  <tag k="network" v="Transporte Público Urbano Trujillo"/></node>
  <node id="-981" lat="-8.0690162" lon="-78.9927085" visible="true">
    <tag k="public_transport" v="platform"/>
    <tag k="bus" v="yes"/>
    <tag k="highway" v="bus_stop"/>
    <tag k="source" v="Gerencia de Transporte Metropolitano de Trujillo"/>
    <tag k="ref" v="PP-5"/>
  <tag k="network" v="Transporte Público Urbano Trujillo"/></node>
  <node id="-982" lat="-8.0842065" lon="-79.0001625" visible="true">
    <tag k="public_transport" v="platform"/>
    <tag k="bus" v="yes"/>
    <tag k="highway" v="bus_stop"/>
    <tag k="source" v="Gerencia de Transporte Metropolitano de Trujillo"/>
    <tag k="ref" v="PP-50"/>
  <tag k="network" v="Transporte Público Urbano Trujillo"/></node>
  <node id="-983" lat="-8.0840205" lon="-79.0001983" visible="true">
    <tag k="public_transport" v="platform"/>
    <tag k="bus" v="yes"/>
    <tag k="highway" v="bus_stop"/>
    <tag k="source" v="Gerencia de Transporte Metropolitano de Trujillo"/>
    <tag k="ref" v="PP-51"/>
  <tag k="network" v="Transporte Público Urbano Trujillo"/></node>
  <node id="-984" lat="-8.0662863" lon="-78.9917880" visible="true">
    <tag k="public_transport" v="platform"/>
    <tag k="bus" v="yes"/>
    <tag k="highway" v="bus_stop"/>
    <tag k="source" v="Gerencia de Transporte Metropolitano de Trujillo"/>
    <tag k="ref" v="PP-52"/>
  <tag k="network" v="Transporte Público Urbano Trujillo"/></node>
  <node id="-985" lat="-8.0689580" lon="-78.9928678" visible="true">
    <tag k="public_transport" v="platform"/>
    <tag k="bus" v="yes"/>
    <tag k="highway" v="bus_stop"/>
    <tag k="source" v="Gerencia de Transporte Metropolitano de Trujillo"/>
    <tag k="ref" v="PP-53"/>
  <tag k="network" v="Transporte Público Urbano Trujillo"/></node>
  <node id="-986" lat="-8.0721004" lon="-78.9941149" visible="true">
    <tag k="public_transport" v="platform"/>
    <tag k="bus" v="yes"/>
    <tag k="highway" v="bus_stop"/>
    <tag k="source" v="Gerencia de Transporte Metropolitano de Trujillo"/>
    <tag k="ref" v="PP-54"/>
  <tag k="network" v="Transporte Público Urbano Trujillo"/></node>
  <node id="-987" lat="-8.0744037" lon="-78.9950369" visible="true">
    <tag k="public_transport" v="platform"/>
    <tag k="bus" v="yes"/>
    <tag k="highway" v="bus_stop"/>
    <tag k="source" v="Gerencia de Transporte Metropolitano de Trujillo"/>
    <tag k="ref" v="PP-55"/>
  <tag k="network" v="Transporte Público Urbano Trujillo"/></node>
  <node id="-988" lat="-8.0772027" lon="-78.9961574" visible="true">
    <tag k="public_transport" v="platform"/>
    <tag k="bus" v="yes"/>
    <tag k="highway" v="bus_stop"/>
    <tag k="source" v="Gerencia de Transporte Metropolitano de Trujillo"/>
    <tag k="ref" v="PP-56"/>
  <tag k="network" v="Transporte Público Urbano Trujillo"/></node>
  <node id="-989" lat="-8.0770633" lon="-78.9933649" visible="true">
    <tag k="public_transport" v="platform"/>
    <tag k="bus" v="yes"/>
    <tag k="highway" v="bus_stop"/>
    <tag k="source" v="Gerencia de Transporte Metropolitano de Trujillo"/>
    <tag k="ref" v="PP-57"/>
  <tag k="network" v="Transporte Público Urbano Trujillo"/></node>
  <node id="-990" lat="-8.0872170" lon="-78.9963388" visible="true">
    <tag k="public_transport" v="platform"/>
    <tag k="bus" v="yes"/>
    <tag k="highway" v="bus_stop"/>
    <tag k="source" v="Gerencia de Transporte Metropolitano de Trujillo"/>
    <tag k="ref" v="PP-62"/>
  <tag k="network" v="Transporte Público Urbano Trujillo"/></node>
  <node id="-991" lat="-8.0864962" lon="-78.9988730" visible="true">
    <tag k="public_transport" v="platform"/>
    <tag k="bus" v="yes"/>
    <tag k="highway" v="bus_stop"/>
    <tag k="source" v="Gerencia de Transporte Metropolitano de Trujillo"/>
    <tag k="ref" v="PP-64"/>
  <tag k="network" v="Transporte Público Urbano Trujillo"/></node>
  <node id="-992" lat="-8.0858133" lon="-79.0011545" visible="true">
    <tag k="public_transport" v="platform"/>
    <tag k="bus" v="yes"/>
    <tag k="highway" v="bus_stop"/>
    <tag k="source" v="Gerencia de Transporte Metropolitano de Trujillo"/>
    <tag k="ref" v="PP-66"/>
  <tag k="network" v="Transporte Público Urbano Trujillo"/></node>
  <node id="-993" lat="-8.0850744" lon="-79.0039192" visible="true">
    <tag k="public_transport" v="platform"/>
    <tag k="bus" v="yes"/>
    <tag k="highway" v="bus_stop"/>
    <tag k="source" v="Gerencia de Transporte Metropolitano de Trujillo"/>
    <tag k="ref" v="PP-68"/>
  <tag k="network" v="Transporte Público Urbano Trujillo"/></node>
  <node id="-994" lat="-8.0677649" lon="-78.9961527" visible="true">
    <tag k="public_transport" v="platform"/>
    <tag k="bus" v="yes"/>
    <tag k="highway" v="bus_stop"/>
    <tag k="source" v="Gerencia de Transporte Metropolitano de Trujillo"/>
    <tag k="ref" v="PP-7"/>
  <tag k="network" v="Transporte Público Urbano Trujillo"/></node>
  <node id="-995" lat="-8.0857424" lon="-79.0031939" visible="true">
    <tag k="public_transport" v="platform"/>
    <tag k="bus" v="yes"/>
    <tag k="highway" v="bus_stop"/>
    <tag k="source" v="Gerencia de Transporte Metropolitano de Trujillo"/>
    <tag k="ref" v="PP-70"/>
  <tag k="network" v="Transporte Público Urbano Trujillo"/></node>
  <node id="-996" lat="-8.0834559" lon="-79.0030990" visible="true">
    <tag k="public_transport" v="platform"/>
    <tag k="bus" v="yes"/>
    <tag k="highway" v="bus_stop"/>
    <tag k="source" v="Gerencia de Transporte Metropolitano de Trujillo"/>
    <tag k="ref" v="PP-72"/>
  <tag k="network" v="Transporte Público Urbano Trujillo"/></node>
  <node id="-997" lat="-8.0677646" lon="-78.9962666" visible="true">
    <tag k="public_transport" v="platform"/>
    <tag k="bus" v="yes"/>
    <tag k="highway" v="bus_stop"/>
    <tag k="source" v="Gerencia de Transporte Metropolitano de Trujillo"/>
    <tag k="ref" v="PP-74"/>
  <tag k="network" v="Transporte Público Urbano Trujillo"/></node>
  <node id="-998" lat="-8.0649188" lon="-78.9951616" visible="true">
    <tag k="public_transport" v="platform"/>
    <tag k="bus" v="yes"/>
    <tag k="highway" v="bus_stop"/>
    <tag k="source" v="Gerencia de Transporte Metropolitano de Trujillo"/>
    <tag k="ref" v="PP-77"/>
  <tag k="network" v="Transporte Público Urbano Trujillo"/></node>
  <node id="-999" lat="-8.0640607" lon="-78.9903686" visible="true">
    <tag k="public_transport" v="platform"/>
    <tag k="bus" v="yes"/>
    <tag k="highway" v="bus_stop"/>
    <tag k="source" v="Gerencia de Transporte Metropolitano de Trujillo"/>
    <tag k="ref" v="PP-78"/>
  <tag k="network" v="Transporte Público Urbano Trujillo"/></node>
  <node id="-1000" lat="-8.0641839" lon="-78.9908436" visible="true">
    <tag k="public_transport" v="platform"/>
    <tag k="bus" v="yes"/>
    <tag k="highway" v="bus_stop"/>
    <tag k="source" v="Gerencia de Transporte Metropolitano de Trujillo"/>
    <tag k="ref" v="PP-80"/>
  <tag k="network" v="Transporte Público Urbano Trujillo"/></node>
  <node id="-1001" lat="-8.0663240" lon="-78.9916576" visible="true">
    <tag k="public_transport" v="platform"/>
    <tag k="bus" v="yes"/>
    <tag k="highway" v="bus_stop"/>
    <tag k="source" v="Gerencia de Transporte Metropolitano de Trujillo"/>
    <tag k="ref" v="PP-9"/>
  <tag k="network" v="Transporte Público Urbano Trujillo"/></node>
  <node id="-1002" lat="-8.0806798" lon="-79.0020381" visible="true">
    <tag k="public_transport" v="platform"/>
    <tag k="bus" v="yes"/>
    <tag k="highway" v="bus_stop"/>
    <tag k="source" v="Gerencia de Transporte Metropolitano de Trujillo"/>
    <tag k="ref" v="PP-91"/>
  <tag k="network" v="Transporte Público Urbano Trujillo"/></node>
  <node id="-1003" lat="-8.0770288" lon="-79.0060677" visible="true">
    <tag k="public_transport" v="platform"/>
    <tag k="bus" v="yes"/>
    <tag k="highway" v="bus_stop"/>
    <tag k="source" v="Gerencia de Transporte Metropolitano de Trujillo"/>
    <tag k="ref" v="PP-95"/>
  <tag k="network" v="Transporte Público Urbano Trujillo"/></node>
  <node id="-1004" lat="-8.0782346" lon="-79.0069731" visible="true">
    <tag k="public_transport" v="platform"/>
    <tag k="bus" v="yes"/>
    <tag k="highway" v="bus_stop"/>
    <tag k="source" v="Gerencia de Transporte Metropolitano de Trujillo"/>
    <tag k="ref" v="PP-97"/>
  <tag k="network" v="Transporte Público Urbano Trujillo"/></node>
  <node id="-1005" lat="-8.1377151" lon="-79.0500497" visible="true">
    <tag k="public_transport" v="platform"/>
    <tag k="bus" v="yes"/>
    <tag k="highway" v="bus_stop"/>
    <tag k="source" v="Gerencia de Transporte Metropolitano de Trujillo"/>
    <tag k="ref" v="PVL-1"/>
  <tag k="network" v="Transporte Público Urbano Trujillo"/></node>
  <node id="-1006" lat="-8.1427463" lon="-79.0484424" visible="true">
    <tag k="public_transport" v="platform"/>
    <tag k="bus" v="yes"/>
    <tag k="highway" v="bus_stop"/>
    <tag k="source" v="Gerencia de Transporte Metropolitano de Trujillo"/>
    <tag k="ref" v="PVL-11"/>
  <tag k="network" v="Transporte Público Urbano Trujillo"/></node>
  <node id="-1007" lat="-8.1456969" lon="-79.0508620" visible="true">
    <tag k="public_transport" v="platform"/>
    <tag k="bus" v="yes"/>
    <tag k="highway" v="bus_stop"/>
    <tag k="source" v="Gerencia de Transporte Metropolitano de Trujillo"/>
    <tag k="ref" v="PVL-12"/>
  <tag k="network" v="Transporte Público Urbano Trujillo"/></node>
  <node id="-1008" lat="-8.1485167" lon="-79.0498466" visible="true">
    <tag k="public_transport" v="platform"/>
    <tag k="bus" v="yes"/>
    <tag k="highway" v="bus_stop"/>
    <tag k="source" v="Gerencia de Transporte Metropolitano de Trujillo"/>
    <tag k="ref" v="PVL-13"/>
  <tag k="network" v="Transporte Público Urbano Trujillo"/></node>
  <node id="-1009" lat="-8.1447642" lon="-79.0536381" visible="true">
    <tag k="public_transport" v="platform"/>
    <tag k="bus" v="yes"/>
    <tag k="highway" v="bus_stop"/>
    <tag k="source" v="Gerencia de Transporte Metropolitano de Trujillo"/>
    <tag k="ref" v="PVL-15"/>
  <tag k="network" v="Transporte Público Urbano Trujillo"/></node>
  <node id="-1010" lat="-8.1399929" lon="-79.0522118" visible="true">
    <tag k="public_transport" v="platform"/>
    <tag k="bus" v="yes"/>
    <tag k="highway" v="bus_stop"/>
    <tag k="source" v="Gerencia de Transporte Metropolitano de Trujillo"/>
    <tag k="ref" v="PVL-19"/>
  <tag k="network" v="Transporte Público Urbano Trujillo"/></node>
  <node id="-1011" lat="-8.1400274" lon="-79.0519929" visible="true">
    <tag k="public_transport" v="platform"/>
    <tag k="bus" v="yes"/>
    <tag k="highway" v="bus_stop"/>
    <tag k="source" v="Gerencia de Transporte Metropolitano de Trujillo"/>
    <tag k="ref" v="PVL-2"/>
  <tag k="network" v="Transporte Público Urbano Trujillo"/></node>
  <node id="-1012" lat="-8.1374203" lon="-79.0500762" visible="true">
    <tag k="public_transport" v="platform"/>
    <tag k="bus" v="yes"/>
    <tag k="highway" v="bus_stop"/>
    <tag k="source" v="Gerencia de Transporte Metropolitano de Trujillo"/>
    <tag k="ref" v="PVL-20"/>
  <tag k="network" v="Transporte Público Urbano Trujillo"/></node>
  <node id="-1013" lat="-8.1358544" lon="-79.0423196" visible="true">
    <tag k="public_transport" v="platform"/>
    <tag k="bus" v="yes"/>
    <tag k="highway" v="bus_stop"/>
    <tag k="source" v="Gerencia de Transporte Metropolitano de Trujillo"/>
    <tag k="ref" v="PVL-23"/>
  <tag k="network" v="Transporte Público Urbano Trujillo"/></node>
  <node id="-1014" lat="-8.1368126" lon="-79.0400983" visible="true">
    <tag k="public_transport" v="platform"/>
    <tag k="bus" v="yes"/>
    <tag k="highway" v="bus_stop"/>
    <tag k="source" v="Gerencia de Transporte Metropolitano de Trujillo"/>
    <tag k="ref" v="PVL-24"/>
  <tag k="network" v="Transporte Público Urbano Trujillo"/></node>
  <node id="-1015" lat="-8.1419808" lon="-79.0481355" visible="true">
    <tag k="public_transport" v="platform"/>
    <tag k="bus" v="yes"/>
    <tag k="highway" v="bus_stop"/>
    <tag k="source" v="Gerencia de Transporte Metropolitano de Trujillo"/>
    <tag k="ref" v="PVL-29"/>
  <tag k="network" v="Transporte Público Urbano Trujillo"/></node>
  <node id="-1016" lat="-8.1429608" lon="-79.0545049" visible="true">
    <tag k="public_transport" v="platform"/>
    <tag k="bus" v="yes"/>
    <tag k="highway" v="bus_stop"/>
    <tag k="source" v="Gerencia de Transporte Metropolitano de Trujillo"/>
    <tag k="ref" v="PVL-3"/>
  <tag k="network" v="Transporte Público Urbano Trujillo"/></node>
  <node id="-1017" lat="-8.1450311" lon="-79.0505606" visible="true">
    <tag k="public_transport" v="platform"/>
    <tag k="bus" v="yes"/>
    <tag k="highway" v="bus_stop"/>
    <tag k="source" v="Gerencia de Transporte Metropolitano de Trujillo"/>
    <tag k="ref" v="PVL-30"/>
  <tag k="network" v="Transporte Público Urbano Trujillo"/></node>
  <node id="-1018" lat="-8.1479676" lon="-79.0505444" visible="true">
    <tag k="public_transport" v="platform"/>
    <tag k="bus" v="yes"/>
    <tag k="highway" v="bus_stop"/>
    <tag k="source" v="Gerencia de Transporte Metropolitano de Trujillo"/>
    <tag k="ref" v="PVL-31"/>
  <tag k="network" v="Transporte Público Urbano Trujillo"/></node>
  <node id="-1019" lat="-8.1447275" lon="-79.0537444" visible="true">
    <tag k="public_transport" v="platform"/>
    <tag k="bus" v="yes"/>
    <tag k="highway" v="bus_stop"/>
    <tag k="source" v="Gerencia de Transporte Metropolitano de Trujillo"/>
    <tag k="ref" v="PVL-33"/>
  <tag k="network" v="Transporte Público Urbano Trujillo"/></node>
  <node id="-1020" lat="-8.1287240" lon="-79.0485188" visible="true">
    <tag k="public_transport" v="platform"/>
    <tag k="bus" v="yes"/>
    <tag k="highway" v="bus_stop"/>
    <tag k="source" v="Gerencia de Transporte Metropolitano de Trujillo"/>
    <tag k="ref" v="PVL-34"/>
  <tag k="network" v="Transporte Público Urbano Trujillo"/></node>
  <node id="-1021" lat="-8.1288141" lon="-79.0483569" visible="true">
    <tag k="public_transport" v="platform"/>
    <tag k="bus" v="yes"/>
    <tag k="highway" v="bus_stop"/>
    <tag k="source" v="Gerencia de Transporte Metropolitano de Trujillo"/>
    <tag k="ref" v="PVL-35"/>
  <tag k="network" v="Transporte Público Urbano Trujillo"/></node>
  <node id="-1022" lat="-8.1330894" lon="-79.0489540" visible="true">
    <tag k="public_transport" v="platform"/>
    <tag k="bus" v="yes"/>
    <tag k="highway" v="bus_stop"/>
    <tag k="source" v="Gerencia de Transporte Metropolitano de Trujillo"/>
    <tag k="ref" v="PVL-38"/>
  <tag k="network" v="Transporte Público Urbano Trujillo"/></node>
  <node id="-1023" lat="-8.1503048" lon="-79.0446185" visible="true">
    <tag k="public_transport" v="platform"/>
    <tag k="bus" v="yes"/>
    <tag k="highway" v="bus_stop"/>
    <tag k="source" v="Gerencia de Transporte Metropolitano de Trujillo"/>
    <tag k="ref" v="PVL-42"/>
  <tag k="network" v="Transporte Público Urbano Trujillo"/></node>
  <node id="-1024" lat="-8.1476653" lon="-79.0444878" visible="true">
    <tag k="public_transport" v="platform"/>
    <tag k="bus" v="yes"/>
    <tag k="highway" v="bus_stop"/>
    <tag k="source" v="Gerencia de Transporte Metropolitano de Trujillo"/>
    <tag k="ref" v="PVL-44"/>
  <tag k="network" v="Transporte Público Urbano Trujillo"/></node>
  <node id="-1025" lat="-8.1454350" lon="-79.0469949" visible="true">
    <tag k="public_transport" v="platform"/>
    <tag k="bus" v="yes"/>
    <tag k="highway" v="bus_stop"/>
    <tag k="source" v="Gerencia de Transporte Metropolitano de Trujillo"/>
    <tag k="ref" v="PVL-45"/>
  <tag k="network" v="Transporte Público Urbano Trujillo"/></node>
  <node id="-1026" lat="-8.1436942" lon="-79.0490274" visible="true">
    <tag k="public_transport" v="platform"/>
    <tag k="bus" v="yes"/>
    <tag k="highway" v="bus_stop"/>
    <tag k="source" v="Gerencia de Transporte Metropolitano de Trujillo"/>
    <tag k="ref" v="PVL-46"/>
  <tag k="network" v="Transporte Público Urbano Trujillo"/></node>
  <node id="-1027" lat="-8.1387377" lon="-79.0604828" visible="true">
    <tag k="public_transport" v="platform"/>
    <tag k="bus" v="yes"/>
    <tag k="highway" v="bus_stop"/>
    <tag k="source" v="Gerencia de Transporte Metropolitano de Trujillo"/>
    <tag k="ref" v="PVL-5"/>
  <tag k="network" v="Transporte Público Urbano Trujillo"/></node>
  <node id="-1028" lat="-8.1367921" lon="-79.0395374" visible="true">
    <tag k="public_transport" v="platform"/>
    <tag k="bus" v="yes"/>
    <tag k="highway" v="bus_stop"/>
    <tag k="source" v="Gerencia de Transporte Metropolitano de Trujillo"/>
    <tag k="ref" v="PVL-SC-HUAMAN"/>
  <tag k="network" v="Transporte Público Urbano Trujillo"/></node>
  <node id="-1029" lat="-8.1337364" lon="-79.0384177" visible="true">
    <tag k="public_transport" v="platform"/>
    <tag k="bus" v="yes"/>
    <tag k="highway" v="bus_stop"/>
    <tag k="source" v="Gerencia de Transporte Metropolitano de Trujillo"/>
    <tag k="ref" v="PVL-SC3"/>
  <tag k="network" v="Transporte Público Urbano Trujillo"/></node>
  <node id="-1030" lat="-8.1103474" lon="-78.9930865" visible="true">
    <tag k="public_transport" v="platform"/>
    <tag k="bus" v="yes"/>
    <tag k="highway" v="bus_stop"/>
    <tag k="source" v="Gerencia de Transporte Metropolitano de Trujillo"/>
    <tag k="ref" v="PL-100"/>
  <tag k="network" v="Transporte Público Urbano Trujillo"/></node>
  <node id="-1031" lat="-8.1094242" lon="-78.9915765" visible="true">
    <tag k="public_transport" v="platform"/>
    <tag k="bus" v="yes"/>
    <tag k="highway" v="bus_stop"/>
    <tag k="source" v="Gerencia de Transporte Metropolitano de Trujillo"/>
    <tag k="ref" v="PL-104"/>
  <tag k="network" v="Transporte Público Urbano Trujillo"/></node>
  <node id="-1032" lat="-8.1094037" lon="-78.9897148" visible="true">
    <tag k="public_transport" v="platform"/>
    <tag k="bus" v="yes"/>
    <tag k="highway" v="bus_stop"/>
    <tag k="source" v="Gerencia de Transporte Metropolitano de Trujillo"/>
    <tag k="ref" v="PL-105"/>
  <tag k="network" v="Transporte Público Urbano Trujillo"/></node>
  <node id="-1033" lat="-8.0823366" lon="-78.9554472" visible="true">
    <tag k="public_transport" v="platform"/>
    <tag k="bus" v="yes"/>
    <tag k="highway" v="bus_stop"/>
    <tag k="source" v="Gerencia de Transporte Metropolitano de Trujillo"/>
    <tag k="ref" v="PL-13"/>
  <tag k="network" v="Transporte Público Urbano Trujillo"/></node>
  <node id="-1034" lat="-8.0903123" lon="-78.9640547" visible="true">
    <tag k="public_transport" v="platform"/>
    <tag k="bus" v="yes"/>
    <tag k="highway" v="bus_stop"/>
    <tag k="source" v="Gerencia de Transporte Metropolitano de Trujillo"/>
    <tag k="ref" v="PL-15"/>
  <tag k="network" v="Transporte Público Urbano Trujillo"/></node>
  <node id="-1035" lat="-8.0889753" lon="-78.9635073" visible="true">
    <tag k="public_transport" v="platform"/>
    <tag k="bus" v="yes"/>
    <tag k="highway" v="bus_stop"/>
    <tag k="source" v="Gerencia de Transporte Metropolitano de Trujillo"/>
    <tag k="ref" v="PL-20"/>
  <tag k="network" v="Transporte Público Urbano Trujillo"/></node>
  <node id="-1036" lat="-8.0902598" lon="-78.9749250" visible="true">
    <tag k="public_transport" v="platform"/>
    <tag k="bus" v="yes"/>
    <tag k="highway" v="bus_stop"/>
    <tag k="source" v="Gerencia de Transporte Metropolitano de Trujillo"/>
    <tag k="ref" v="PL-21"/>
  <tag k="network" v="Transporte Público Urbano Trujillo"/></node>
  <node id="-1037" lat="-8.0918744" lon="-78.9650079" visible="true">
    <tag k="public_transport" v="platform"/>
    <tag k="bus" v="yes"/>
    <tag k="highway" v="bus_stop"/>
    <tag k="source" v="Gerencia de Transporte Metropolitano de Trujillo"/>
    <tag k="ref" v="PL-26"/>
  <tag k="network" v="Transporte Público Urbano Trujillo"/></node>
  <node id="-1038" lat="-8.0867526" lon="-78.9912397" visible="true">
    <tag k="public_transport" v="platform"/>
    <tag k="bus" v="yes"/>
    <tag k="highway" v="bus_stop"/>
    <tag k="source" v="Gerencia de Transporte Metropolitano de Trujillo"/>
    <tag k="ref" v="PL-27"/>
  <tag k="network" v="Transporte Público Urbano Trujillo"/></node>
  <node id="-1039" lat="-8.0895382" lon="-78.9566525" visible="true">
    <tag k="public_transport" v="platform"/>
    <tag k="bus" v="yes"/>
    <tag k="highway" v="bus_stop"/>
    <tag k="source" v="Gerencia de Transporte Metropolitano de Trujillo"/>
    <tag k="ref" v="PL-28"/>
  <tag k="network" v="Transporte Público Urbano Trujillo"/></node>
  <node id="-1040" lat="-8.0777548" lon="-78.9496140" visible="true">
    <tag k="public_transport" v="platform"/>
    <tag k="bus" v="yes"/>
    <tag k="highway" v="bus_stop"/>
    <tag k="source" v="Gerencia de Transporte Metropolitano de Trujillo"/>
    <tag k="ref" v="PL-29"/>
  <tag k="network" v="Transporte Público Urbano Trujillo"/></node>
  <node id="-1041" lat="-8.0833038" lon="-78.9527258" visible="true">
    <tag k="public_transport" v="platform"/>
    <tag k="bus" v="yes"/>
    <tag k="highway" v="bus_stop"/>
    <tag k="source" v="Gerencia de Transporte Metropolitano de Trujillo"/>
    <tag k="ref" v="PL-37"/>
  <tag k="network" v="Transporte Público Urbano Trujillo"/></node>
  <node id="-1042" lat="-8.0918651" lon="-78.9647742" visible="true">
    <tag k="public_transport" v="platform"/>
    <tag k="bus" v="yes"/>
    <tag k="highway" v="bus_stop"/>
    <tag k="source" v="Gerencia de Transporte Metropolitano de Trujillo"/>
    <tag k="ref" v="PL-42"/>
  <tag k="network" v="Transporte Público Urbano Trujillo"/></node>
  <node id="-1043" lat="-8.0844190" lon="-78.9599808" visible="true">
    <tag k="public_transport" v="platform"/>
    <tag k="bus" v="yes"/>
    <tag k="highway" v="bus_stop"/>
    <tag k="source" v="Gerencia de Transporte Metropolitano de Trujillo"/>
    <tag k="ref" v="PL-45"/>
  <tag k="network" v="Transporte Público Urbano Trujillo"/></node>
  <node id="-1044" lat="-8.0903817" lon="-78.9750568" visible="true">
    <tag k="public_transport" v="platform"/>
    <tag k="bus" v="yes"/>
    <tag k="highway" v="bus_stop"/>
    <tag k="source" v="Gerencia de Transporte Metropolitano de Trujillo"/>
    <tag k="ref" v="PL-48"/>
  <tag k="network" v="Transporte Público Urbano Trujillo"/></node>
  <node id="-1045" lat="-8.0823828" lon="-78.9553352" visible="true">
    <tag k="public_transport" v="platform"/>
    <tag k="bus" v="yes"/>
    <tag k="highway" v="bus_stop"/>
    <tag k="source" v="Gerencia de Transporte Metropolitano de Trujillo"/>
    <tag k="ref" v="PL-53"/>
  <tag k="network" v="Transporte Público Urbano Trujillo"/></node>
  <node id="-1046" lat="-8.0869308" lon="-78.9910364" visible="true">
    <tag k="public_transport" v="platform"/>
    <tag k="bus" v="yes"/>
    <tag k="highway" v="bus_stop"/>
    <tag k="source" v="Gerencia de Transporte Metropolitano de Trujillo"/>
    <tag k="ref" v="PL-55"/>
  <tag k="network" v="Transporte Público Urbano Trujillo"/></node>
  <node id="-1047" lat="-8.0913307" lon="-78.9719515" visible="true">
    <tag k="public_transport" v="platform"/>
    <tag k="bus" v="yes"/>
    <tag k="highway" v="bus_stop"/>
    <tag k="source" v="Gerencia de Transporte Metropolitano de Trujillo"/>
    <tag k="ref" v="PL-64"/>
  <tag k="network" v="Transporte Público Urbano Trujillo"/></node>
  <node id="-1048" lat="-8.0914369" lon="-78.9720450" visible="true">
    <tag k="public_transport" v="platform"/>
    <tag k="bus" v="yes"/>
    <tag k="highway" v="bus_stop"/>
    <tag k="source" v="Gerencia de Transporte Metropolitano de Trujillo"/>
    <tag k="ref" v="PL-65"/>
  <tag k="network" v="Transporte Público Urbano Trujillo"/></node>
  <node id="-1049" lat="-8.0779062" lon="-78.9560530" visible="true">
    <tag k="public_transport" v="platform"/>
    <tag k="bus" v="yes"/>
    <tag k="highway" v="bus_stop"/>
    <tag k="source" v="Gerencia de Transporte Metropolitano de Trujillo"/>
    <tag k="ref" v="PL-68"/>
  <tag k="network" v="Transporte Público Urbano Trujillo"/></node>
  <node id="-1050" lat="-8.0778780" lon="-78.9559310" visible="true">
    <tag k="public_transport" v="platform"/>
    <tag k="bus" v="yes"/>
    <tag k="highway" v="bus_stop"/>
    <tag k="source" v="Gerencia de Transporte Metropolitano de Trujillo"/>
    <tag k="ref" v="PL-69"/>
  <tag k="network" v="Transporte Público Urbano Trujillo"/></node>
  <node id="-1051" lat="-8.0756728" lon="-78.9575993" visible="true">
    <tag k="public_transport" v="platform"/>
    <tag k="bus" v="yes"/>
    <tag k="highway" v="bus_stop"/>
    <tag k="source" v="Gerencia de Transporte Metropolitano de Trujillo"/>
    <tag k="ref" v="PL-70"/>
  <tag k="network" v="Transporte Público Urbano Trujillo"/></node>
  <node id="-1052" lat="-8.0732395" lon="-78.9573763" visible="true">
    <tag k="public_transport" v="platform"/>
    <tag k="bus" v="yes"/>
    <tag k="highway" v="bus_stop"/>
    <tag k="source" v="Gerencia de Transporte Metropolitano de Trujillo"/>
    <tag k="ref" v="PL-72"/>
  <tag k="network" v="Transporte Público Urbano Trujillo"/></node>
  <node id="-1053" lat="-8.0731556" lon="-78.9574229" visible="true">
    <tag k="public_transport" v="platform"/>
    <tag k="bus" v="yes"/>
    <tag k="highway" v="bus_stop"/>
    <tag k="source" v="Gerencia de Transporte Metropolitano de Trujillo"/>
    <tag k="ref" v="PL-73"/>
  <tag k="network" v="Transporte Público Urbano Trujillo"/></node>
  <node id="-1054" lat="-8.0711808" lon="-78.9548467" visible="true">
    <tag k="public_transport" v="platform"/>
    <tag k="bus" v="yes"/>
    <tag k="highway" v="bus_stop"/>
    <tag k="source" v="Gerencia de Transporte Metropolitano de Trujillo"/>
    <tag k="ref" v="PL-74"/>
  <tag k="network" v="Transporte Público Urbano Trujillo"/></node>
  <node id="-1055" lat="-8.0712887" lon="-78.9548792" visible="true">
    <tag k="public_transport" v="platform"/>
    <tag k="bus" v="yes"/>
    <tag k="highway" v="bus_stop"/>
    <tag k="source" v="Gerencia de Transporte Metropolitano de Trujillo"/>
    <tag k="ref" v="PL-75"/>
  <tag k="network" v="Transporte Público Urbano Trujillo"/></node>
  <node id="-1056" lat="-8.0684744" lon="-78.9527083" visible="true">
    <tag k="public_transport" v="platform"/>
    <tag k="bus" v="yes"/>
    <tag k="highway" v="bus_stop"/>
    <tag k="source" v="Gerencia de Transporte Metropolitano de Trujillo"/>
    <tag k="ref" v="PL-78"/>
  <tag k="network" v="Transporte Público Urbano Trujillo"/></node>
  <node id="-1057" lat="-8.0662018" lon="-78.9778818" visible="true">
    <tag k="public_transport" v="platform"/>
    <tag k="bus" v="yes"/>
    <tag k="highway" v="bus_stop"/>
    <tag k="source" v="Gerencia de Transporte Metropolitano de Trujillo"/>
    <tag k="ref" v="PL-88"/>
  <tag k="network" v="Transporte Público Urbano Trujillo"/></node>
  <node id="-1058" lat="-8.0868701" lon="-78.9918826" visible="true">
    <tag k="public_transport" v="platform"/>
    <tag k="bus" v="yes"/>
    <tag k="highway" v="bus_stop"/>
    <tag k="source" v="Gerencia de Transporte Metropolitano de Trujillo"/>
    <tag k="ref" v="PL-92"/>
  <tag k="network" v="Transporte Público Urbano Trujillo"/></node>
  <node id="-1059" lat="-8.0769299" lon="-78.9924734" visible="true">
    <tag k="public_transport" v="platform"/>
    <tag k="bus" v="yes"/>
    <tag k="highway" v="bus_stop"/>
    <tag k="source" v="Gerencia de Transporte Metropolitano de Trujillo"/>
    <tag k="ref" v="PL-95"/>
  <tag k="network" v="Transporte Público Urbano Trujillo"/></node>
  <node id="-1060" lat="-8.1092908" lon="-78.9896986" visible="true">
    <tag k="public_transport" v="platform"/>
    <tag k="bus" v="yes"/>
    <tag k="highway" v="bus_stop"/>
    <tag k="source" v="Gerencia de Transporte Metropolitano de Trujillo"/>
    <tag k="ref" v="PL-97"/>
  <tag k="network" v="Transporte Público Urbano Trujillo"/></node>
  <node id="-1061" lat="-8.1092964" lon="-78.9915819" visible="true">
    <tag k="public_transport" v="platform"/>
    <tag k="bus" v="yes"/>
    <tag k="highway" v="bus_stop"/>
    <tag k="source" v="Gerencia de Transporte Metropolitano de Trujillo"/>
    <tag k="ref" v="PL-99"/>
  <tag k="network" v="Transporte Público Urbano Trujillo"/></node>
  <node id="-1062" lat="-8.1528521" lon="-79.0120374" visible="true">
    <tag k="public_transport" v="platform"/>
    <tag k="bus" v="yes"/>
    <tag k="highway" v="bus_stop"/>
    <tag k="source" v="Gerencia de Transporte Metropolitano de Trujillo"/>
    <tag k="ref" v="PM-1"/>
  <tag k="network" v="Transporte Público Urbano Trujillo"/></node>
  <node id="-1063" lat="-8.1792137" lon="-78.9936273" visible="true">
    <tag k="public_transport" v="platform"/>
    <tag k="bus" v="yes"/>
    <tag k="highway" v="bus_stop"/>
    <tag k="source" v="Gerencia de Transporte Metropolitano de Trujillo"/>
    <tag k="ref" v="PM-101"/>
  <tag k="network" v="Transporte Público Urbano Trujillo"/></node>
  <node id="-1064" lat="-8.1835616" lon="-78.9935808" visible="true">
    <tag k="public_transport" v="platform"/>
    <tag k="bus" v="yes"/>
    <tag k="highway" v="bus_stop"/>
    <tag k="source" v="Gerencia de Transporte Metropolitano de Trujillo"/>
    <tag k="ref" v="PM-102"/>
  <tag k="network" v="Transporte Público Urbano Trujillo"/></node>
  <node id="-1065" lat="-8.1851345" lon="-78.9916017" visible="true">
    <tag k="public_transport" v="platform"/>
    <tag k="bus" v="yes"/>
    <tag k="highway" v="bus_stop"/>
    <tag k="source" v="Gerencia de Transporte Metropolitano de Trujillo"/>
    <tag k="ref" v="PM-103"/>
  <tag k="network" v="Transporte Público Urbano Trujillo"/></node>
  <node id="-1066" lat="-8.1870925" lon="-78.9897928" visible="true">
    <tag k="public_transport" v="platform"/>
    <tag k="bus" v="yes"/>
    <tag k="highway" v="bus_stop"/>
    <tag k="source" v="Gerencia de Transporte Metropolitano de Trujillo"/>
    <tag k="ref" v="PM-104"/>
  <tag k="network" v="Transporte Público Urbano Trujillo"/></node>
  <node id="-1067" lat="-8.1817216" lon="-78.9942852" visible="true">
    <tag k="public_transport" v="platform"/>
    <tag k="bus" v="yes"/>
    <tag k="highway" v="bus_stop"/>
    <tag k="source" v="Gerencia de Transporte Metropolitano de Trujillo"/>
    <tag k="ref" v="PM-106"/>
  <tag k="network" v="Transporte Público Urbano Trujillo"/></node>
  <node id="-1068" lat="-8.1844429" lon="-78.9906320" visible="true">
    <tag k="public_transport" v="platform"/>
    <tag k="bus" v="yes"/>
    <tag k="highway" v="bus_stop"/>
    <tag k="source" v="Gerencia de Transporte Metropolitano de Trujillo"/>
    <tag k="ref" v="PM-107"/>
  <tag k="network" v="Transporte Público Urbano Trujillo"/></node>
  <node id="-1069" lat="-8.1879669" lon="-78.9943157" visible="true">
    <tag k="public_transport" v="platform"/>
    <tag k="bus" v="yes"/>
    <tag k="highway" v="bus_stop"/>
    <tag k="source" v="Gerencia de Transporte Metropolitano de Trujillo"/>
    <tag k="ref" v="PM-108"/>
  <tag k="network" v="Transporte Público Urbano Trujillo"/></node>
  <node id="-1070" lat="-8.1853436" lon="-78.9952018" visible="true">
    <tag k="public_transport" v="platform"/>
    <tag k="bus" v="yes"/>
    <tag k="highway" v="bus_stop"/>
    <tag k="source" v="Gerencia de Transporte Metropolitano de Trujillo"/>
    <tag k="ref" v="PM-109"/>
  <tag k="network" v="Transporte Público Urbano Trujillo"/></node>
  <node id="-1071" lat="-8.1822015" lon="-78.9962412" visible="true">
    <tag k="public_transport" v="platform"/>
    <tag k="bus" v="yes"/>
    <tag k="highway" v="bus_stop"/>
    <tag k="source" v="Gerencia de Transporte Metropolitano de Trujillo"/>
    <tag k="ref" v="PM-110"/>
  <tag k="network" v="Transporte Público Urbano Trujillo"/></node>
  <node id="-1072" lat="-8.1816068" lon="-78.9919865" visible="true">
    <tag k="public_transport" v="platform"/>
    <tag k="bus" v="yes"/>
    <tag k="highway" v="bus_stop"/>
    <tag k="source" v="Gerencia de Transporte Metropolitano de Trujillo"/>
    <tag k="ref" v="PM-114"/>
  <tag k="network" v="Transporte Público Urbano Trujillo"/></node>
  <node id="-1073" lat="-8.1835299" lon="-78.9880494" visible="true">
    <tag k="public_transport" v="platform"/>
    <tag k="bus" v="yes"/>
    <tag k="highway" v="bus_stop"/>
    <tag k="source" v="Gerencia de Transporte Metropolitano de Trujillo"/>
    <tag k="ref" v="PM-115"/>
  <tag k="network" v="Transporte Público Urbano Trujillo"/></node>
  <node id="-1074" lat="-8.1823127" lon="-79.0118523" visible="true">
    <tag k="public_transport" v="platform"/>
    <tag k="bus" v="yes"/>
    <tag k="highway" v="bus_stop"/>
    <tag k="source" v="Gerencia de Transporte Metropolitano de Trujillo"/>
    <tag k="ref" v="PM-12"/>
  <tag k="network" v="Transporte Público Urbano Trujillo"/></node>
  <node id="-1075" lat="-8.1369074" lon="-79.0164493" visible="true">
    <tag k="public_transport" v="platform"/>
    <tag k="bus" v="yes"/>
    <tag k="highway" v="bus_stop"/>
    <tag k="source" v="Gerencia de Transporte Metropolitano de Trujillo"/>
    <tag k="ref" v="PM-122"/>
  <tag k="network" v="Transporte Público Urbano Trujillo"/></node>
  <node id="-1076" lat="-8.1400721" lon="-79.0144407" visible="true">
    <tag k="public_transport" v="platform"/>
    <tag k="bus" v="yes"/>
    <tag k="highway" v="bus_stop"/>
    <tag k="source" v="Gerencia de Transporte Metropolitano de Trujillo"/>
    <tag k="ref" v="PM-125"/>
  <tag k="network" v="Transporte Público Urbano Trujillo"/></node>
  <node id="-1077" lat="-8.1121228" lon="-78.9984161" visible="true">
    <tag k="public_transport" v="platform"/>
    <tag k="bus" v="yes"/>
    <tag k="highway" v="bus_stop"/>
    <tag k="source" v="Gerencia de Transporte Metropolitano de Trujillo"/>
    <tag k="ref" v="PM-126"/>
  <tag k="network" v="Transporte Público Urbano Trujillo"/></node>
  <node id="-1078" lat="-8.1715419" lon="-79.0113263" visible="true">
    <tag k="public_transport" v="platform"/>
    <tag k="bus" v="yes"/>
    <tag k="highway" v="bus_stop"/>
    <tag k="source" v="Gerencia de Transporte Metropolitano de Trujillo"/>
    <tag k="ref" v="PM-18"/>
  <tag k="network" v="Transporte Público Urbano Trujillo"/></node>
  <node id="-1079" lat="-8.1708904" lon="-79.0022356" visible="true">
    <tag k="public_transport" v="platform"/>
    <tag k="bus" v="yes"/>
    <tag k="highway" v="bus_stop"/>
    <tag k="source" v="Gerencia de Transporte Metropolitano de Trujillo"/>
    <tag k="ref" v="PM-25"/>
  <tag k="network" v="Transporte Público Urbano Trujillo"/></node>
  <node id="-1080" lat="-8.1734734" lon="-78.9988574" visible="true">
    <tag k="public_transport" v="platform"/>
    <tag k="bus" v="yes"/>
    <tag k="highway" v="bus_stop"/>
    <tag k="source" v="Gerencia de Transporte Metropolitano de Trujillo"/>
    <tag k="ref" v="PM-26"/>
  <tag k="network" v="Transporte Público Urbano Trujillo"/></node>
  <node id="-1081" lat="-8.1487098" lon="-79.0116854" visible="true">
    <tag k="public_transport" v="platform"/>
    <tag k="bus" v="yes"/>
    <tag k="highway" v="bus_stop"/>
    <tag k="source" v="Gerencia de Transporte Metropolitano de Trujillo"/>
    <tag k="ref" v="PM-28"/>
  <tag k="network" v="Transporte Público Urbano Trujillo"/></node>
  <node id="-1082" lat="-8.1436099" lon="-78.9991950" visible="true">
    <tag k="public_transport" v="platform"/>
    <tag k="bus" v="yes"/>
    <tag k="highway" v="bus_stop"/>
    <tag k="source" v="Gerencia de Transporte Metropolitano de Trujillo"/>
    <tag k="ref" v="PM-31"/>
  <tag k="network" v="Transporte Público Urbano Trujillo"/></node>
  <node id="-1083" lat="-8.1397134" lon="-78.9980847" visible="true">
    <tag k="public_transport" v="platform"/>
    <tag k="bus" v="yes"/>
    <tag k="highway" v="bus_stop"/>
    <tag k="source" v="Gerencia de Transporte Metropolitano de Trujillo"/>
    <tag k="ref" v="PM-32"/>
  <tag k="network" v="Transporte Público Urbano Trujillo"/></node>
  <node id="-1084" lat="-8.1342703" lon="-78.9966881" visible="true">
    <tag k="public_transport" v="platform"/>
    <tag k="bus" v="yes"/>
    <tag k="highway" v="bus_stop"/>
    <tag k="source" v="Gerencia de Transporte Metropolitano de Trujillo"/>
    <tag k="ref" v="PM-34"/>
  <tag k="network" v="Transporte Público Urbano Trujillo"/></node>
  <node id="-1085" lat="-8.1385754" lon="-78.9939314" visible="true">
    <tag k="public_transport" v="platform"/>
    <tag k="bus" v="yes"/>
    <tag k="highway" v="bus_stop"/>
    <tag k="source" v="Gerencia de Transporte Metropolitano de Trujillo"/>
    <tag k="ref" v="PM-35"/>
  <tag k="network" v="Transporte Público Urbano Trujillo"/></node>
  <node id="-1086" lat="-8.1475498" lon="-79.0058303" visible="true">
    <tag k="public_transport" v="platform"/>
    <tag k="bus" v="yes"/>
    <tag k="highway" v="bus_stop"/>
    <tag k="source" v="Gerencia de Transporte Metropolitano de Trujillo"/>
    <tag k="ref" v="PM-39"/>
  <tag k="network" v="Transporte Público Urbano Trujillo"/></node>
  <node id="-1087" lat="-8.1779895" lon="-79.0141359" visible="true">
    <tag k="public_transport" v="platform"/>
    <tag k="bus" v="yes"/>
    <tag k="highway" v="bus_stop"/>
    <tag k="source" v="Gerencia de Transporte Metropolitano de Trujillo"/>
    <tag k="ref" v="PM-4"/>
  <tag k="network" v="Transporte Público Urbano Trujillo"/></node>
  <node id="-1088" lat="-8.1528574" lon="-79.0118688" visible="true">
    <tag k="public_transport" v="platform"/>
    <tag k="bus" v="yes"/>
    <tag k="highway" v="bus_stop"/>
    <tag k="source" v="Gerencia de Transporte Metropolitano de Trujillo"/>
    <tag k="ref" v="PM-40"/>
  <tag k="network" v="Transporte Público Urbano Trujillo"/></node>
  <node id="-1089" lat="-8.1780372" lon="-79.0160342" visible="true">
    <tag k="public_transport" v="platform"/>
    <tag k="bus" v="yes"/>
    <tag k="highway" v="bus_stop"/>
    <tag k="source" v="Gerencia de Transporte Metropolitano de Trujillo"/>
    <tag k="ref" v="PM-45"/>
  <tag k="network" v="Transporte Público Urbano Trujillo"/></node>
  <node id="-1090" lat="-8.1771090" lon="-79.0153955" visible="true">
    <tag k="public_transport" v="platform"/>
    <tag k="bus" v="yes"/>
    <tag k="highway" v="bus_stop"/>
    <tag k="source" v="Gerencia de Transporte Metropolitano de Trujillo"/>
    <tag k="ref" v="PM-46"/>
  <tag k="network" v="Transporte Público Urbano Trujillo"/></node>
  <node id="-1091" lat="-8.1820721" lon="-79.0118064" visible="true">
    <tag k="public_transport" v="platform"/>
    <tag k="bus" v="yes"/>
    <tag k="highway" v="bus_stop"/>
    <tag k="source" v="Gerencia de Transporte Metropolitano de Trujillo"/>
    <tag k="ref" v="PM-47"/>
  <tag k="network" v="Transporte Público Urbano Trujillo"/></node>
  <node id="-1092" lat="-8.1847173" lon="-79.0103151" visible="true">
    <tag k="public_transport" v="platform"/>
    <tag k="bus" v="yes"/>
    <tag k="highway" v="bus_stop"/>
    <tag k="source" v="Gerencia de Transporte Metropolitano de Trujillo"/>
    <tag k="ref" v="PM-48"/>
  <tag k="network" v="Transporte Público Urbano Trujillo"/></node>
  <node id="-1093" lat="-8.1800686" lon="-79.0128595" visible="true">
    <tag k="public_transport" v="platform"/>
    <tag k="bus" v="yes"/>
    <tag k="highway" v="bus_stop"/>
    <tag k="source" v="Gerencia de Transporte Metropolitano de Trujillo"/>
    <tag k="ref" v="PM-5"/>
  <tag k="network" v="Transporte Público Urbano Trujillo"/></node>
  <node id="-1094" lat="-8.1876327" lon="-79.0059138" visible="true">
    <tag k="public_transport" v="platform"/>
    <tag k="bus" v="yes"/>
    <tag k="highway" v="bus_stop"/>
    <tag k="source" v="Gerencia de Transporte Metropolitano de Trujillo"/>
    <tag k="ref" v="PM-52"/>
  <tag k="network" v="Transporte Público Urbano Trujillo"/></node>
  <node id="-1095" lat="-8.1716275" lon="-79.0112971" visible="true">
    <tag k="public_transport" v="platform"/>
    <tag k="bus" v="yes"/>
    <tag k="highway" v="bus_stop"/>
    <tag k="source" v="Gerencia de Transporte Metropolitano de Trujillo"/>
    <tag k="ref" v="PM-56"/>
  <tag k="network" v="Transporte Público Urbano Trujillo"/></node>
  <node id="-1096" lat="-8.1772550" lon="-79.0152849" visible="true">
    <tag k="public_transport" v="platform"/>
    <tag k="bus" v="yes"/>
    <tag k="highway" v="bus_stop"/>
    <tag k="source" v="Gerencia de Transporte Metropolitano de Trujillo"/>
    <tag k="ref" v="PM-6"/>
  <tag k="network" v="Transporte Público Urbano Trujillo"/></node>
  <node id="-1097" lat="-8.1684356" lon="-79.0058620" visible="true">
    <tag k="public_transport" v="platform"/>
    <tag k="bus" v="yes"/>
    <tag k="highway" v="bus_stop"/>
    <tag k="source" v="Gerencia de Transporte Metropolitano de Trujillo"/>
    <tag k="ref" v="PM-62"/>
  <tag k="network" v="Transporte Público Urbano Trujillo"/></node>
  <node id="-1098" lat="-8.1710932" lon="-79.0023070" visible="true">
    <tag k="public_transport" v="platform"/>
    <tag k="bus" v="yes"/>
    <tag k="highway" v="bus_stop"/>
    <tag k="source" v="Gerencia de Transporte Metropolitano de Trujillo"/>
    <tag k="ref" v="PM-64"/>
  <tag k="network" v="Transporte Público Urbano Trujillo"/></node>
  <node id="-1099" lat="-8.1739403" lon="-78.9986689" visible="true">
    <tag k="public_transport" v="platform"/>
    <tag k="bus" v="yes"/>
    <tag k="highway" v="bus_stop"/>
    <tag k="source" v="Gerencia de Transporte Metropolitano de Trujillo"/>
    <tag k="ref" v="PM-65"/>
  <tag k="network" v="Transporte Público Urbano Trujillo"/></node>
  <node id="-1100" lat="-8.1486869" lon="-79.0118118" visible="true">
    <tag k="public_transport" v="platform"/>
    <tag k="bus" v="yes"/>
    <tag k="highway" v="bus_stop"/>
    <tag k="source" v="Gerencia de Transporte Metropolitano de Trujillo"/>
    <tag k="ref" v="PM-69"/>
  <tag k="network" v="Transporte Público Urbano Trujillo"/></node>
  <node id="12121157801" lat="-8.1694508" lon="-79.0107644" version="2" action="modify">
    <tag k="advertising" v="no"/>
    <tag k="bench" v="yes"/>
    <tag k="bicycle_parking" v="no"/>
    <tag k="bin" v="yes"/>
    <tag k="bus" v="yes"/>
    <tag k="departures_board" v="no"/>
    <tag k="highway" v="bus_stop"/>
    <tag k="level" v="0"/>
    <tag k="lit" v="yes"/>
    <tag k="name" v="Jirón José Galvez"/>
    <tag k="passenger_information_display:speech_output" v="no"/>
    <tag k="pole" v="no"/>
    <tag k="public_transport" v="platform"/>
    <tag k="ramp" v="yes"/>
    <tag k="ref" v="PM-7"/>
    <tag k="shelter" v="yes"/>
    <tag k="tactile_paving" v="no"/>
    <tag k="tactile_writing:braille:es" v="no"/>
  <tag k="network" v="Transporte Público Urbano Trujillo"/><tag k="source:ref" v="Gerencia de Transporte Metropolitano de Trujillo"/></node>
  <node id="-1101" lat="-8.1760158" lon="-78.9957028" visible="true">
    <tag k="public_transport" v="platform"/>
    <tag k="bus" v="yes"/>
    <tag k="highway" v="bus_stop"/>
    <tag k="source" v="Gerencia de Transporte Metropolitano de Trujillo"/>
    <tag k="ref" v="PM-71"/>
  <tag k="network" v="Transporte Público Urbano Trujillo"/></node>
  <node id="-1102" lat="-8.1384144" lon="-78.9938007" visible="true">
    <tag k="public_transport" v="platform"/>
    <tag k="bus" v="yes"/>
    <tag k="highway" v="bus_stop"/>
    <tag k="source" v="Gerencia de Transporte Metropolitano de Trujillo"/>
    <tag k="ref" v="PM-72"/>
  <tag k="network" v="Transporte Público Urbano Trujillo"/></node>
  <node id="-1103" lat="-8.1344110" lon="-78.9965503" visible="true">
    <tag k="public_transport" v="platform"/>
    <tag k="bus" v="yes"/>
    <tag k="highway" v="bus_stop"/>
    <tag k="source" v="Gerencia de Transporte Metropolitano de Trujillo"/>
    <tag k="ref" v="PM-73"/>
  <tag k="network" v="Transporte Público Urbano Trujillo"/></node>
  <node id="-1104" lat="-8.1435688" lon="-78.9992882" visible="true">
    <tag k="public_transport" v="platform"/>
    <tag k="bus" v="yes"/>
    <tag k="highway" v="bus_stop"/>
    <tag k="source" v="Gerencia de Transporte Metropolitano de Trujillo"/>
    <tag k="ref" v="PM-76"/>
  <tag k="network" v="Transporte Público Urbano Trujillo"/></node>
  <node id="-1105" lat="-8.1781298" lon="-79.0160564" visible="true">
    <tag k="public_transport" v="platform"/>
    <tag k="bus" v="yes"/>
    <tag k="highway" v="bus_stop"/>
    <tag k="source" v="Gerencia de Transporte Metropolitano de Trujillo"/>
    <tag k="ref" v="PM-8"/>
  <tag k="network" v="Transporte Público Urbano Trujillo"/></node>
  <node id="-1106" lat="-8.1356992" lon="-78.9952113" visible="true">
    <tag k="public_transport" v="platform"/>
    <tag k="bus" v="yes"/>
    <tag k="highway" v="bus_stop"/>
    <tag k="source" v="Gerencia de Transporte Metropolitano de Trujillo"/>
    <tag k="ref" v="PM-80"/>
  <tag k="network" v="Transporte Público Urbano Trujillo"/></node>
  <node id="-1107" lat="-8.1887133" lon="-79.0061386" visible="true">
    <tag k="public_transport" v="platform"/>
    <tag k="bus" v="yes"/>
    <tag k="highway" v="bus_stop"/>
    <tag k="source" v="Gerencia de Transporte Metropolitano de Trujillo"/>
    <tag k="ref" v="PM-87"/>
  <tag k="network" v="Transporte Público Urbano Trujillo"/></node>
  <node id="-1108" lat="-8.1887912" lon="-79.0062284" visible="true">
    <tag k="public_transport" v="platform"/>
    <tag k="bus" v="yes"/>
    <tag k="highway" v="bus_stop"/>
    <tag k="source" v="Gerencia de Transporte Metropolitano de Trujillo"/>
    <tag k="ref" v="PM-88"/>
  <tag k="network" v="Transporte Público Urbano Trujillo"/></node>
  <node id="-1109" lat="-8.1770898" lon="-78.9963901" visible="true">
    <tag k="public_transport" v="platform"/>
    <tag k="bus" v="yes"/>
    <tag k="highway" v="bus_stop"/>
    <tag k="source" v="Gerencia de Transporte Metropolitano de Trujillo"/>
    <tag k="ref" v="PM-89"/>
  <tag k="network" v="Transporte Público Urbano Trujillo"/></node>
  <node id="-1110" lat="-8.1809281" lon="-78.9894656" visible="true">
    <tag k="public_transport" v="platform"/>
    <tag k="bus" v="yes"/>
    <tag k="highway" v="bus_stop"/>
    <tag k="source" v="Gerencia de Transporte Metropolitano de Trujillo"/>
    <tag k="ref" v="PM-92"/>
  <tag k="network" v="Transporte Público Urbano Trujillo"/></node>
  <node id="-1111" lat="-8.1824072" lon="-78.9934343" visible="true">
    <tag k="public_transport" v="platform"/>
    <tag k="bus" v="yes"/>
    <tag k="highway" v="bus_stop"/>
    <tag k="source" v="Gerencia de Transporte Metropolitano de Trujillo"/>
    <tag k="ref" v="PM-94"/>
  <tag k="network" v="Transporte Público Urbano Trujillo"/></node>
  <node id="-1112" lat="-8.1792771" lon="-78.9970905" visible="true">
    <tag k="public_transport" v="platform"/>
    <tag k="bus" v="yes"/>
    <tag k="highway" v="bus_stop"/>
    <tag k="source" v="Gerencia de Transporte Metropolitano de Trujillo"/>
    <tag k="ref" v="PM-95"/>
  <tag k="network" v="Transporte Público Urbano Trujillo"/></node>
  <node id="-1113" lat="-8.1845298" lon="-78.9957128" visible="true">
    <tag k="public_transport" v="platform"/>
    <tag k="bus" v="yes"/>
    <tag k="highway" v="bus_stop"/>
    <tag k="source" v="Gerencia de Transporte Metropolitano de Trujillo"/>
    <tag k="ref" v="PM-97"/>
  <tag k="network" v="Transporte Público Urbano Trujillo"/></node>
  <node id="-1114" lat="-8.1883389" lon="-78.9945497" visible="true">
    <tag k="public_transport" v="platform"/>
    <tag k="bus" v="yes"/>
    <tag k="highway" v="bus_stop"/>
    <tag k="source" v="Gerencia de Transporte Metropolitano de Trujillo"/>
    <tag k="ref" v="PM-98"/>
  <tag k="network" v="Transporte Público Urbano Trujillo"/></node>
  <node id="-1115" lat="-8.1399451" lon="-79.0142003" visible="true">
    <tag k="public_transport" v="platform"/>
    <tag k="bus" v="yes"/>
    <tag k="highway" v="bus_stop"/>
    <tag k="source" v="Gerencia de Transporte Metropolitano de Trujillo"/>
    <tag k="ref" v="PM-SC-01"/>
  <tag k="network" v="Transporte Público Urbano Trujillo"/></node>
  <node id="-1116" lat="-8.1807516" lon="-78.9893114" visible="true">
    <tag k="public_transport" v="platform"/>
    <tag k="bus" v="yes"/>
    <tag k="highway" v="bus_stop"/>
    <tag k="source" v="Gerencia de Transporte Metropolitano de Trujillo"/>
    <tag k="ref" v="PM-SC4"/>
  <tag k="network" v="Transporte Público Urbano Trujillo"/></node>
  <node id="-1117" lat="-8.1853963" lon="-78.9831312" visible="true">
    <tag k="public_transport" v="platform"/>
    <tag k="bus" v="yes"/>
    <tag k="highway" v="bus_stop"/>
    <tag k="source" v="Gerencia de Transporte Metropolitano de Trujillo"/>
    <tag k="ref" v="PM-SC6"/>
  <tag k="network" v="Transporte Público Urbano Trujillo"/></node>
  <node id="-1118" lat="-8.1906759" lon="-78.9934705" visible="true">
    <tag k="public_transport" v="platform"/>
    <tag k="bus" v="yes"/>
    <tag k="highway" v="bus_stop"/>
    <tag k="source" v="Gerencia de Transporte Metropolitano de Trujillo"/>
    <tag k="ref" v="PS-12"/>
  <tag k="network" v="Transporte Público Urbano Trujillo"/></node>
  <node id="-1119" lat="-8.1953930" lon="-78.9902912" visible="true">
    <tag k="public_transport" v="platform"/>
    <tag k="bus" v="yes"/>
    <tag k="highway" v="bus_stop"/>
    <tag k="source" v="Gerencia de Transporte Metropolitano de Trujillo"/>
    <tag k="ref" v="PS-14"/>
  <tag k="network" v="Transporte Público Urbano Trujillo"/></node>
  <node id="-1120" lat="-8.1986344" lon="-78.9881724" visible="true">
    <tag k="public_transport" v="platform"/>
    <tag k="bus" v="yes"/>
    <tag k="highway" v="bus_stop"/>
    <tag k="source" v="Gerencia de Transporte Metropolitano de Trujillo"/>
    <tag k="ref" v="PS-15"/>
  <tag k="network" v="Transporte Público Urbano Trujillo"/></node>
  <node id="-1121" lat="-8.2067868" lon="-78.9826991" visible="true">
    <tag k="public_transport" v="platform"/>
    <tag k="bus" v="yes"/>
    <tag k="highway" v="bus_stop"/>
    <tag k="source" v="Gerencia de Transporte Metropolitano de Trujillo"/>
    <tag k="ref" v="PS-18"/>
  <tag k="network" v="Transporte Público Urbano Trujillo"/></node>
  <node id="-1122" lat="-8.2125004" lon="-78.9809040" visible="true">
    <tag k="public_transport" v="platform"/>
    <tag k="bus" v="yes"/>
    <tag k="highway" v="bus_stop"/>
    <tag k="source" v="Gerencia de Transporte Metropolitano de Trujillo"/>
    <tag k="ref" v="PS-20"/>
  <tag k="network" v="Transporte Público Urbano Trujillo"/></node>
  <node id="-1123" lat="-8.2157239" lon="-78.9802469" visible="true">
    <tag k="public_transport" v="platform"/>
    <tag k="bus" v="yes"/>
    <tag k="highway" v="bus_stop"/>
    <tag k="source" v="Gerencia de Transporte Metropolitano de Trujillo"/>
    <tag k="ref" v="PS-21"/>
  <tag k="network" v="Transporte Público Urbano Trujillo"/></node>
  <node id="-1124" lat="-8.2206898" lon="-78.9777886" visible="true">
    <tag k="public_transport" v="platform"/>
    <tag k="bus" v="yes"/>
    <tag k="highway" v="bus_stop"/>
    <tag k="source" v="Gerencia de Transporte Metropolitano de Trujillo"/>
    <tag k="ref" v="PS-23"/>
  <tag k="network" v="Transporte Público Urbano Trujillo"/></node>
  <node id="-1125" lat="-8.2229612" lon="-78.9743363" visible="true">
    <tag k="public_transport" v="platform"/>
    <tag k="bus" v="yes"/>
    <tag k="highway" v="bus_stop"/>
    <tag k="source" v="Gerencia de Transporte Metropolitano de Trujillo"/>
    <tag k="ref" v="PS-25"/>
  <tag k="network" v="Transporte Público Urbano Trujillo"/></node>
  <node id="-1126" lat="-8.2205022" lon="-78.9748325" visible="true">
    <tag k="public_transport" v="platform"/>
    <tag k="bus" v="yes"/>
    <tag k="highway" v="bus_stop"/>
    <tag k="source" v="Gerencia de Transporte Metropolitano de Trujillo"/>
    <tag k="ref" v="PS-26"/>
  <tag k="network" v="Transporte Público Urbano Trujillo"/></node>
  <node id="-1127" lat="-8.2195489" lon="-78.9722194" visible="true">
    <tag k="public_transport" v="platform"/>
    <tag k="bus" v="yes"/>
    <tag k="highway" v="bus_stop"/>
    <tag k="source" v="Gerencia de Transporte Metropolitano de Trujillo"/>
    <tag k="ref" v="PS-27"/>
  <tag k="network" v="Transporte Público Urbano Trujillo"/></node>
  <node id="-1128" lat="-8.1888284" lon="-78.9862486" visible="true">
    <tag k="public_transport" v="platform"/>
    <tag k="bus" v="yes"/>
    <tag k="highway" v="bus_stop"/>
    <tag k="source" v="Gerencia de Transporte Metropolitano de Trujillo"/>
    <tag k="ref" v="PS-36"/>
  <tag k="network" v="Transporte Público Urbano Trujillo"/></node>
  <node id="-1129" lat="-8.1852327" lon="-78.9838078" visible="true">
    <tag k="public_transport" v="platform"/>
    <tag k="bus" v="yes"/>
    <tag k="highway" v="bus_stop"/>
    <tag k="source" v="Gerencia de Transporte Metropolitano de Trujillo"/>
    <tag k="ref" v="PS-4"/>
  <tag k="network" v="Transporte Público Urbano Trujillo"/></node>
  <node id="-1130" lat="-8.1909656" lon="-78.9827115" visible="true">
    <tag k="public_transport" v="platform"/>
    <tag k="bus" v="yes"/>
    <tag k="highway" v="bus_stop"/>
    <tag k="source" v="Gerencia de Transporte Metropolitano de Trujillo"/>
    <tag k="ref" v="PS-40"/>
  <tag k="network" v="Transporte Público Urbano Trujillo"/></node>
  <node id="-1131" lat="-8.1864470" lon="-78.9879346" visible="true">
    <tag k="public_transport" v="platform"/>
    <tag k="bus" v="yes"/>
    <tag k="highway" v="bus_stop"/>
    <tag k="source" v="Gerencia de Transporte Metropolitano de Trujillo"/>
    <tag k="ref" v="PS-42"/>
  <tag k="network" v="Transporte Público Urbano Trujillo"/></node>
  <node id="-1132" lat="-8.2202604" lon="-78.9739590" visible="true">
    <tag k="public_transport" v="platform"/>
    <tag k="bus" v="yes"/>
    <tag k="highway" v="bus_stop"/>
    <tag k="source" v="Gerencia de Transporte Metropolitano de Trujillo"/>
    <tag k="ref" v="PS-45"/>
  <tag k="network" v="Transporte Público Urbano Trujillo"/></node>
  <node id="-1133" lat="-8.2171853" lon="-78.9770527" visible="true">
    <tag k="public_transport" v="platform"/>
    <tag k="bus" v="yes"/>
    <tag k="highway" v="bus_stop"/>
    <tag k="source" v="Gerencia de Transporte Metropolitano de Trujillo"/>
    <tag k="ref" v="PS-47"/>
  <tag k="network" v="Transporte Público Urbano Trujillo"/></node>
  <node id="-1134" lat="-8.2114770" lon="-78.9785514" visible="true">
    <tag k="public_transport" v="platform"/>
    <tag k="bus" v="yes"/>
    <tag k="highway" v="bus_stop"/>
    <tag k="source" v="Gerencia de Transporte Metropolitano de Trujillo"/>
    <tag k="ref" v="PS-49"/>
  <tag k="network" v="Transporte Público Urbano Trujillo"/></node>
  <node id="-1135" lat="-8.2114573" lon="-78.9808260" visible="true">
    <tag k="public_transport" v="platform"/>
    <tag k="bus" v="yes"/>
    <tag k="highway" v="bus_stop"/>
    <tag k="source" v="Gerencia de Transporte Metropolitano de Trujillo"/>
    <tag k="ref" v="PS-50"/>
  <tag k="network" v="Transporte Público Urbano Trujillo"/></node>
  <node id="12121157807" lat="-8.2042044" lon="-78.9841320" version="2" action="modify">
    <tag k="advertising" v="no"/>
    <tag k="bench" v="yes"/>
    <tag k="bicycle_parking" v="no"/>
    <tag k="bin" v="no"/>
    <tag k="bus" v="yes"/>
    <tag k="departures_board" v="no"/>
    <tag k="highway" v="bus_stop"/>
    <tag k="level" v="0"/>
    <tag k="lit" v="yes"/>
    <tag k="name" v="Avenida de La Marina"/>
    <tag k="passenger_information_display:speech_output" v="no"/>
    <tag k="pole" v="no"/>
    <tag k="public_transport" v="platform"/>
    <tag k="ramp" v="no"/>
    <tag k="ref" v="PS-52"/>
    <tag k="shelter" v="yes"/>
    <tag k="tactile_paving" v="no"/>
    <tag k="tactile_writing:braille:es" v="no"/>
  <tag k="network" v="Transporte Público Urbano Trujillo"/><tag k="source:ref" v="Gerencia de Transporte Metropolitano de Trujillo"/></node>
  <node id="-1136" lat="-8.2021158" lon="-78.9855134" visible="true">
    <tag k="public_transport" v="platform"/>
    <tag k="bus" v="yes"/>
    <tag k="highway" v="bus_stop"/>
    <tag k="source" v="Gerencia de Transporte Metropolitano de Trujillo"/>
    <tag k="ref" v="PS-53"/>
  <tag k="network" v="Transporte Público Urbano Trujillo"/></node>
  <node id="-1137" lat="-8.1985046" lon="-78.9879034" visible="true">
    <tag k="public_transport" v="platform"/>
    <tag k="bus" v="yes"/>
    <tag k="highway" v="bus_stop"/>
    <tag k="source" v="Gerencia de Transporte Metropolitano de Trujillo"/>
    <tag k="ref" v="PS-54"/>
  <tag k="network" v="Transporte Público Urbano Trujillo"/></node>
  <node id="-1138" lat="-8.1964624" lon="-78.9892893" visible="true">
    <tag k="public_transport" v="platform"/>
    <tag k="bus" v="yes"/>
    <tag k="highway" v="bus_stop"/>
    <tag k="source" v="Gerencia de Transporte Metropolitano de Trujillo"/>
    <tag k="ref" v="PS-55"/>
  <tag k="network" v="Transporte Público Urbano Trujillo"/></node>
  <node id="-1139" lat="-8.1914086" lon="-78.9926095" visible="true">
    <tag k="public_transport" v="platform"/>
    <tag k="bus" v="yes"/>
    <tag k="highway" v="bus_stop"/>
    <tag k="source" v="Gerencia de Transporte Metropolitano de Trujillo"/>
    <tag k="ref" v="PS-57"/>
  <tag k="network" v="Transporte Público Urbano Trujillo"/></node>
  <node id="-1140" lat="-8.1889431" lon="-78.9861461" visible="true">
    <tag k="public_transport" v="platform"/>
    <tag k="bus" v="yes"/>
    <tag k="highway" v="bus_stop"/>
    <tag k="source" v="Gerencia de Transporte Metropolitano de Trujillo"/>
    <tag k="ref" v="PS-70"/>
  <tag k="network" v="Transporte Público Urbano Trujillo"/></node>
  <node id="-1141" lat="-8.0996265" lon="-79.0013809" visible="true">
    <tag k="public_transport" v="platform"/>
    <tag k="bus" v="yes"/>
    <tag k="highway" v="bus_stop"/>
    <tag k="source" v="Gerencia de Transporte Metropolitano de Trujillo"/>
    <tag k="ref" v="ABR-359"/>
  <tag k="network" v="Transporte Público Urbano Trujillo"/></node>
  <node id="-1142" lat="-8.1014172" lon="-79.0020733" visible="true">
    <tag k="public_transport" v="platform"/>
    <tag k="bus" v="yes"/>
    <tag k="highway" v="bus_stop"/>
    <tag k="source" v="Gerencia de Transporte Metropolitano de Trujillo"/>
    <tag k="ref" v="ABR-360"/>
  <tag k="network" v="Transporte Público Urbano Trujillo"/></node>
  <node id="-1143" lat="-8.1028063" lon="-79.0015972" visible="true">
    <tag k="public_transport" v="platform"/>
    <tag k="bus" v="yes"/>
    <tag k="highway" v="bus_stop"/>
    <tag k="source" v="Gerencia de Transporte Metropolitano de Trujillo"/>
    <tag k="ref" v="ABR-368"/>
  <tag k="network" v="Transporte Público Urbano Trujillo"/></node>
  <node id="-1144" lat="-8.1043057" lon="-79.0291152" visible="true">
    <tag k="public_transport" v="platform"/>
    <tag k="bus" v="yes"/>
    <tag k="highway" v="bus_stop"/>
    <tag k="source" v="Gerencia de Transporte Metropolitano de Trujillo"/>
    <tag k="ref" v="AGR-523"/>
  <tag k="network" v="Transporte Público Urbano Trujillo"/></node>
  <node id="-1145" lat="-8.0909589" lon="-79.0269270" visible="true">
    <tag k="public_transport" v="platform"/>
    <tag k="bus" v="yes"/>
    <tag k="highway" v="bus_stop"/>
    <tag k="source" v="Gerencia de Transporte Metropolitano de Trujillo"/>
    <tag k="ref" v="AK-455"/>
  <tag k="network" v="Transporte Público Urbano Trujillo"/></node>
  <node id="-1146" lat="-8.0907936" lon="-79.0269516" visible="true">
    <tag k="public_transport" v="platform"/>
    <tag k="bus" v="yes"/>
    <tag k="highway" v="bus_stop"/>
    <tag k="source" v="Gerencia de Transporte Metropolitano de Trujillo"/>
    <tag k="ref" v="AK-456"/>
  <tag k="network" v="Transporte Público Urbano Trujillo"/></node>
  <node id="-1147" lat="-8.0895806" lon="-78.9934506" visible="true">
    <tag k="public_transport" v="platform"/>
    <tag k="bus" v="yes"/>
    <tag k="highway" v="bus_stop"/>
    <tag k="source" v="Gerencia de Transporte Metropolitano de Trujillo"/>
    <tag k="ref" v="ALM-519"/>
  <tag k="network" v="Transporte Público Urbano Trujillo"/></node>
  <node id="-1148" lat="-8.1030991" lon="-79.0455975" visible="true">
    <tag k="public_transport" v="platform"/>
    <tag k="bus" v="yes"/>
    <tag k="highway" v="bus_stop"/>
    <tag k="source" v="Gerencia de Transporte Metropolitano de Trujillo"/>
    <tag k="ref" v="AMEO-68"/>
  <tag k="network" v="Transporte Público Urbano Trujillo"/></node>
  <node id="-1149" lat="-8.1047663" lon="-79.0461052" visible="true">
    <tag k="public_transport" v="platform"/>
    <tag k="bus" v="yes"/>
    <tag k="highway" v="bus_stop"/>
    <tag k="source" v="Gerencia de Transporte Metropolitano de Trujillo"/>
    <tag k="ref" v="AMEO-69"/>
  <tag k="network" v="Transporte Público Urbano Trujillo"/></node>
  <node id="-1150" lat="-8.1061937" lon="-79.0467754" visible="true">
    <tag k="public_transport" v="platform"/>
    <tag k="bus" v="yes"/>
    <tag k="highway" v="bus_stop"/>
    <tag k="source" v="Gerencia de Transporte Metropolitano de Trujillo"/>
    <tag k="ref" v="AMEO-70"/>
  <tag k="network" v="Transporte Público Urbano Trujillo"/></node>
  <node id="-1151" lat="-8.1072402" lon="-79.0467982" visible="true">
    <tag k="public_transport" v="platform"/>
    <tag k="bus" v="yes"/>
    <tag k="highway" v="bus_stop"/>
    <tag k="source" v="Gerencia de Transporte Metropolitano de Trujillo"/>
    <tag k="ref" v="AMEO-72"/>
  <tag k="network" v="Transporte Público Urbano Trujillo"/></node>
  <node id="-1152" lat="-8.1171527" lon="-79.0430970" visible="true">
    <tag k="public_transport" v="platform"/>
    <tag k="bus" v="yes"/>
    <tag k="highway" v="bus_stop"/>
    <tag k="source" v="Gerencia de Transporte Metropolitano de Trujillo"/>
    <tag k="ref" v="AMEO-77"/>
  <tag k="network" v="Transporte Público Urbano Trujillo"/></node>
  <node id="-1153" lat="-8.1188701" lon="-79.0409936" visible="true">
    <tag k="public_transport" v="platform"/>
    <tag k="bus" v="yes"/>
    <tag k="highway" v="bus_stop"/>
    <tag k="source" v="Gerencia de Transporte Metropolitano de Trujillo"/>
    <tag k="ref" v="AMEO-78"/>
  <tag k="network" v="Transporte Público Urbano Trujillo"/></node>
  <node id="-1154" lat="-8.1174487" lon="-79.0430840" visible="true">
    <tag k="public_transport" v="platform"/>
    <tag k="bus" v="yes"/>
    <tag k="highway" v="bus_stop"/>
    <tag k="source" v="Gerencia de Transporte Metropolitano de Trujillo"/>
    <tag k="ref" v="AMEO-79"/>
  <tag k="network" v="Transporte Público Urbano Trujillo"/></node>
  <node id="-1155" lat="-8.1190688" lon="-79.0411585" visible="true">
    <tag k="public_transport" v="platform"/>
    <tag k="bus" v="yes"/>
    <tag k="highway" v="bus_stop"/>
    <tag k="source" v="Gerencia de Transporte Metropolitano de Trujillo"/>
    <tag k="ref" v="AMEO-80"/>
  <tag k="network" v="Transporte Público Urbano Trujillo"/></node>
  <node id="-1156" lat="-8.1002056" lon="-79.0438557" visible="true">
    <tag k="public_transport" v="platform"/>
    <tag k="bus" v="yes"/>
    <tag k="highway" v="bus_stop"/>
    <tag k="source" v="Gerencia de Transporte Metropolitano de Trujillo"/>
    <tag k="ref" v="AMEO-83"/>
  <tag k="network" v="Transporte Público Urbano Trujillo"/></node>
  <node id="-1157" lat="-8.0998763" lon="-79.0439761" visible="true">
    <tag k="public_transport" v="platform"/>
    <tag k="bus" v="yes"/>
    <tag k="highway" v="bus_stop"/>
    <tag k="source" v="Gerencia de Transporte Metropolitano de Trujillo"/>
    <tag k="ref" v="AMEO-86"/>
  <tag k="network" v="Transporte Público Urbano Trujillo"/></node>
  <node id="-1158" lat="-8.0989034" lon="-79.0149849" visible="true">
    <tag k="public_transport" v="platform"/>
    <tag k="bus" v="yes"/>
    <tag k="highway" v="bus_stop"/>
    <tag k="source" v="Gerencia de Transporte Metropolitano de Trujillo"/>
    <tag k="ref" v="AMN-17"/>
  <tag k="network" v="Transporte Público Urbano Trujillo"/></node>
  <node id="-1159" lat="-8.0966327" lon="-79.0175856" visible="true">
    <tag k="public_transport" v="platform"/>
    <tag k="bus" v="yes"/>
    <tag k="highway" v="bus_stop"/>
    <tag k="source" v="Gerencia de Transporte Metropolitano de Trujillo"/>
    <tag k="ref" v="AMN-19"/>
  <tag k="network" v="Transporte Público Urbano Trujillo"/></node>
  <node id="-1160" lat="-8.0969484" lon="-79.0289518" visible="true">
    <tag k="public_transport" v="platform"/>
    <tag k="bus" v="yes"/>
    <tag k="highway" v="bus_stop"/>
    <tag k="source" v="Gerencia de Transporte Metropolitano de Trujillo"/>
    <tag k="ref" v="AMN-21"/>
  <tag k="network" v="Transporte Público Urbano Trujillo"/></node>
  <node id="-1161" lat="-8.0961129" lon="-79.0284252" visible="true">
    <tag k="public_transport" v="platform"/>
    <tag k="bus" v="yes"/>
    <tag k="highway" v="bus_stop"/>
    <tag k="source" v="Gerencia de Transporte Metropolitano de Trujillo"/>
    <tag k="ref" v="AMN-22"/>
  <tag k="network" v="Transporte Público Urbano Trujillo"/></node>
  <node id="-1162" lat="-8.1008793" lon="-79.0320016" visible="true">
    <tag k="public_transport" v="platform"/>
    <tag k="bus" v="yes"/>
    <tag k="highway" v="bus_stop"/>
    <tag k="source" v="Gerencia de Transporte Metropolitano de Trujillo"/>
    <tag k="ref" v="AMN-25"/>
  <tag k="network" v="Transporte Público Urbano Trujillo"/></node>
  <node id="-1163" lat="-8.1027413" lon="-79.0327339" visible="true">
    <tag k="public_transport" v="platform"/>
    <tag k="bus" v="yes"/>
    <tag k="highway" v="bus_stop"/>
    <tag k="source" v="Gerencia de Transporte Metropolitano de Trujillo"/>
    <tag k="ref" v="AMN-26"/>
  <tag k="network" v="Transporte Público Urbano Trujillo"/></node>
  <node id="-1164" lat="-8.1047949" lon="-79.0338230" visible="true">
    <tag k="public_transport" v="platform"/>
    <tag k="bus" v="yes"/>
    <tag k="highway" v="bus_stop"/>
    <tag k="source" v="Gerencia de Transporte Metropolitano de Trujillo"/>
    <tag k="ref" v="AMN-28"/>
  <tag k="network" v="Transporte Público Urbano Trujillo"/></node>
  <node id="-1165" lat="-8.0956286" lon="-79.0196720" visible="true">
    <tag k="public_transport" v="platform"/>
    <tag k="bus" v="yes"/>
    <tag k="highway" v="bus_stop"/>
    <tag k="source" v="Gerencia de Transporte Metropolitano de Trujillo"/>
    <tag k="ref" v="AMN-29"/>
  <tag k="network" v="Transporte Público Urbano Trujillo"/></node>
  <node id="-1166" lat="-8.0950773" lon="-79.0204626" visible="true">
    <tag k="public_transport" v="platform"/>
    <tag k="bus" v="yes"/>
    <tag k="highway" v="bus_stop"/>
    <tag k="source" v="Gerencia de Transporte Metropolitano de Trujillo"/>
    <tag k="ref" v="AMN-30"/>
  <tag k="network" v="Transporte Público Urbano Trujillo"/></node>
  <node id="-1167" lat="-8.0951663" lon="-79.0209120" visible="true">
    <tag k="public_transport" v="platform"/>
    <tag k="bus" v="yes"/>
    <tag k="highway" v="bus_stop"/>
    <tag k="source" v="Gerencia de Transporte Metropolitano de Trujillo"/>
    <tag k="ref" v="AMN-31"/>
  <tag k="network" v="Transporte Público Urbano Trujillo"/></node>
  <node id="-1168" lat="-8.0940458" lon="-79.0233164" visible="true">
    <tag k="public_transport" v="platform"/>
    <tag k="bus" v="yes"/>
    <tag k="highway" v="bus_stop"/>
    <tag k="source" v="Gerencia de Transporte Metropolitano de Trujillo"/>
    <tag k="ref" v="AMN-32"/>
  <tag k="network" v="Transporte Público Urbano Trujillo"/></node>
  <node id="-1169" lat="-8.0939629" lon="-79.0240527" visible="true">
    <tag k="public_transport" v="platform"/>
    <tag k="bus" v="yes"/>
    <tag k="highway" v="bus_stop"/>
    <tag k="source" v="Gerencia de Transporte Metropolitano de Trujillo"/>
    <tag k="ref" v="AMN-33"/>
  <tag k="network" v="Transporte Público Urbano Trujillo"/></node>
  <node id="-1170" lat="-8.0950012" lon="-79.0269907" visible="true">
    <tag k="public_transport" v="platform"/>
    <tag k="bus" v="yes"/>
    <tag k="highway" v="bus_stop"/>
    <tag k="source" v="Gerencia de Transporte Metropolitano de Trujillo"/>
    <tag k="ref" v="AMN-35"/>
  <tag k="network" v="Transporte Público Urbano Trujillo"/></node>
  <node id="5069523013" lat="-8.1259685" lon="-79.0277456" version="4" action="modify">
    <tag k="advertising" v="no"/>
    <tag k="bench" v="yes"/>
    <tag k="bicycle_parking" v="no"/>
    <tag k="bin" v="no"/>
    <tag k="bus" v="yes"/>
    <tag k="departures_board" v="no"/>
    <tag k="highway" v="bus_stop"/>
    <tag k="level" v="0"/>
    <tag k="lit" v="yes"/>
    <tag k="name" v="AMS-36"/>
    <tag k="passenger_information_display:speech_output" v="no"/>
    <tag k="pole" v="yes"/>
    <tag k="public_transport" v="platform"/>
    <tag k="ramp" v="yes"/>
    <tag k="ref" v="AMS-36"/>
    <tag k="shelter" v="yes"/>
    <tag k="source" v="Kaart Ground Survey"/>
    <tag k="tactile_paving" v="no"/>
    <tag k="tactile_writing:braille:es" v="no"/>
  <tag k="network" v="Transporte Público Urbano Trujillo"/></node>
  <node id="-1171" lat="-8.1245070" lon="-79.0246367" visible="true">
    <tag k="public_transport" v="platform"/>
    <tag k="bus" v="yes"/>
    <tag k="highway" v="bus_stop"/>
    <tag k="source" v="Gerencia de Transporte Metropolitano de Trujillo"/>
    <tag k="ref" v="AMS-37"/>
  <tag k="network" v="Transporte Público Urbano Trujillo"/></node>
  <node id="-1172" lat="-8.1209651" lon="-79.0400719" visible="true">
    <tag k="public_transport" v="platform"/>
    <tag k="bus" v="yes"/>
    <tag k="highway" v="bus_stop"/>
    <tag k="source" v="Gerencia de Transporte Metropolitano de Trujillo"/>
    <tag k="ref" v="AMS-43"/>
  <tag k="network" v="Transporte Público Urbano Trujillo"/></node>
  <node id="-1173" lat="-8.1211376" lon="-79.0207348" visible="true">
    <tag k="public_transport" v="platform"/>
    <tag k="bus" v="yes"/>
    <tag k="highway" v="bus_stop"/>
    <tag k="source" v="Gerencia de Transporte Metropolitano de Trujillo"/>
    <tag k="ref" v="AMS-53"/>
  <tag k="network" v="Transporte Público Urbano Trujillo"/></node>
  <node id="-1174" lat="-8.1202261" lon="-79.0194521" visible="true">
    <tag k="public_transport" v="platform"/>
    <tag k="bus" v="yes"/>
    <tag k="highway" v="bus_stop"/>
    <tag k="source" v="Gerencia de Transporte Metropolitano de Trujillo"/>
    <tag k="ref" v="AMS-54"/>
  <tag k="network" v="Transporte Público Urbano Trujillo"/></node>
  <node id="-1175" lat="-8.1189281" lon="-79.0185796" visible="true">
    <tag k="public_transport" v="platform"/>
    <tag k="bus" v="yes"/>
    <tag k="highway" v="bus_stop"/>
    <tag k="source" v="Gerencia de Transporte Metropolitano de Trujillo"/>
    <tag k="ref" v="AMS-55"/>
  <tag k="network" v="Transporte Público Urbano Trujillo"/></node>
  <node id="-1176" lat="-8.1178747" lon="-79.0174040" visible="true">
    <tag k="public_transport" v="platform"/>
    <tag k="bus" v="yes"/>
    <tag k="highway" v="bus_stop"/>
    <tag k="source" v="Gerencia de Transporte Metropolitano de Trujillo"/>
    <tag k="ref" v="AMS-56"/>
  <tag k="network" v="Transporte Público Urbano Trujillo"/></node>
  <node id="-1177" lat="-8.1227840" lon="-79.0224984" visible="true">
    <tag k="public_transport" v="platform"/>
    <tag k="bus" v="yes"/>
    <tag k="highway" v="bus_stop"/>
    <tag k="source" v="Gerencia de Transporte Metropolitano de Trujillo"/>
    <tag k="ref" v="AMS-57"/>
  <tag k="network" v="Transporte Público Urbano Trujillo"/></node>
  <node id="-1178" lat="-8.1002664" lon="-79.0128592" visible="true">
    <tag k="public_transport" v="platform"/>
    <tag k="bus" v="yes"/>
    <tag k="highway" v="bus_stop"/>
    <tag k="source" v="Gerencia de Transporte Metropolitano de Trujillo"/>
    <tag k="ref" v="AMS-58"/>
  <tag k="network" v="Transporte Público Urbano Trujillo"/></node>
  <node id="-1179" lat="-8.1005000" lon="-79.0130855" visible="true">
    <tag k="public_transport" v="platform"/>
    <tag k="bus" v="yes"/>
    <tag k="highway" v="bus_stop"/>
    <tag k="source" v="Gerencia de Transporte Metropolitano de Trujillo"/>
    <tag k="ref" v="AMS-59"/>
  <tag k="network" v="Transporte Público Urbano Trujillo"/></node>
  <node id="-1180" lat="-8.1139260" lon="-79.0147460" visible="true">
    <tag k="public_transport" v="platform"/>
    <tag k="bus" v="yes"/>
    <tag k="highway" v="bus_stop"/>
    <tag k="source" v="Gerencia de Transporte Metropolitano de Trujillo"/>
    <tag k="ref" v="AMS-62"/>
  <tag k="network" v="Transporte Público Urbano Trujillo"/></node>
  <node id="-1181" lat="-8.1094149" lon="-79.0123164" visible="true">
    <tag k="public_transport" v="platform"/>
    <tag k="bus" v="yes"/>
    <tag k="highway" v="bus_stop"/>
    <tag k="source" v="Gerencia de Transporte Metropolitano de Trujillo"/>
    <tag k="ref" v="AMS-65"/>
  <tag k="network" v="Transporte Público Urbano Trujillo"/></node>
  <node id="-1182" lat="-8.1089068" lon="-79.0123393" visible="true">
    <tag k="public_transport" v="platform"/>
    <tag k="bus" v="yes"/>
    <tag k="highway" v="bus_stop"/>
    <tag k="source" v="Gerencia de Transporte Metropolitano de Trujillo"/>
    <tag k="ref" v="AMS-66"/>
  <tag k="network" v="Transporte Público Urbano Trujillo"/></node>
  <node id="-1183" lat="-8.1141200" lon="-79.0066531" visible="true">
    <tag k="public_transport" v="platform"/>
    <tag k="bus" v="yes"/>
    <tag k="highway" v="bus_stop"/>
    <tag k="source" v="Gerencia de Transporte Metropolitano de Trujillo"/>
    <tag k="ref" v="ANBE-373"/>
  <tag k="network" v="Transporte Público Urbano Trujillo"/></node>
  <node id="-1184" lat="-8.1140424" lon="-79.0065948" visible="true">
    <tag k="public_transport" v="platform"/>
    <tag k="bus" v="yes"/>
    <tag k="highway" v="bus_stop"/>
    <tag k="source" v="Gerencia de Transporte Metropolitano de Trujillo"/>
    <tag k="ref" v="ANBE-374"/>
  <tag k="network" v="Transporte Público Urbano Trujillo"/></node>
  <node id="-1185" lat="-8.1109529" lon="-79.0070866" visible="true">
    <tag k="public_transport" v="platform"/>
    <tag k="bus" v="yes"/>
    <tag k="highway" v="bus_stop"/>
    <tag k="source" v="Gerencia de Transporte Metropolitano de Trujillo"/>
    <tag k="ref" v="ANBE-375"/>
  <tag k="network" v="Transporte Público Urbano Trujillo"/></node>
  <node id="-1186" lat="-8.1136662" lon="-79.0418803" visible="true">
    <tag k="public_transport" v="platform"/>
    <tag k="bus" v="yes"/>
    <tag k="highway" v="bus_stop"/>
    <tag k="source" v="Gerencia de Transporte Metropolitano de Trujillo"/>
    <tag k="ref" v="ANTO-347"/>
  <tag k="network" v="Transporte Público Urbano Trujillo"/></node>
  <node id="-1187" lat="-8.1133857" lon="-79.0413050" visible="true">
    <tag k="public_transport" v="platform"/>
    <tag k="bus" v="yes"/>
    <tag k="highway" v="bus_stop"/>
    <tag k="source" v="Gerencia de Transporte Metropolitano de Trujillo"/>
    <tag k="ref" v="ANTO-348"/>
  <tag k="network" v="Transporte Público Urbano Trujillo"/></node>
  <node id="-1188" lat="-8.1109658" lon="-79.0397630" visible="true">
    <tag k="public_transport" v="platform"/>
    <tag k="bus" v="yes"/>
    <tag k="highway" v="bus_stop"/>
    <tag k="source" v="Gerencia de Transporte Metropolitano de Trujillo"/>
    <tag k="ref" v="ANTO-350"/>
  <tag k="network" v="Transporte Público Urbano Trujillo"/></node>
  <node id="-1189" lat="-8.1048616" lon="-79.0096482" visible="true">
    <tag k="public_transport" v="platform"/>
    <tag k="bus" v="yes"/>
    <tag k="highway" v="bus_stop"/>
    <tag k="source" v="Gerencia de Transporte Metropolitano de Trujillo"/>
    <tag k="ref" v="CA-490"/>
  <tag k="network" v="Transporte Público Urbano Trujillo"/></node>
  <node id="-1190" lat="-8.1052821" lon="-79.0088975" visible="true">
    <tag k="public_transport" v="platform"/>
    <tag k="bus" v="yes"/>
    <tag k="highway" v="bus_stop"/>
    <tag k="source" v="Gerencia de Transporte Metropolitano de Trujillo"/>
    <tag k="ref" v="CA-491"/>
  <tag k="network" v="Transporte Público Urbano Trujillo"/></node>
  <node id="-1191" lat="-8.1226011" lon="-79.0208585" visible="true">
    <tag k="public_transport" v="platform"/>
    <tag k="bus" v="yes"/>
    <tag k="highway" v="bus_stop"/>
    <tag k="source" v="Gerencia de Transporte Metropolitano de Trujillo"/>
    <tag k="ref" v="CALCUC-524"/>
  <tag k="network" v="Transporte Público Urbano Trujillo"/></node>
  <node id="-1192" lat="-8.1237183" lon="-79.0196757" visible="true">
    <tag k="public_transport" v="platform"/>
    <tag k="bus" v="yes"/>
    <tag k="highway" v="bus_stop"/>
    <tag k="source" v="Gerencia de Transporte Metropolitano de Trujillo"/>
    <tag k="ref" v="CALCUC-525"/>
  <tag k="network" v="Transporte Público Urbano Trujillo"/></node>
  <node id="-1193" lat="-8.0942630" lon="-79.0002511" visible="true">
    <tag k="public_transport" v="platform"/>
    <tag k="bus" v="yes"/>
    <tag k="highway" v="bus_stop"/>
    <tag k="source" v="Gerencia de Transporte Metropolitano de Trujillo"/>
    <tag k="ref" v="CARE-402"/>
  <tag k="network" v="Transporte Público Urbano Trujillo"/></node>
  <node id="-1194" lat="-8.0943513" lon="-79.0005884" visible="true">
    <tag k="public_transport" v="platform"/>
    <tag k="bus" v="yes"/>
    <tag k="highway" v="bus_stop"/>
    <tag k="source" v="Gerencia de Transporte Metropolitano de Trujillo"/>
    <tag k="ref" v="CARE-403"/>
  <tag k="network" v="Transporte Público Urbano Trujillo"/></node>
  <node id="-1195" lat="-8.1040441" lon="-79.0120998" visible="true">
    <tag k="public_transport" v="platform"/>
    <tag k="bus" v="yes"/>
    <tag k="highway" v="bus_stop"/>
    <tag k="source" v="Gerencia de Transporte Metropolitano de Trujillo"/>
    <tag k="ref" v="CEV-173"/>
  <tag k="network" v="Transporte Público Urbano Trujillo"/></node>
  <node id="-1196" lat="-8.1104764" lon="-79.0176395" visible="true">
    <tag k="public_transport" v="platform"/>
    <tag k="bus" v="yes"/>
    <tag k="highway" v="bus_stop"/>
    <tag k="source" v="Gerencia de Transporte Metropolitano de Trujillo"/>
    <tag k="ref" v="CEV-179"/>
  <tag k="network" v="Transporte Público Urbano Trujillo"/></node>
  <node id="-1197" lat="-8.0993433" lon="-79.0080925" visible="true">
    <tag k="public_transport" v="platform"/>
    <tag k="bus" v="yes"/>
    <tag k="highway" v="bus_stop"/>
    <tag k="source" v="Gerencia de Transporte Metropolitano de Trujillo"/>
    <tag k="ref" v="CEV-181"/>
  <tag k="network" v="Transporte Público Urbano Trujillo"/></node>
  <node id="-1198" lat="-8.0991114" lon="-79.0082032" visible="true">
    <tag k="public_transport" v="platform"/>
    <tag k="bus" v="yes"/>
    <tag k="highway" v="bus_stop"/>
    <tag k="source" v="Gerencia de Transporte Metropolitano de Trujillo"/>
    <tag k="ref" v="CEV-185"/>
  <tag k="network" v="Transporte Público Urbano Trujillo"/></node>
  <node id="-1199" lat="-8.0929774" lon="-79.0026628" visible="true">
    <tag k="public_transport" v="platform"/>
    <tag k="bus" v="yes"/>
    <tag k="highway" v="bus_stop"/>
    <tag k="source" v="Gerencia de Transporte Metropolitano de Trujillo"/>
    <tag k="ref" v="CEV-188"/>
  <tag k="network" v="Transporte Público Urbano Trujillo"/></node>
  <node id="-1200" lat="-8.0908633" lon="-79.0027888" visible="true">
    <tag k="public_transport" v="platform"/>
    <tag k="bus" v="yes"/>
    <tag k="highway" v="bus_stop"/>
    <tag k="source" v="Gerencia de Transporte Metropolitano de Trujillo"/>
    <tag k="ref" v="CEV-190"/>
  <tag k="network" v="Transporte Público Urbano Trujillo"/></node>
  <node id="-1201" lat="-8.0925258" lon="-79.0038956" visible="true">
    <tag k="public_transport" v="platform"/>
    <tag k="bus" v="yes"/>
    <tag k="highway" v="bus_stop"/>
    <tag k="source" v="Gerencia de Transporte Metropolitano de Trujillo"/>
    <tag k="ref" v="CEV-191"/>
  <tag k="network" v="Transporte Público Urbano Trujillo"/></node>
  <node id="-1202" lat="-8.0899209" lon="-78.9936901" visible="true">
    <tag k="public_transport" v="platform"/>
    <tag k="bus" v="yes"/>
    <tag k="highway" v="bus_stop"/>
    <tag k="source" v="Gerencia de Transporte Metropolitano de Trujillo"/>
    <tag k="ref" v="CHCH-526"/>
  <tag k="network" v="Transporte Público Urbano Trujillo"/></node>
  <node id="-1203" lat="-8.1185385" lon="-79.0058896" visible="true">
    <tag k="public_transport" v="platform"/>
    <tag k="bus" v="yes"/>
    <tag k="highway" v="bus_stop"/>
    <tag k="source" v="Gerencia de Transporte Metropolitano de Trujillo"/>
    <tag k="ref" v="CONT-378"/>
  <tag k="network" v="Transporte Público Urbano Trujillo"/></node>
  <node id="-1204" lat="-8.1200022" lon="-79.0069586" visible="true">
    <tag k="public_transport" v="platform"/>
    <tag k="bus" v="yes"/>
    <tag k="highway" v="bus_stop"/>
    <tag k="source" v="Gerencia de Transporte Metropolitano de Trujillo"/>
    <tag k="ref" v="CONT-380"/>
  <tag k="network" v="Transporte Público Urbano Trujillo"/></node>
  <node id="-1205" lat="-8.1216578" lon="-79.0095757" visible="true">
    <tag k="public_transport" v="platform"/>
    <tag k="bus" v="yes"/>
    <tag k="highway" v="bus_stop"/>
    <tag k="source" v="Gerencia de Transporte Metropolitano de Trujillo"/>
    <tag k="ref" v="CONT-383"/>
  <tag k="network" v="Transporte Público Urbano Trujillo"/></node>
  <node id="-1206" lat="-8.0965993" lon="-79.0556131" visible="true">
    <tag k="public_transport" v="platform"/>
    <tag k="bus" v="yes"/>
    <tag k="highway" v="bus_stop"/>
    <tag k="source" v="Gerencia de Transporte Metropolitano de Trujillo"/>
    <tag k="ref" v="CORT-457"/>
  <tag k="network" v="Transporte Público Urbano Trujillo"/></node>
  <node id="-1207" lat="-8.1221050" lon="-79.0281444" visible="true">
    <tag k="public_transport" v="platform"/>
    <tag k="bus" v="yes"/>
    <tag k="highway" v="bus_stop"/>
    <tag k="source" v="Gerencia de Transporte Metropolitano de Trujillo"/>
    <tag k="ref" v="COSR-332"/>
  <tag k="network" v="Transporte Público Urbano Trujillo"/></node>
  <node id="-1208" lat="-8.1118344" lon="-79.0470569" visible="true">
    <tag k="public_transport" v="platform"/>
    <tag k="bus" v="yes"/>
    <tag k="highway" v="bus_stop"/>
    <tag k="source" v="Gerencia de Transporte Metropolitano de Trujillo"/>
    <tag k="ref" v="COVIC-428"/>
  <tag k="network" v="Transporte Público Urbano Trujillo"/></node>
  <node id="-1209" lat="-8.1107368" lon="-79.0445829" visible="true">
    <tag k="public_transport" v="platform"/>
    <tag k="bus" v="yes"/>
    <tag k="highway" v="bus_stop"/>
    <tag k="source" v="Gerencia de Transporte Metropolitano de Trujillo"/>
    <tag k="ref" v="COVIC-430"/>
  <tag k="network" v="Transporte Público Urbano Trujillo"/></node>
  <node id="-1210" lat="-8.1080865" lon="-79.0439278" visible="true">
    <tag k="public_transport" v="platform"/>
    <tag k="bus" v="yes"/>
    <tag k="highway" v="bus_stop"/>
    <tag k="source" v="Gerencia de Transporte Metropolitano de Trujillo"/>
    <tag k="ref" v="COVIC-433"/>
  <tag k="network" v="Transporte Público Urbano Trujillo"/></node>
  <node id="-1211" lat="-8.0920523" lon="-79.0420037" visible="true">
    <tag k="public_transport" v="platform"/>
    <tag k="bus" v="yes"/>
    <tag k="highway" v="bus_stop"/>
    <tag k="source" v="Gerencia de Transporte Metropolitano de Trujillo"/>
    <tag k="ref" v="CRIS-489"/>
  <tag k="network" v="Transporte Público Urbano Trujillo"/></node>
  <node id="-1212" lat="-8.1029517" lon="-79.0038329" visible="true">
    <tag k="public_transport" v="platform"/>
    <tag k="bus" v="yes"/>
    <tag k="highway" v="bus_stop"/>
    <tag k="source" v="Gerencia de Transporte Metropolitano de Trujillo"/>
    <tag k="ref" v="DQS-517"/>
  <tag k="network" v="Transporte Público Urbano Trujillo"/></node>
  <node id="-1213" lat="-8.1213862" lon="-79.0071771" visible="true">
    <tag k="public_transport" v="platform"/>
    <tag k="bus" v="yes"/>
    <tag k="highway" v="bus_stop"/>
    <tag k="source" v="Gerencia de Transporte Metropolitano de Trujillo"/>
    <tag k="ref" v="EGR-248"/>
  <tag k="network" v="Transporte Público Urbano Trujillo"/></node>
  <node id="-1214" lat="-8.1208532" lon="-79.0074290" visible="true">
    <tag k="public_transport" v="platform"/>
    <tag k="bus" v="yes"/>
    <tag k="highway" v="bus_stop"/>
    <tag k="source" v="Gerencia de Transporte Metropolitano de Trujillo"/>
    <tag k="ref" v="EGR-249"/>
  <tag k="network" v="Transporte Público Urbano Trujillo"/></node>
  <node id="-1215" lat="-8.1189244" lon="-79.0102078" visible="true">
    <tag k="public_transport" v="platform"/>
    <tag k="bus" v="yes"/>
    <tag k="highway" v="bus_stop"/>
    <tag k="source" v="Gerencia de Transporte Metropolitano de Trujillo"/>
    <tag k="ref" v="EGR-252"/>
  <tag k="network" v="Transporte Público Urbano Trujillo"/></node>
  <node id="-1216" lat="-8.1186184" lon="-79.0102980" visible="true">
    <tag k="public_transport" v="platform"/>
    <tag k="bus" v="yes"/>
    <tag k="highway" v="bus_stop"/>
    <tag k="source" v="Gerencia de Transporte Metropolitano de Trujillo"/>
    <tag k="ref" v="EGR-253"/>
  <tag k="network" v="Transporte Público Urbano Trujillo"/></node>
  <node id="-1217" lat="-8.1164055" lon="-79.0128347" visible="true">
    <tag k="public_transport" v="platform"/>
    <tag k="bus" v="yes"/>
    <tag k="highway" v="bus_stop"/>
    <tag k="source" v="Gerencia de Transporte Metropolitano de Trujillo"/>
    <tag k="ref" v="EGR-256"/>
  <tag k="network" v="Transporte Público Urbano Trujillo"/></node>
  <node id="-1218" lat="-8.1161904" lon="-79.0128706" visible="true">
    <tag k="public_transport" v="platform"/>
    <tag k="bus" v="yes"/>
    <tag k="highway" v="bus_stop"/>
    <tag k="source" v="Gerencia de Transporte Metropolitano de Trujillo"/>
    <tag k="ref" v="EGR-257"/>
  <tag k="network" v="Transporte Público Urbano Trujillo"/></node>
  <node id="-1219" lat="-8.1146689" lon="-79.0155223" visible="true">
    <tag k="public_transport" v="platform"/>
    <tag k="bus" v="yes"/>
    <tag k="highway" v="bus_stop"/>
    <tag k="source" v="Gerencia de Transporte Metropolitano de Trujillo"/>
    <tag k="ref" v="EGR-260"/>
  <tag k="network" v="Transporte Público Urbano Trujillo"/></node>
  <node id="-1220" lat="-8.1132771" lon="-79.0171934" visible="true">
    <tag k="public_transport" v="platform"/>
    <tag k="bus" v="yes"/>
    <tag k="highway" v="bus_stop"/>
    <tag k="source" v="Gerencia de Transporte Metropolitano de Trujillo"/>
    <tag k="ref" v="EGR-262"/>
  <tag k="network" v="Transporte Público Urbano Trujillo"/></node>
  <node id="-1221" lat="-8.1113857" lon="-79.0194385" visible="true">
    <tag k="public_transport" v="platform"/>
    <tag k="bus" v="yes"/>
    <tag k="highway" v="bus_stop"/>
    <tag k="source" v="Gerencia de Transporte Metropolitano de Trujillo"/>
    <tag k="ref" v="EGR-263"/>
  <tag k="network" v="Transporte Público Urbano Trujillo"/></node>
  <node id="-1222" lat="-8.0976239" lon="-79.0182418" visible="true">
    <tag k="public_transport" v="platform"/>
    <tag k="bus" v="yes"/>
    <tag k="highway" v="bus_stop"/>
    <tag k="source" v="Gerencia de Transporte Metropolitano de Trujillo"/>
    <tag k="ref" v="EJER-409"/>
  <tag k="network" v="Transporte Público Urbano Trujillo"/></node>
  <node id="12121155277" lat="-8.0997472" lon="-79.0192240" version="2" action="modify">
    <tag k="advertising" v="yes"/>
    <tag k="bench" v="yes"/>
    <tag k="bicycle_parking" v="no"/>
    <tag k="bin" v="no"/>
    <tag k="bus" v="yes"/>
    <tag k="departures_board" v="yes"/>
    <tag k="highway" v="bus_stop"/>
    <tag k="level" v="0"/>
    <tag k="lit" v="yes"/>
    <tag k="name" v="Avenida del Ejército"/>
    <tag k="passenger_information_display:speech_output" v="no"/>
    <tag k="pole" v="no"/>
    <tag k="public_transport" v="platform"/>
    <tag k="ramp" v="yes"/>
    <tag k="ref" v="EJER-410"/>
    <tag k="shelter" v="yes"/>
    <tag k="tactile_paving" v="no"/>
    <tag k="tactile_writing:braille:es" v="no"/>
  <tag k="network" v="Transporte Público Urbano Trujillo"/><tag k="source:ref" v="Gerencia de Transporte Metropolitano de Trujillo"/></node>
  <node id="-1223" lat="-8.1015642" lon="-79.0208072" visible="true">
    <tag k="public_transport" v="platform"/>
    <tag k="bus" v="yes"/>
    <tag k="highway" v="bus_stop"/>
    <tag k="source" v="Gerencia de Transporte Metropolitano de Trujillo"/>
    <tag k="ref" v="EJER-411"/>
  <tag k="network" v="Transporte Público Urbano Trujillo"/></node>
  <node id="-1224" lat="-8.1111575" lon="-79.0327930" visible="true">
    <tag k="public_transport" v="platform"/>
    <tag k="bus" v="yes"/>
    <tag k="highway" v="bus_stop"/>
    <tag k="source" v="Gerencia de Transporte Metropolitano de Trujillo"/>
    <tag k="ref" v="ESP-1"/>
  <tag k="network" v="Transporte Público Urbano Trujillo"/></node>
  <node id="11895953681" lat="-8.1069826" lon="-79.0226351" version="3" action="modify">
    <tag k="advertising" v="no"/>
    <tag k="bench" v="no"/>
    <tag k="bicycle_parking" v="no"/>
    <tag k="bin" v="no"/>
    <tag k="bus" v="yes"/>
    <tag k="departures_board" v="no"/>
    <tag k="highway" v="bus_stop"/>
    <tag k="level" v="0"/>
    <tag k="lit" v="yes"/>
    <tag k="name" v="Avenida Perú"/>
    <tag k="passenger_information_display:speech_output" v="no"/>
    <tag k="pole" v="yes"/>
    <tag k="public_transport" v="platform"/>
    <tag k="ramp" v="no"/>
    <tag k="ref" v="ESP-11"/>
    <tag k="shelter" v="no"/>
    <tag k="tactile_paving" v="no"/>
    <tag k="tactile_writing:braille:es" v="no"/>
  <tag k="network" v="Transporte Público Urbano Trujillo"/><tag k="source:ref" v="Gerencia de Transporte Metropolitano de Trujillo"/></node>
  <node id="-1225" lat="-8.1129586" lon="-79.0326995" visible="true">
    <tag k="public_transport" v="platform"/>
    <tag k="bus" v="yes"/>
    <tag k="highway" v="bus_stop"/>
    <tag k="source" v="Gerencia de Transporte Metropolitano de Trujillo"/>
    <tag k="ref" v="ESP-2"/>
  <tag k="network" v="Transporte Público Urbano Trujillo"/></node>
  <node id="-1226" lat="-8.1154722" lon="-79.0313061" visible="true">
    <tag k="public_transport" v="platform"/>
    <tag k="bus" v="yes"/>
    <tag k="highway" v="bus_stop"/>
    <tag k="source" v="Gerencia de Transporte Metropolitano de Trujillo"/>
    <tag k="ref" v="ESP-3"/>
  <tag k="network" v="Transporte Público Urbano Trujillo"/></node>
  <node id="5099494791" lat="-8.1080252" lon="-79.0218800" version="6" action="modify">
    <tag k="advertising" v="yes"/>
    <tag k="bench" v="yes"/>
    <tag k="bicycle_parking" v="no"/>
    <tag k="bin" v="no"/>
    <tag k="bus" v="yes"/>
    <tag k="check_date:shelter" v="2024-03-05"/>
    <tag k="departures_board" v="no"/>
    <tag k="highway" v="bus_stop"/>
    <tag k="level" v="0"/>
    <tag k="lit" v="no"/>
    <tag k="name" v="Jirón Unión"/>
    <tag k="passenger_information_display:speech_output" v="no"/>
    <tag k="pole" v="yes"/>
    <tag k="public_transport" v="platform"/>
    <tag k="ramp" v="no"/>
    <tag k="ref" v="ESP-9"/>
    <tag k="shelter" v="yes"/>
    <tag k="source" v="Reconocimiento terrestre cartográfico realizado por Kaart en 2017"/>
    <tag k="tactile_paving" v="no"/>
    <tag k="tactile_writing:braille:es" v="no"/>
  <tag k="network" v="Transporte Público Urbano Trujillo"/></node>
  <node id="-1227" lat="-8.1169044" lon="-79.0026396" visible="true">
    <tag k="public_transport" v="platform"/>
    <tag k="bus" v="yes"/>
    <tag k="highway" v="bus_stop"/>
    <tag k="source" v="Gerencia de Transporte Metropolitano de Trujillo"/>
    <tag k="ref" v="EV-540"/>
  <tag k="network" v="Transporte Público Urbano Trujillo"/></node>
  <node id="-1228" lat="-8.1143260" lon="-79.0007192" visible="true">
    <tag k="public_transport" v="platform"/>
    <tag k="bus" v="yes"/>
    <tag k="highway" v="bus_stop"/>
    <tag k="source" v="Gerencia de Transporte Metropolitano de Trujillo"/>
    <tag k="ref" v="EV-541"/>
  <tag k="network" v="Transporte Público Urbano Trujillo"/></node>
  <node id="-1229" lat="-8.1141886" lon="-79.0007224" visible="true">
    <tag k="public_transport" v="platform"/>
    <tag k="bus" v="yes"/>
    <tag k="highway" v="bus_stop"/>
    <tag k="source" v="Gerencia de Transporte Metropolitano de Trujillo"/>
    <tag k="ref" v="EV-544"/>
  <tag k="network" v="Transporte Público Urbano Trujillo"/></node>
  <node id="-1230" lat="-8.1166789" lon="-79.0026197" visible="true">
    <tag k="public_transport" v="platform"/>
    <tag k="bus" v="yes"/>
    <tag k="highway" v="bus_stop"/>
    <tag k="source" v="Gerencia de Transporte Metropolitano de Trujillo"/>
    <tag k="ref" v="EV-546"/>
  <tag k="network" v="Transporte Público Urbano Trujillo"/></node>
  <node id="-1231" lat="-8.1204642" lon="-79.0159654" visible="true">
    <tag k="public_transport" v="platform"/>
    <tag k="bus" v="yes"/>
    <tag k="highway" v="bus_stop"/>
    <tag k="source" v="Gerencia de Transporte Metropolitano de Trujillo"/>
    <tag k="ref" v="FERMO-482"/>
  <tag k="network" v="Transporte Público Urbano Trujillo"/></node>
  <node id="-1232" lat="-8.0928692" lon="-79.0177695" visible="true">
    <tag k="public_transport" v="platform"/>
    <tag k="bus" v="yes"/>
    <tag k="highway" v="bus_stop"/>
    <tag k="source" v="Gerencia de Transporte Metropolitano de Trujillo"/>
    <tag k="ref" v="FEVI-220"/>
  <tag k="network" v="Transporte Público Urbano Trujillo"/></node>
  <node id="-1233" lat="-8.0955967" lon="-79.0131353" visible="true">
    <tag k="public_transport" v="platform"/>
    <tag k="bus" v="yes"/>
    <tag k="highway" v="bus_stop"/>
    <tag k="source" v="Gerencia de Transporte Metropolitano de Trujillo"/>
    <tag k="ref" v="FEVI-224"/>
  <tag k="network" v="Transporte Público Urbano Trujillo"/></node>
  <node id="-1234" lat="-8.1066696" lon="-78.9994893" visible="true">
    <tag k="public_transport" v="platform"/>
    <tag k="bus" v="yes"/>
    <tag k="highway" v="bus_stop"/>
    <tag k="source" v="Gerencia de Transporte Metropolitano de Trujillo"/>
    <tag k="ref" v="FEVI-227"/>
  <tag k="network" v="Transporte Público Urbano Trujillo"/></node>
  <node id="-1235" lat="-8.1083620" lon="-78.9972496" visible="true">
    <tag k="public_transport" v="platform"/>
    <tag k="bus" v="yes"/>
    <tag k="highway" v="bus_stop"/>
    <tag k="source" v="Gerencia de Transporte Metropolitano de Trujillo"/>
    <tag k="ref" v="FEVI-228"/>
  <tag k="network" v="Transporte Público Urbano Trujillo"/></node>
  <node id="-1236" lat="-8.1064536" lon="-78.9994738" visible="true">
    <tag k="public_transport" v="platform"/>
    <tag k="bus" v="yes"/>
    <tag k="highway" v="bus_stop"/>
    <tag k="source" v="Gerencia de Transporte Metropolitano de Trujillo"/>
    <tag k="ref" v="FEVI-229"/>
  <tag k="network" v="Transporte Público Urbano Trujillo"/></node>
  <node id="-1237" lat="-8.1081747" lon="-78.9971167" visible="true">
    <tag k="public_transport" v="platform"/>
    <tag k="bus" v="yes"/>
    <tag k="highway" v="bus_stop"/>
    <tag k="source" v="Gerencia de Transporte Metropolitano de Trujillo"/>
    <tag k="ref" v="FEVI-230"/>
  <tag k="network" v="Transporte Público Urbano Trujillo"/></node>
  <node id="-1238" lat="-8.1203533" lon="-79.0192133" visible="true">
    <tag k="public_transport" v="platform"/>
    <tag k="bus" v="yes"/>
    <tag k="highway" v="bus_stop"/>
    <tag k="source" v="Gerencia de Transporte Metropolitano de Trujillo"/>
    <tag k="ref" v="GPRA-420"/>
  <tag k="network" v="Transporte Público Urbano Trujillo"/></node>
  <node id="-1239" lat="-8.1174099" lon="-79.0201216" visible="true">
    <tag k="public_transport" v="platform"/>
    <tag k="bus" v="yes"/>
    <tag k="highway" v="bus_stop"/>
    <tag k="source" v="Gerencia de Transporte Metropolitano de Trujillo"/>
    <tag k="ref" v="GPRA-421"/>
  <tag k="network" v="Transporte Público Urbano Trujillo"/></node>
  <node id="-1240" lat="-8.1062125" lon="-79.0059729" visible="true">
    <tag k="public_transport" v="platform"/>
    <tag k="bus" v="yes"/>
    <tag k="highway" v="bus_stop"/>
    <tag k="source" v="Gerencia de Transporte Metropolitano de Trujillo"/>
    <tag k="ref" v="GUZBA-459"/>
  <tag k="network" v="Transporte Público Urbano Trujillo"/></node>
  <node id="-1241" lat="-8.1063632" lon="-79.0063226" visible="true">
    <tag k="public_transport" v="platform"/>
    <tag k="bus" v="yes"/>
    <tag k="highway" v="bus_stop"/>
    <tag k="source" v="Gerencia de Transporte Metropolitano de Trujillo"/>
    <tag k="ref" v="GUZBA-460"/>
  <tag k="network" v="Transporte Público Urbano Trujillo"/></node>
  <node id="-1242" lat="-8.1065909" lon="-79.0038308" visible="true">
    <tag k="public_transport" v="platform"/>
    <tag k="bus" v="yes"/>
    <tag k="highway" v="bus_stop"/>
    <tag k="source" v="Gerencia de Transporte Metropolitano de Trujillo"/>
    <tag k="ref" v="HOND-315"/>
  <tag k="network" v="Transporte Público Urbano Trujillo"/></node>
  <node id="-1243" lat="-8.1066619" lon="-79.0035727" visible="true">
    <tag k="public_transport" v="platform"/>
    <tag k="bus" v="yes"/>
    <tag k="highway" v="bus_stop"/>
    <tag k="source" v="Gerencia de Transporte Metropolitano de Trujillo"/>
    <tag k="ref" v="HOND-316"/>
  <tag k="network" v="Transporte Público Urbano Trujillo"/></node>
  <node id="-1244" lat="-8.1089912" lon="-79.0032359" visible="true">
    <tag k="public_transport" v="platform"/>
    <tag k="bus" v="yes"/>
    <tag k="highway" v="bus_stop"/>
    <tag k="source" v="Gerencia de Transporte Metropolitano de Trujillo"/>
    <tag k="ref" v="HOND-317"/>
  <tag k="network" v="Transporte Público Urbano Trujillo"/></node>
  <node id="-1245" lat="-8.1089675" lon="-79.0034356" visible="true">
    <tag k="public_transport" v="platform"/>
    <tag k="bus" v="yes"/>
    <tag k="highway" v="bus_stop"/>
    <tag k="source" v="Gerencia de Transporte Metropolitano de Trujillo"/>
    <tag k="ref" v="HOND-318"/>
  <tag k="network" v="Transporte Público Urbano Trujillo"/></node>
  <node id="-1246" lat="-8.1253041" lon="-79.0356127" visible="true">
    <tag k="public_transport" v="platform"/>
    <tag k="bus" v="yes"/>
    <tag k="highway" v="bus_stop"/>
    <tag k="source" v="Gerencia de Transporte Metropolitano de Trujillo"/>
    <tag k="ref" v="HSJ-231"/>
  <tag k="network" v="Transporte Público Urbano Trujillo"/></node>
  <node id="-1247" lat="-8.1252520" lon="-79.0353629" visible="true">
    <tag k="public_transport" v="platform"/>
    <tag k="bus" v="yes"/>
    <tag k="highway" v="bus_stop"/>
    <tag k="source" v="Gerencia de Transporte Metropolitano de Trujillo"/>
    <tag k="ref" v="HSJ-232"/>
  <tag k="network" v="Transporte Público Urbano Trujillo"/></node>
  <node id="-1248" lat="-8.1229207" lon="-79.0346739" visible="true">
    <tag k="public_transport" v="platform"/>
    <tag k="bus" v="yes"/>
    <tag k="highway" v="bus_stop"/>
    <tag k="source" v="Gerencia de Transporte Metropolitano de Trujillo"/>
    <tag k="ref" v="HSJ-233"/>
  <tag k="network" v="Transporte Público Urbano Trujillo"/></node>
  <node id="-1249" lat="-8.1200729" lon="-79.0334941" visible="true">
    <tag k="public_transport" v="platform"/>
    <tag k="bus" v="yes"/>
    <tag k="highway" v="bus_stop"/>
    <tag k="source" v="Gerencia de Transporte Metropolitano de Trujillo"/>
    <tag k="ref" v="HSJ-235"/>
  <tag k="network" v="Transporte Público Urbano Trujillo"/></node>
  <node id="-1250" lat="-8.1198823" lon="-79.0331823" visible="true">
    <tag k="public_transport" v="platform"/>
    <tag k="bus" v="yes"/>
    <tag k="highway" v="bus_stop"/>
    <tag k="source" v="Gerencia de Transporte Metropolitano de Trujillo"/>
    <tag k="ref" v="HSJ-236"/>
  <tag k="network" v="Transporte Público Urbano Trujillo"/></node>
  <node id="-1251" lat="-8.1032765" lon="-79.0214468" visible="true">
    <tag k="public_transport" v="platform"/>
    <tag k="bus" v="yes"/>
    <tag k="highway" v="bus_stop"/>
    <tag k="source" v="Gerencia de Transporte Metropolitano de Trujillo"/>
    <tag k="ref" v="HUALL-510"/>
  <tag k="network" v="Transporte Público Urbano Trujillo"/></node>
  <node id="-1252" lat="-8.1064512" lon="-79.0171172" visible="true">
    <tag k="public_transport" v="platform"/>
    <tag k="bus" v="yes"/>
    <tag k="highway" v="bus_stop"/>
    <tag k="source" v="Gerencia de Transporte Metropolitano de Trujillo"/>
    <tag k="ref" v="HUALL-511"/>
  <tag k="network" v="Transporte Público Urbano Trujillo"/></node>
  <node id="-1253" lat="-8.0901927" lon="-78.9953726" visible="true">
    <tag k="public_transport" v="platform"/>
    <tag k="bus" v="yes"/>
    <tag k="highway" v="bus_stop"/>
    <tag k="source" v="Gerencia de Transporte Metropolitano de Trujillo"/>
    <tag k="ref" v="HUAS-444"/>
  <tag k="network" v="Transporte Público Urbano Trujillo"/></node>
  <node id="-1254" lat="-8.1173316" lon="-79.0220605" visible="true">
    <tag k="public_transport" v="platform"/>
    <tag k="bus" v="yes"/>
    <tag k="highway" v="bus_stop"/>
    <tag k="source" v="Gerencia de Transporte Metropolitano de Trujillo"/>
    <tag k="ref" v="HUAY-495"/>
  <tag k="network" v="Transporte Público Urbano Trujillo"/></node>
  <node id="-1255" lat="-8.1129254" lon="-79.0342059" visible="true">
    <tag k="public_transport" v="platform"/>
    <tag k="bus" v="yes"/>
    <tag k="highway" v="bus_stop"/>
    <tag k="source" v="Gerencia de Transporte Metropolitano de Trujillo"/>
    <tag k="ref" v="JEN-140"/>
  <tag k="network" v="Transporte Público Urbano Trujillo"/></node>
  <node id="-1256" lat="-8.1078204" lon="-79.0435754" visible="true">
    <tag k="public_transport" v="platform"/>
    <tag k="bus" v="yes"/>
    <tag k="highway" v="bus_stop"/>
    <tag k="source" v="Gerencia de Transporte Metropolitano de Trujillo"/>
    <tag k="ref" v="JEN-147"/>
  <tag k="network" v="Transporte Público Urbano Trujillo"/></node>
  <node id="-1257" lat="-8.1023419" lon="-79.0512339" visible="true">
    <tag k="public_transport" v="platform"/>
    <tag k="bus" v="yes"/>
    <tag k="highway" v="bus_stop"/>
    <tag k="source" v="Gerencia de Transporte Metropolitano de Trujillo"/>
    <tag k="ref" v="JEN-150"/>
  <tag k="network" v="Transporte Público Urbano Trujillo"/></node>
  <node id="-1258" lat="-8.1251700" lon="-79.0191382" visible="true">
    <tag k="public_transport" v="platform"/>
    <tag k="bus" v="yes"/>
    <tag k="highway" v="bus_stop"/>
    <tag k="source" v="Gerencia de Transporte Metropolitano de Trujillo"/>
    <tag k="ref" v="JOIN-465"/>
  <tag k="network" v="Transporte Público Urbano Trujillo"/></node>
  <node id="-1259" lat="-8.1224318" lon="-79.0148852" visible="true">
    <tag k="public_transport" v="platform"/>
    <tag k="bus" v="yes"/>
    <tag k="highway" v="bus_stop"/>
    <tag k="source" v="Gerencia de Transporte Metropolitano de Trujillo"/>
    <tag k="ref" v="JOIN-466"/>
  <tag k="network" v="Transporte Público Urbano Trujillo"/></node>
  <node id="-1260" lat="-8.1236828" lon="-79.0162783" visible="true">
    <tag k="public_transport" v="platform"/>
    <tag k="bus" v="yes"/>
    <tag k="highway" v="bus_stop"/>
    <tag k="source" v="Gerencia de Transporte Metropolitano de Trujillo"/>
    <tag k="ref" v="JOIN-467"/>
  <tag k="network" v="Transporte Público Urbano Trujillo"/></node>
  <node id="-1261" lat="-8.1159949" lon="-79.0375486" visible="true">
    <tag k="public_transport" v="platform"/>
    <tag k="bus" v="yes"/>
    <tag k="highway" v="bus_stop"/>
    <tag k="source" v="Gerencia de Transporte Metropolitano de Trujillo"/>
    <tag k="ref" v="JPT-127"/>
  <tag k="network" v="Transporte Público Urbano Trujillo"/></node>
  <node id="-1262" lat="-8.1155150" lon="-79.0368006" visible="true">
    <tag k="public_transport" v="platform"/>
    <tag k="bus" v="yes"/>
    <tag k="highway" v="bus_stop"/>
    <tag k="source" v="Gerencia de Transporte Metropolitano de Trujillo"/>
    <tag k="ref" v="JPT-128"/>
  <tag k="network" v="Transporte Público Urbano Trujillo"/></node>
  <node id="-1263" lat="-8.1233173" lon="-79.0438474" visible="true">
    <tag k="public_transport" v="platform"/>
    <tag k="bus" v="yes"/>
    <tag k="highway" v="bus_stop"/>
    <tag k="source" v="Gerencia de Transporte Metropolitano de Trujillo"/>
    <tag k="ref" v="JPT-132"/>
  <tag k="network" v="Transporte Público Urbano Trujillo"/></node>
  <node id="-1264" lat="-8.1234372" lon="-79.0436346" visible="true">
    <tag k="public_transport" v="platform"/>
    <tag k="bus" v="yes"/>
    <tag k="highway" v="bus_stop"/>
    <tag k="source" v="Gerencia de Transporte Metropolitano de Trujillo"/>
    <tag k="ref" v="JPT-135"/>
  <tag k="network" v="Transporte Público Urbano Trujillo"/></node>
  <node id="11910518831" lat="-8.1123007" lon="-79.0343490" version="4" action="modify">
    <tag k="advertising" v="yes"/>
    <tag k="bench" v="yes"/>
    <tag k="bicycle_parking" v="no"/>
    <tag k="bin" v="no"/>
    <tag k="bus" v="yes"/>
    <tag k="departures_board" v="yes"/>
    <tag k="highway" v="bus_stop"/>
    <tag k="level" v="0"/>
    <tag k="lit" v="yes"/>
    <tag k="name" v="Avenida Jesús de Nazareth"/>
    <tag k="passenger_information_display:speech_output" v="no"/>
    <tag k="public_transport" v="platform"/>
    <tag k="ramp" v="no"/>
    <tag k="ref" v="JPT-138"/>
    <tag k="shelter" v="yes"/>
    <tag k="tactile_paving" v="no"/>
    <tag k="tactile_writing:braille:es" v="no"/>
  <tag k="network" v="Transporte Público Urbano Trujillo"/><tag k="source:ref" v="Gerencia de Transporte Metropolitano de Trujillo"/></node>
  <node id="-1265" lat="-8.1175878" lon="-79.0288676" visible="true">
    <tag k="public_transport" v="platform"/>
    <tag k="bus" v="yes"/>
    <tag k="highway" v="bus_stop"/>
    <tag k="source" v="Gerencia de Transporte Metropolitano de Trujillo"/>
    <tag k="ref" v="JUL-436"/>
  <tag k="network" v="Transporte Público Urbano Trujillo"/></node>
  <node id="-1266" lat="-8.1207964" lon="-79.0250079" visible="true">
    <tag k="public_transport" v="platform"/>
    <tag k="bus" v="yes"/>
    <tag k="highway" v="bus_stop"/>
    <tag k="source" v="Gerencia de Transporte Metropolitano de Trujillo"/>
    <tag k="ref" v="JUL-438"/>
  <tag k="network" v="Transporte Público Urbano Trujillo"/></node>
  <node id="-1267" lat="-8.1058153" lon="-79.0187745" visible="true">
    <tag k="public_transport" v="platform"/>
    <tag k="bus" v="yes"/>
    <tag k="highway" v="bus_stop"/>
    <tag k="source" v="Gerencia de Transporte Metropolitano de Trujillo"/>
    <tag k="ref" v="JUN-284"/>
  <tag k="network" v="Transporte Público Urbano Trujillo"/></node>
  <node id="-1268" lat="-8.1040335" lon="-79.0172476" visible="true">
    <tag k="public_transport" v="platform"/>
    <tag k="bus" v="yes"/>
    <tag k="highway" v="bus_stop"/>
    <tag k="source" v="Gerencia de Transporte Metropolitano de Trujillo"/>
    <tag k="ref" v="JUN-285"/>
  <tag k="network" v="Transporte Público Urbano Trujillo"/></node>
  <node id="-1269" lat="-8.1021076" lon="-79.0151810" visible="true">
    <tag k="public_transport" v="platform"/>
    <tag k="bus" v="yes"/>
    <tag k="highway" v="bus_stop"/>
    <tag k="source" v="Gerencia de Transporte Metropolitano de Trujillo"/>
    <tag k="ref" v="JUN-286"/>
  <tag k="network" v="Transporte Público Urbano Trujillo"/></node>
  <node id="-1270" lat="-8.1292768" lon="-79.0213849" visible="true">
    <tag k="public_transport" v="platform"/>
    <tag k="bus" v="yes"/>
    <tag k="highway" v="bus_stop"/>
    <tag k="source" v="Gerencia de Transporte Metropolitano de Trujillo"/>
    <tag k="ref" v="LAM-416"/>
  <tag k="network" v="Transporte Público Urbano Trujillo"/></node>
  <node id="-1271" lat="-8.1293166" lon="-79.0215133" visible="true">
    <tag k="public_transport" v="platform"/>
    <tag k="bus" v="yes"/>
    <tag k="highway" v="bus_stop"/>
    <tag k="source" v="Gerencia de Transporte Metropolitano de Trujillo"/>
    <tag k="ref" v="LAM-417"/>
  <tag k="network" v="Transporte Público Urbano Trujillo"/></node>
  <node id="-1272" lat="-8.1017959" lon="-79.0212347" visible="true">
    <tag k="public_transport" v="platform"/>
    <tag k="bus" v="yes"/>
    <tag k="highway" v="bus_stop"/>
    <tag k="source" v="Gerencia de Transporte Metropolitano de Trujillo"/>
    <tag k="ref" v="MAN-512"/>
  <tag k="network" v="Transporte Público Urbano Trujillo"/></node>
  <node id="-1273" lat="-8.1039363" lon="-79.0373475" visible="true">
    <tag k="public_transport" v="platform"/>
    <tag k="bus" v="yes"/>
    <tag k="highway" v="bus_stop"/>
    <tag k="source" v="Gerencia de Transporte Metropolitano de Trujillo"/>
    <tag k="ref" v="MANT-100"/>
  <tag k="network" v="Transporte Público Urbano Trujillo"/></node>
  <node id="-1274" lat="-8.1026501" lon="-79.0398522" visible="true">
    <tag k="public_transport" v="platform"/>
    <tag k="bus" v="yes"/>
    <tag k="highway" v="bus_stop"/>
    <tag k="source" v="Gerencia de Transporte Metropolitano de Trujillo"/>
    <tag k="ref" v="MANT-101"/>
  <tag k="network" v="Transporte Público Urbano Trujillo"/></node>
  <node id="-1275" lat="-8.1042714" lon="-79.0364368" visible="true">
    <tag k="public_transport" v="platform"/>
    <tag k="bus" v="yes"/>
    <tag k="highway" v="bus_stop"/>
    <tag k="source" v="Gerencia de Transporte Metropolitano de Trujillo"/>
    <tag k="ref" v="MANT-103"/>
  <tag k="network" v="Transporte Público Urbano Trujillo"/></node>
  <node id="-1276" lat="-8.1011972" lon="-79.0458681" visible="true">
    <tag k="public_transport" v="platform"/>
    <tag k="bus" v="yes"/>
    <tag k="highway" v="bus_stop"/>
    <tag k="source" v="Gerencia de Transporte Metropolitano de Trujillo"/>
    <tag k="ref" v="MANT-105"/>
  <tag k="network" v="Transporte Público Urbano Trujillo"/></node>
  <node id="-1277" lat="-8.1009718" lon="-79.0551083" visible="true">
    <tag k="public_transport" v="platform"/>
    <tag k="bus" v="yes"/>
    <tag k="highway" v="bus_stop"/>
    <tag k="source" v="Gerencia de Transporte Metropolitano de Trujillo"/>
    <tag k="ref" v="MANT-113"/>
  <tag k="network" v="Transporte Público Urbano Trujillo"/></node>
  <node id="-1278" lat="-8.1281068" lon="-79.0205300" visible="true">
    <tag k="public_transport" v="platform"/>
    <tag k="bus" v="yes"/>
    <tag k="highway" v="bus_stop"/>
    <tag k="source" v="Gerencia de Transporte Metropolitano de Trujillo"/>
    <tag k="ref" v="MARVA-518"/>
  <tag k="network" v="Transporte Público Urbano Trujillo"/></node>
  <node id="-1279" lat="-8.1013135" lon="-79.0351947" visible="true">
    <tag k="public_transport" v="platform"/>
    <tag k="bus" v="yes"/>
    <tag k="highway" v="bus_stop"/>
    <tag k="source" v="Gerencia de Transporte Metropolitano de Trujillo"/>
    <tag k="ref" v="MAVE-351"/>
  <tag k="network" v="Transporte Público Urbano Trujillo"/></node>
  <node id="-1280" lat="-8.1026304" lon="-79.0334840" visible="true">
    <tag k="public_transport" v="platform"/>
    <tag k="bus" v="yes"/>
    <tag k="highway" v="bus_stop"/>
    <tag k="source" v="Gerencia de Transporte Metropolitano de Trujillo"/>
    <tag k="ref" v="MAVE-353"/>
  <tag k="network" v="Transporte Público Urbano Trujillo"/></node>
  <node id="-1281" lat="-8.1033444" lon="-79.0324950" visible="true">
    <tag k="public_transport" v="platform"/>
    <tag k="bus" v="yes"/>
    <tag k="highway" v="bus_stop"/>
    <tag k="source" v="Gerencia de Transporte Metropolitano de Trujillo"/>
    <tag k="ref" v="MAVE-354"/>
  <tag k="network" v="Transporte Público Urbano Trujillo"/></node>
  <node id="-1282" lat="-8.0912168" lon="-79.0448683" visible="true">
    <tag k="public_transport" v="platform"/>
    <tag k="bus" v="yes"/>
    <tag k="highway" v="bus_stop"/>
    <tag k="source" v="Gerencia de Transporte Metropolitano de Trujillo"/>
    <tag k="ref" v="MEI-392"/>
  <tag k="network" v="Transporte Público Urbano Trujillo"/></node>
  <node id="-1283" lat="-8.0910041" lon="-79.0447532" visible="true">
    <tag k="public_transport" v="platform"/>
    <tag k="bus" v="yes"/>
    <tag k="highway" v="bus_stop"/>
    <tag k="source" v="Gerencia de Transporte Metropolitano de Trujillo"/>
    <tag k="ref" v="MEI-395"/>
  <tag k="network" v="Transporte Público Urbano Trujillo"/></node>
  <node id="-1284" lat="-8.0909595" lon="-79.0519971" visible="true">
    <tag k="public_transport" v="platform"/>
    <tag k="bus" v="yes"/>
    <tag k="highway" v="bus_stop"/>
    <tag k="source" v="Gerencia de Transporte Metropolitano de Trujillo"/>
    <tag k="ref" v="MEI-398"/>
  <tag k="network" v="Transporte Público Urbano Trujillo"/></node>
  <node id="-1285" lat="-8.0910902" lon="-79.0483439" visible="true">
    <tag k="public_transport" v="platform"/>
    <tag k="bus" v="yes"/>
    <tag k="highway" v="bus_stop"/>
    <tag k="source" v="Gerencia de Transporte Metropolitano de Trujillo"/>
    <tag k="ref" v="MEI-399"/>
  <tag k="network" v="Transporte Público Urbano Trujillo"/></node>
  <node id="-1286" lat="-8.0990339" lon="-79.0489570" visible="true">
    <tag k="public_transport" v="platform"/>
    <tag k="bus" v="yes"/>
    <tag k="highway" v="bus_stop"/>
    <tag k="source" v="Gerencia de Transporte Metropolitano de Trujillo"/>
    <tag k="ref" v="MEII-386"/>
  <tag k="network" v="Transporte Público Urbano Trujillo"/></node>
  <node id="-1287" lat="-8.0964232" lon="-79.0481369" visible="true">
    <tag k="public_transport" v="platform"/>
    <tag k="bus" v="yes"/>
    <tag k="highway" v="bus_stop"/>
    <tag k="source" v="Gerencia de Transporte Metropolitano de Trujillo"/>
    <tag k="ref" v="MEII-389"/>
  <tag k="network" v="Transporte Público Urbano Trujillo"/></node>
  <node id="-1288" lat="-8.0930797" lon="-79.0480310" visible="true">
    <tag k="public_transport" v="platform"/>
    <tag k="bus" v="yes"/>
    <tag k="highway" v="bus_stop"/>
    <tag k="source" v="Gerencia de Transporte Metropolitano de Trujillo"/>
    <tag k="ref" v="MEII-390"/>
  <tag k="network" v="Transporte Público Urbano Trujillo"/></node>
  <node id="-1289" lat="-8.0933661" lon="-79.0478503" visible="true">
    <tag k="public_transport" v="platform"/>
    <tag k="bus" v="yes"/>
    <tag k="highway" v="bus_stop"/>
    <tag k="source" v="Gerencia de Transporte Metropolitano de Trujillo"/>
    <tag k="ref" v="MEII-391"/>
  <tag k="network" v="Transporte Público Urbano Trujillo"/></node>
  <node id="-1290" lat="-8.1297567" lon="-79.0210365" visible="true">
    <tag k="public_transport" v="platform"/>
    <tag k="bus" v="yes"/>
    <tag k="highway" v="bus_stop"/>
    <tag k="source" v="Gerencia de Transporte Metropolitano de Trujillo"/>
    <tag k="ref" v="MI-504"/>
  <tag k="network" v="Transporte Público Urbano Trujillo"/></node>
  <node id="-1291" lat="-8.1081327" lon="-79.0140259" visible="true">
    <tag k="public_transport" v="platform"/>
    <tag k="bus" v="yes"/>
    <tag k="highway" v="bus_stop"/>
    <tag k="source" v="Gerencia de Transporte Metropolitano de Trujillo"/>
    <tag k="ref" v="MM-516"/>
  <tag k="network" v="Transporte Público Urbano Trujillo"/></node>
  <node id="-1292" lat="-8.0879777" lon="-79.0158277" visible="true">
    <tag k="public_transport" v="platform"/>
    <tag k="bus" v="yes"/>
    <tag k="highway" v="bus_stop"/>
    <tag k="source" v="Gerencia de Transporte Metropolitano de Trujillo"/>
    <tag k="ref" v="MRFT-153"/>
  <tag k="network" v="Transporte Público Urbano Trujillo"/></node>
  <node id="-1293" lat="-8.0902940" lon="-79.0167158" visible="true">
    <tag k="public_transport" v="platform"/>
    <tag k="bus" v="yes"/>
    <tag k="highway" v="bus_stop"/>
    <tag k="source" v="Gerencia de Transporte Metropolitano de Trujillo"/>
    <tag k="ref" v="MRFT-154"/>
  <tag k="network" v="Transporte Público Urbano Trujillo"/></node>
  <node id="-1294" lat="-8.0909035" lon="-79.0173183" visible="true">
    <tag k="public_transport" v="platform"/>
    <tag k="bus" v="yes"/>
    <tag k="highway" v="bus_stop"/>
    <tag k="source" v="Gerencia de Transporte Metropolitano de Trujillo"/>
    <tag k="ref" v="MRFT-155"/>
  <tag k="network" v="Transporte Público Urbano Trujillo"/></node>
  <node id="-1295" lat="-8.0931474" lon="-79.0184435" visible="true">
    <tag k="public_transport" v="platform"/>
    <tag k="bus" v="yes"/>
    <tag k="highway" v="bus_stop"/>
    <tag k="source" v="Gerencia de Transporte Metropolitano de Trujillo"/>
    <tag k="ref" v="MRFT-157"/>
  <tag k="network" v="Transporte Público Urbano Trujillo"/></node>
  <node id="-1296" lat="-8.0958311" lon="-79.0195201" visible="true">
    <tag k="public_transport" v="platform"/>
    <tag k="bus" v="yes"/>
    <tag k="highway" v="bus_stop"/>
    <tag k="source" v="Gerencia de Transporte Metropolitano de Trujillo"/>
    <tag k="ref" v="MRFT-159"/>
  <tag k="network" v="Transporte Público Urbano Trujillo"/></node>
  <node id="-1297" lat="-8.0979726" lon="-79.0202265" visible="true">
    <tag k="public_transport" v="platform"/>
    <tag k="bus" v="yes"/>
    <tag k="highway" v="bus_stop"/>
    <tag k="source" v="Gerencia de Transporte Metropolitano de Trujillo"/>
    <tag k="ref" v="MRFT-160"/>
  <tag k="network" v="Transporte Público Urbano Trujillo"/></node>
  <node id="-1298" lat="-8.0982254" lon="-79.0205478" visible="true">
    <tag k="public_transport" v="platform"/>
    <tag k="bus" v="yes"/>
    <tag k="highway" v="bus_stop"/>
    <tag k="source" v="Gerencia de Transporte Metropolitano de Trujillo"/>
    <tag k="ref" v="MRFT-161"/>
  <tag k="network" v="Transporte Público Urbano Trujillo"/></node>
  <node id="-1299" lat="-8.1004330" lon="-79.0215513" visible="true">
    <tag k="public_transport" v="platform"/>
    <tag k="bus" v="yes"/>
    <tag k="highway" v="bus_stop"/>
    <tag k="source" v="Gerencia de Transporte Metropolitano de Trujillo"/>
    <tag k="ref" v="MRFT-162"/>
  <tag k="network" v="Transporte Público Urbano Trujillo"/></node>
  <node id="-1300" lat="-8.1008373" lon="-79.0220679" visible="true">
    <tag k="public_transport" v="platform"/>
    <tag k="bus" v="yes"/>
    <tag k="highway" v="bus_stop"/>
    <tag k="source" v="Gerencia de Transporte Metropolitano de Trujillo"/>
    <tag k="ref" v="MRFT-163"/>
  <tag k="network" v="Transporte Público Urbano Trujillo"/></node>
  <node id="-1301" lat="-8.1046834" lon="-79.0250005" visible="true">
    <tag k="public_transport" v="platform"/>
    <tag k="bus" v="yes"/>
    <tag k="highway" v="bus_stop"/>
    <tag k="source" v="Gerencia de Transporte Metropolitano de Trujillo"/>
    <tag k="ref" v="MRFT-166"/>
  <tag k="network" v="Transporte Público Urbano Trujillo"/></node>
  <node id="-1302" lat="-8.1069554" lon="-79.0348635" visible="true">
    <tag k="public_transport" v="platform"/>
    <tag k="bus" v="yes"/>
    <tag k="highway" v="bus_stop"/>
    <tag k="source" v="Gerencia de Transporte Metropolitano de Trujillo"/>
    <tag k="ref" v="NA-527"/>
  <tag k="network" v="Transporte Público Urbano Trujillo"/></node>
  <node id="11896286019" lat="-8.1015489" lon="-79.0359838" version="4" action="modify">
    <tag k="advertising" v="yes"/>
    <tag k="bench" v="yes"/>
    <tag k="bicycle_parking" v="no"/>
    <tag k="bin" v="no"/>
    <tag k="bus" v="yes"/>
    <tag k="departures_board" v="yes"/>
    <tag k="highway" v="bus_stop"/>
    <tag k="level" v="0"/>
    <tag k="lit" v="yes"/>
    <tag k="name" v="Avenida Teodoro Valcárcel"/>
    <tag k="passenger_information_display:speech_output" v="no"/>
    <tag k="pole" v="yes"/>
    <tag k="public_transport" v="platform"/>
    <tag k="ramp" v="yes"/>
    <tag k="ref" v="NPT-198"/>
    <tag k="shelter" v="yes"/>
    <tag k="tactile_paving" v="no"/>
    <tag k="tactile_writing:braille:es" v="no"/>
  <tag k="network" v="Transporte Público Urbano Trujillo"/><tag k="source:ref" v="Gerencia de Transporte Metropolitano de Trujillo"/></node>
  <node id="-1303" lat="-8.1010808" lon="-79.0364397" visible="true">
    <tag k="public_transport" v="platform"/>
    <tag k="bus" v="yes"/>
    <tag k="highway" v="bus_stop"/>
    <tag k="source" v="Gerencia de Transporte Metropolitano de Trujillo"/>
    <tag k="ref" v="NPT-199"/>
  <tag k="network" v="Transporte Público Urbano Trujillo"/></node>
  <node id="-1304" lat="-8.0968149" lon="-79.0383633" visible="true">
    <tag k="public_transport" v="platform"/>
    <tag k="bus" v="yes"/>
    <tag k="highway" v="bus_stop"/>
    <tag k="source" v="Gerencia de Transporte Metropolitano de Trujillo"/>
    <tag k="ref" v="NPT-200"/>
  <tag k="network" v="Transporte Público Urbano Trujillo"/></node>
  <node id="-1305" lat="-8.0920105" lon="-79.0405114" visible="true">
    <tag k="public_transport" v="platform"/>
    <tag k="bus" v="yes"/>
    <tag k="highway" v="bus_stop"/>
    <tag k="source" v="Gerencia de Transporte Metropolitano de Trujillo"/>
    <tag k="ref" v="NPT-201"/>
  <tag k="network" v="Transporte Público Urbano Trujillo"/></node>
  <node id="-1306" lat="-8.0941299" lon="-79.0395750" visible="true">
    <tag k="public_transport" v="platform"/>
    <tag k="bus" v="yes"/>
    <tag k="highway" v="bus_stop"/>
    <tag k="source" v="Gerencia de Transporte Metropolitano de Trujillo"/>
    <tag k="ref" v="NPT-202"/>
  <tag k="network" v="Transporte Público Urbano Trujillo"/></node>
  <node id="-1307" lat="-8.0937486" lon="-79.0395386" visible="true">
    <tag k="public_transport" v="platform"/>
    <tag k="bus" v="yes"/>
    <tag k="highway" v="bus_stop"/>
    <tag k="source" v="Gerencia de Transporte Metropolitano de Trujillo"/>
    <tag k="ref" v="NPT-203"/>
  <tag k="network" v="Transporte Público Urbano Trujillo"/></node>
  <node id="-1308" lat="-8.0994436" lon="-79.0371447" visible="true">
    <tag k="public_transport" v="platform"/>
    <tag k="bus" v="yes"/>
    <tag k="highway" v="bus_stop"/>
    <tag k="source" v="Gerencia de Transporte Metropolitano de Trujillo"/>
    <tag k="ref" v="NPT-204"/>
  <tag k="network" v="Transporte Público Urbano Trujillo"/></node>
  <node id="-1309" lat="-8.0959838" lon="-79.0385055" visible="true">
    <tag k="public_transport" v="platform"/>
    <tag k="bus" v="yes"/>
    <tag k="highway" v="bus_stop"/>
    <tag k="source" v="Gerencia de Transporte Metropolitano de Trujillo"/>
    <tag k="ref" v="NPT-206"/>
  <tag k="network" v="Transporte Público Urbano Trujillo"/></node>
  <node id="-1310" lat="-8.0984838" lon="-79.0374159" visible="true">
    <tag k="public_transport" v="platform"/>
    <tag k="bus" v="yes"/>
    <tag k="highway" v="bus_stop"/>
    <tag k="source" v="Gerencia de Transporte Metropolitano de Trujillo"/>
    <tag k="ref" v="NPT-207"/>
  <tag k="network" v="Transporte Público Urbano Trujillo"/></node>
  <node id="-1311" lat="-8.0868615" lon="-79.0426916" visible="true">
    <tag k="public_transport" v="platform"/>
    <tag k="bus" v="yes"/>
    <tag k="highway" v="bus_stop"/>
    <tag k="source" v="Gerencia de Transporte Metropolitano de Trujillo"/>
    <tag k="ref" v="NPT-208"/>
  <tag k="network" v="Transporte Público Urbano Trujillo"/></node>
  <node id="-1312" lat="-8.0893164" lon="-79.0415494" visible="true">
    <tag k="public_transport" v="platform"/>
    <tag k="bus" v="yes"/>
    <tag k="highway" v="bus_stop"/>
    <tag k="source" v="Gerencia de Transporte Metropolitano de Trujillo"/>
    <tag k="ref" v="NPT-209"/>
  <tag k="network" v="Transporte Público Urbano Trujillo"/></node>
  <node id="-1313" lat="-8.0881646" lon="-79.0422169" visible="true">
    <tag k="public_transport" v="platform"/>
    <tag k="bus" v="yes"/>
    <tag k="highway" v="bus_stop"/>
    <tag k="source" v="Gerencia de Transporte Metropolitano de Trujillo"/>
    <tag k="ref" v="NPT-210"/>
  <tag k="network" v="Transporte Público Urbano Trujillo"/></node>
  <node id="-1314" lat="-8.1042749" lon="-79.0193401" visible="true">
    <tag k="public_transport" v="platform"/>
    <tag k="bus" v="yes"/>
    <tag k="highway" v="bus_stop"/>
    <tag k="source" v="Gerencia de Transporte Metropolitano de Trujillo"/>
    <tag k="ref" v="PE-240"/>
  <tag k="network" v="Transporte Público Urbano Trujillo"/></node>
  <node id="-1315" lat="-8.1005072" lon="-79.0153155" visible="true">
    <tag k="public_transport" v="platform"/>
    <tag k="bus" v="yes"/>
    <tag k="highway" v="bus_stop"/>
    <tag k="source" v="Gerencia de Transporte Metropolitano de Trujillo"/>
    <tag k="ref" v="PE-244"/>
  <tag k="network" v="Transporte Público Urbano Trujillo"/></node>
  <node id="-1316" lat="-8.0977090" lon="-79.0123873" visible="true">
    <tag k="public_transport" v="platform"/>
    <tag k="bus" v="yes"/>
    <tag k="highway" v="bus_stop"/>
    <tag k="source" v="Gerencia de Transporte Metropolitano de Trujillo"/>
    <tag k="ref" v="PE-246"/>
  <tag k="network" v="Transporte Público Urbano Trujillo"/></node>
  <node id="-1317" lat="-8.1087252" lon="-79.0354155" visible="true">
    <tag k="public_transport" v="platform"/>
    <tag k="bus" v="yes"/>
    <tag k="highway" v="bus_stop"/>
    <tag k="source" v="Gerencia de Transporte Metropolitano de Trujillo"/>
    <tag k="ref" v="PEMU-341"/>
  <tag k="network" v="Transporte Público Urbano Trujillo"/></node>
  <node id="-1318" lat="-8.0925014" lon="-79.0005089" visible="true">
    <tag k="public_transport" v="platform"/>
    <tag k="bus" v="yes"/>
    <tag k="highway" v="bus_stop"/>
    <tag k="source" v="Gerencia de Transporte Metropolitano de Trujillo"/>
    <tag k="ref" v="PESQT-404"/>
  <tag k="network" v="Transporte Público Urbano Trujillo"/></node>
  <node id="-1319" lat="-8.0931011" lon="-78.9998172" visible="true">
    <tag k="public_transport" v="platform"/>
    <tag k="bus" v="yes"/>
    <tag k="highway" v="bus_stop"/>
    <tag k="source" v="Gerencia de Transporte Metropolitano de Trujillo"/>
    <tag k="ref" v="PESQT-405"/>
  <tag k="network" v="Transporte Público Urbano Trujillo"/></node>
  <node id="-1320" lat="-8.1176022" lon="-79.0150699" visible="true">
    <tag k="public_transport" v="platform"/>
    <tag k="bus" v="yes"/>
    <tag k="highway" v="bus_stop"/>
    <tag k="source" v="Gerencia de Transporte Metropolitano de Trujillo"/>
    <tag k="ref" v="PFRAZ-423"/>
  <tag k="network" v="Transporte Público Urbano Trujillo"/></node>
  <node id="-1321" lat="-8.1213726" lon="-79.0103262" visible="true">
    <tag k="public_transport" v="platform"/>
    <tag k="bus" v="yes"/>
    <tag k="highway" v="bus_stop"/>
    <tag k="source" v="Gerencia de Transporte Metropolitano de Trujillo"/>
    <tag k="ref" v="PFRAZ-424"/>
  <tag k="network" v="Transporte Público Urbano Trujillo"/></node>
  <node id="-1322" lat="-8.1211779" lon="-79.0109713" visible="true">
    <tag k="public_transport" v="platform"/>
    <tag k="bus" v="yes"/>
    <tag k="highway" v="bus_stop"/>
    <tag k="source" v="Gerencia de Transporte Metropolitano de Trujillo"/>
    <tag k="ref" v="PFRAZ-425"/>
  <tag k="network" v="Transporte Público Urbano Trujillo"/></node>
  <node id="-1323" lat="-8.1201758" lon="-79.0116529" visible="true">
    <tag k="public_transport" v="platform"/>
    <tag k="bus" v="yes"/>
    <tag k="highway" v="bus_stop"/>
    <tag k="source" v="Gerencia de Transporte Metropolitano de Trujillo"/>
    <tag k="ref" v="PFRAZ-426"/>
  <tag k="network" v="Transporte Público Urbano Trujillo"/></node>
  <node id="-1324" lat="-8.1188209" lon="-79.0131009" visible="true">
    <tag k="public_transport" v="platform"/>
    <tag k="bus" v="yes"/>
    <tag k="highway" v="bus_stop"/>
    <tag k="source" v="Gerencia de Transporte Metropolitano de Trujillo"/>
    <tag k="ref" v="PFRAZ-427"/>
  <tag k="network" v="Transporte Público Urbano Trujillo"/></node>
  <node id="-1325" lat="-8.1046472" lon="-79.0072678" visible="true">
    <tag k="public_transport" v="platform"/>
    <tag k="bus" v="yes"/>
    <tag k="highway" v="bus_stop"/>
    <tag k="source" v="Gerencia de Transporte Metropolitano de Trujillo"/>
    <tag k="ref" v="PLAT-513"/>
  <tag k="network" v="Transporte Público Urbano Trujillo"/></node>
  <node id="-1326" lat="-8.1000516" lon="-79.0128853" visible="true">
    <tag k="public_transport" v="platform"/>
    <tag k="bus" v="yes"/>
    <tag k="highway" v="bus_stop"/>
    <tag k="source" v="Gerencia de Transporte Metropolitano de Trujillo"/>
    <tag k="ref" v="PLUN-287"/>
  <tag k="network" v="Transporte Público Urbano Trujillo"/></node>
  <node id="-1327" lat="-8.0912889" lon="-79.0071829" visible="true">
    <tag k="public_transport" v="platform"/>
    <tag k="bus" v="yes"/>
    <tag k="highway" v="bus_stop"/>
    <tag k="source" v="Gerencia de Transporte Metropolitano de Trujillo"/>
    <tag k="ref" v="PLUN-292"/>
  <tag k="network" v="Transporte Público Urbano Trujillo"/></node>
  <node id="-1328" lat="-8.0912816" lon="-79.0073701" visible="true">
    <tag k="public_transport" v="platform"/>
    <tag k="bus" v="yes"/>
    <tag k="highway" v="bus_stop"/>
    <tag k="source" v="Gerencia de Transporte Metropolitano de Trujillo"/>
    <tag k="ref" v="PLUN-293"/>
  <tag k="network" v="Transporte Público Urbano Trujillo"/></node>
  <node id="-1329" lat="-8.0880252" lon="-79.0050238" visible="true">
    <tag k="public_transport" v="platform"/>
    <tag k="bus" v="yes"/>
    <tag k="highway" v="bus_stop"/>
    <tag k="source" v="Gerencia de Transporte Metropolitano de Trujillo"/>
    <tag k="ref" v="PLUN-295"/>
  <tag k="network" v="Transporte Público Urbano Trujillo"/></node>
  <node id="-1330" lat="-8.0910758" lon="-79.0263178" visible="true">
    <tag k="public_transport" v="platform"/>
    <tag k="bus" v="yes"/>
    <tag k="highway" v="bus_stop"/>
    <tag k="source" v="Gerencia de Transporte Metropolitano de Trujillo"/>
    <tag k="ref" v="PRO-445"/>
  <tag k="network" v="Transporte Público Urbano Trujillo"/></node>
  <node id="-1331" lat="-8.0912600" lon="-79.0262441" visible="true">
    <tag k="public_transport" v="platform"/>
    <tag k="bus" v="yes"/>
    <tag k="highway" v="bus_stop"/>
    <tag k="source" v="Gerencia de Transporte Metropolitano de Trujillo"/>
    <tag k="ref" v="PRO-446"/>
  <tag k="network" v="Transporte Público Urbano Trujillo"/></node>
  <node id="-1332" lat="-8.0868279" lon="-79.0113096" visible="true">
    <tag k="public_transport" v="platform"/>
    <tag k="bus" v="yes"/>
    <tag k="highway" v="bus_stop"/>
    <tag k="source" v="Gerencia de Transporte Metropolitano de Trujillo"/>
    <tag k="ref" v="PSAN-273"/>
  <tag k="network" v="Transporte Público Urbano Trujillo"/></node>
  <node id="-1333" lat="-8.0895518" lon="-79.0125645" visible="true">
    <tag k="public_transport" v="platform"/>
    <tag k="bus" v="yes"/>
    <tag k="highway" v="bus_stop"/>
    <tag k="source" v="Gerencia de Transporte Metropolitano de Trujillo"/>
    <tag k="ref" v="PSAN-274"/>
  <tag k="network" v="Transporte Público Urbano Trujillo"/></node>
  <node id="-1334" lat="-8.0896911" lon="-79.0128603" visible="true">
    <tag k="public_transport" v="platform"/>
    <tag k="bus" v="yes"/>
    <tag k="highway" v="bus_stop"/>
    <tag k="source" v="Gerencia de Transporte Metropolitano de Trujillo"/>
    <tag k="ref" v="PSAN-276"/>
  <tag k="network" v="Transporte Público Urbano Trujillo"/></node>
  <node id="-1335" lat="-8.0971487" lon="-79.0162482" visible="true">
    <tag k="public_transport" v="platform"/>
    <tag k="bus" v="yes"/>
    <tag k="highway" v="bus_stop"/>
    <tag k="source" v="Gerencia de Transporte Metropolitano de Trujillo"/>
    <tag k="ref" v="PSAN-281"/>
  <tag k="network" v="Transporte Público Urbano Trujillo"/></node>
  <node id="-1336" lat="-8.1049147" lon="-79.0176218" visible="true">
    <tag k="public_transport" v="platform"/>
    <tag k="bus" v="yes"/>
    <tag k="highway" v="bus_stop"/>
    <tag k="source" v="Gerencia de Transporte Metropolitano de Trujillo"/>
    <tag k="ref" v="PUN-521"/>
  <tag k="network" v="Transporte Público Urbano Trujillo"/></node>
  <node id="-1337" lat="-8.1069779" lon="-79.0152031" visible="true">
    <tag k="public_transport" v="platform"/>
    <tag k="bus" v="yes"/>
    <tag k="highway" v="bus_stop"/>
    <tag k="source" v="Gerencia de Transporte Metropolitano de Trujillo"/>
    <tag k="ref" v="PUN-522"/>
  <tag k="network" v="Transporte Público Urbano Trujillo"/></node>
  <node id="-1338" lat="-8.1061800" lon="-79.0068118" visible="true">
    <tag k="public_transport" v="platform"/>
    <tag k="bus" v="yes"/>
    <tag k="highway" v="bus_stop"/>
    <tag k="source" v="Gerencia de Transporte Metropolitano de Trujillo"/>
    <tag k="ref" v="RASAN-472"/>
  <tag k="network" v="Transporte Público Urbano Trujillo"/></node>
  <node id="-1339" lat="-8.1034250" lon="-79.0055867" visible="true">
    <tag k="public_transport" v="platform"/>
    <tag k="bus" v="yes"/>
    <tag k="highway" v="bus_stop"/>
    <tag k="source" v="Gerencia de Transporte Metropolitano de Trujillo"/>
    <tag k="ref" v="RASAN-473"/>
  <tag k="network" v="Transporte Público Urbano Trujillo"/></node>
  <node id="-1340" lat="-8.1034844" lon="-79.0057225" visible="true">
    <tag k="public_transport" v="platform"/>
    <tag k="bus" v="yes"/>
    <tag k="highway" v="bus_stop"/>
    <tag k="source" v="Gerencia de Transporte Metropolitano de Trujillo"/>
    <tag k="ref" v="RASAN-474"/>
  <tag k="network" v="Transporte Público Urbano Trujillo"/></node>
  <node id="-1341" lat="-8.0989167" lon="-79.0498468" visible="true">
    <tag k="public_transport" v="platform"/>
    <tag k="bus" v="yes"/>
    <tag k="highway" v="bus_stop"/>
    <tag k="source" v="Gerencia de Transporte Metropolitano de Trujillo"/>
    <tag k="ref" v="REP-469"/>
  <tag k="network" v="Transporte Público Urbano Trujillo"/></node>
  <node id="-1342" lat="-8.0962699" lon="-79.0488715" visible="true">
    <tag k="public_transport" v="platform"/>
    <tag k="bus" v="yes"/>
    <tag k="highway" v="bus_stop"/>
    <tag k="source" v="Gerencia de Transporte Metropolitano de Trujillo"/>
    <tag k="ref" v="REP-470"/>
  <tag k="network" v="Transporte Público Urbano Trujillo"/></node>
  <node id="-1343" lat="-8.1123406" lon="-79.0055578" visible="true">
    <tag k="public_transport" v="platform"/>
    <tag k="bus" v="yes"/>
    <tag k="highway" v="bus_stop"/>
    <tag k="source" v="Gerencia de Transporte Metropolitano de Trujillo"/>
    <tag k="ref" v="RIP-322"/>
  <tag k="network" v="Transporte Público Urbano Trujillo"/></node>
  <node id="-1344" lat="-8.1131813" lon="-79.0107178" visible="true">
    <tag k="public_transport" v="platform"/>
    <tag k="bus" v="yes"/>
    <tag k="highway" v="bus_stop"/>
    <tag k="source" v="Gerencia de Transporte Metropolitano de Trujillo"/>
    <tag k="ref" v="RIP-325"/>
  <tag k="network" v="Transporte Público Urbano Trujillo"/></node>
  <node id="-1345" lat="-8.1131272" lon="-79.0131415" visible="true">
    <tag k="public_transport" v="platform"/>
    <tag k="bus" v="yes"/>
    <tag k="highway" v="bus_stop"/>
    <tag k="source" v="Gerencia de Transporte Metropolitano de Trujillo"/>
    <tag k="ref" v="RIP-327"/>
  <tag k="network" v="Transporte Público Urbano Trujillo"/></node>
  <node id="-1346" lat="-8.1123146" lon="-79.0149878" visible="true">
    <tag k="public_transport" v="platform"/>
    <tag k="bus" v="yes"/>
    <tag k="highway" v="bus_stop"/>
    <tag k="source" v="Gerencia de Transporte Metropolitano de Trujillo"/>
    <tag k="ref" v="RIP-329"/>
  <tag k="network" v="Transporte Público Urbano Trujillo"/></node>
  <node id="-1347" lat="-8.1113391" lon="-79.0161184" visible="true">
    <tag k="public_transport" v="platform"/>
    <tag k="bus" v="yes"/>
    <tag k="highway" v="bus_stop"/>
    <tag k="source" v="Gerencia de Transporte Metropolitano de Trujillo"/>
    <tag k="ref" v="RIP-330"/>
  <tag k="network" v="Transporte Público Urbano Trujillo"/></node>
  <node id="-1348" lat="-8.1048656" lon="-79.0372314" visible="true">
    <tag k="public_transport" v="platform"/>
    <tag k="bus" v="yes"/>
    <tag k="highway" v="bus_stop"/>
    <tag k="source" v="Gerencia de Transporte Metropolitano de Trujillo"/>
    <tag k="ref" v="RJ-515"/>
  <tag k="network" v="Transporte Público Urbano Trujillo"/></node>
  <node id="-1349" lat="-8.1055513" lon="-79.0071712" visible="true">
    <tag k="public_transport" v="platform"/>
    <tag k="bus" v="yes"/>
    <tag k="highway" v="bus_stop"/>
    <tag k="source" v="Gerencia de Transporte Metropolitano de Trujillo"/>
    <tag k="ref" v="ROME-534"/>
  <tag k="network" v="Transporte Público Urbano Trujillo"/></node>
  <node id="-1350" lat="-8.1049117" lon="-79.0298805" visible="true">
    <tag k="public_transport" v="platform"/>
    <tag k="bus" v="yes"/>
    <tag k="highway" v="bus_stop"/>
    <tag k="source" v="Gerencia de Transporte Metropolitano de Trujillo"/>
    <tag k="ref" v="SALVLA-296"/>
  <tag k="network" v="Transporte Público Urbano Trujillo"/></node>
  <node id="-1351" lat="-8.1013836" lon="-79.0268945" visible="true">
    <tag k="public_transport" v="platform"/>
    <tag k="bus" v="yes"/>
    <tag k="highway" v="bus_stop"/>
    <tag k="source" v="Gerencia de Transporte Metropolitano de Trujillo"/>
    <tag k="ref" v="SALVLA-299"/>
  <tag k="network" v="Transporte Público Urbano Trujillo"/></node>
  <node id="-1352" lat="-8.1011135" lon="-79.0269347" visible="true">
    <tag k="public_transport" v="platform"/>
    <tag k="bus" v="yes"/>
    <tag k="highway" v="bus_stop"/>
    <tag k="source" v="Gerencia de Transporte Metropolitano de Trujillo"/>
    <tag k="ref" v="SALVLA-300"/>
  <tag k="network" v="Transporte Público Urbano Trujillo"/></node>
  <node id="-1353" lat="-8.0964750" lon="-79.0224672" visible="true">
    <tag k="public_transport" v="platform"/>
    <tag k="bus" v="yes"/>
    <tag k="highway" v="bus_stop"/>
    <tag k="source" v="Gerencia de Transporte Metropolitano de Trujillo"/>
    <tag k="ref" v="SALVLA-304"/>
  <tag k="network" v="Transporte Público Urbano Trujillo"/></node>
  <node id="-1354" lat="-8.0999260" lon="-79.0170930" visible="true">
    <tag k="public_transport" v="platform"/>
    <tag k="bus" v="yes"/>
    <tag k="highway" v="bus_stop"/>
    <tag k="source" v="Gerencia de Transporte Metropolitano de Trujillo"/>
    <tag k="ref" v="SAN-268"/>
  <tag k="network" v="Transporte Público Urbano Trujillo"/></node>
  <node id="-1355" lat="-8.1171619" lon="-79.0065884" visible="true">
    <tag k="public_transport" v="platform"/>
    <tag k="bus" v="yes"/>
    <tag k="highway" v="bus_stop"/>
    <tag k="source" v="Gerencia de Transporte Metropolitano de Trujillo"/>
    <tag k="ref" v="SANTR-384"/>
  <tag k="network" v="Transporte Público Urbano Trujillo"/></node>
  <node id="-1356" lat="-8.1170584" lon="-79.0064732" visible="true">
    <tag k="public_transport" v="platform"/>
    <tag k="bus" v="yes"/>
    <tag k="highway" v="bus_stop"/>
    <tag k="source" v="Gerencia de Transporte Metropolitano de Trujillo"/>
    <tag k="ref" v="SANTR-385"/>
  <tag k="network" v="Transporte Público Urbano Trujillo"/></node>
  <node id="-1357" lat="-8.1077729" lon="-79.0017552" visible="true">
    <tag k="public_transport" v="platform"/>
    <tag k="bus" v="yes"/>
    <tag k="highway" v="bus_stop"/>
    <tag k="source" v="Gerencia de Transporte Metropolitano de Trujillo"/>
    <tag k="ref" v="SB-530"/>
  <tag k="network" v="Transporte Público Urbano Trujillo"/></node>
  <node id="-1358" lat="-8.1078838" lon="-79.0017927" visible="true">
    <tag k="public_transport" v="platform"/>
    <tag k="bus" v="yes"/>
    <tag k="highway" v="bus_stop"/>
    <tag k="source" v="Gerencia de Transporte Metropolitano de Trujillo"/>
    <tag k="ref" v="SB-531"/>
  <tag k="network" v="Transporte Público Urbano Trujillo"/></node>
  <node id="-1359" lat="-8.1031010" lon="-79.0072731" visible="true">
    <tag k="public_transport" v="platform"/>
    <tag k="bus" v="yes"/>
    <tag k="highway" v="bus_stop"/>
    <tag k="source" v="Gerencia de Transporte Metropolitano de Trujillo"/>
    <tag k="ref" v="SOCR-499"/>
  <tag k="network" v="Transporte Público Urbano Trujillo"/></node>
  <node id="-1360" lat="-8.0912862" lon="-78.9949152" visible="true">
    <tag k="public_transport" v="platform"/>
    <tag k="bus" v="yes"/>
    <tag k="highway" v="bus_stop"/>
    <tag k="source" v="Gerencia de Transporte Metropolitano de Trujillo"/>
    <tag k="ref" v="SS-507"/>
  <tag k="network" v="Transporte Público Urbano Trujillo"/></node>
  <node id="-1361" lat="-8.0954540" lon="-79.0285712" visible="true">
    <tag k="public_transport" v="platform"/>
    <tag k="bus" v="yes"/>
    <tag k="highway" v="bus_stop"/>
    <tag k="source" v="Gerencia de Transporte Metropolitano de Trujillo"/>
    <tag k="ref" v="TEVA-338"/>
  <tag k="network" v="Transporte Público Urbano Trujillo"/></node>
  <node id="-1362" lat="-8.0951950" lon="-79.0286240" visible="true">
    <tag k="public_transport" v="platform"/>
    <tag k="bus" v="yes"/>
    <tag k="highway" v="bus_stop"/>
    <tag k="source" v="Gerencia de Transporte Metropolitano de Trujillo"/>
    <tag k="ref" v="TEVA-339"/>
  <tag k="network" v="Transporte Público Urbano Trujillo"/></node>
  <node id="-1363" lat="-8.1017587" lon="-79.0255256" visible="true">
    <tag k="public_transport" v="platform"/>
    <tag k="bus" v="yes"/>
    <tag k="highway" v="bus_stop"/>
    <tag k="source" v="Gerencia de Transporte Metropolitano de Trujillo"/>
    <tag k="ref" v="TUPAT-116"/>
  <tag k="network" v="Transporte Público Urbano Trujillo"/></node>
  <node id="-1364" lat="-8.0994353" lon="-79.0279424" visible="true">
    <tag k="public_transport" v="platform"/>
    <tag k="bus" v="yes"/>
    <tag k="highway" v="bus_stop"/>
    <tag k="source" v="Gerencia de Transporte Metropolitano de Trujillo"/>
    <tag k="ref" v="TUPAT-117"/>
  <tag k="network" v="Transporte Público Urbano Trujillo"/></node>
  <node id="-1365" lat="-8.0969634" lon="-79.0301206" visible="true">
    <tag k="public_transport" v="platform"/>
    <tag k="bus" v="yes"/>
    <tag k="highway" v="bus_stop"/>
    <tag k="source" v="Gerencia de Transporte Metropolitano de Trujillo"/>
    <tag k="ref" v="TUPAT-119"/>
  <tag k="network" v="Transporte Público Urbano Trujillo"/></node>
  <node id="-1366" lat="-8.0939150" lon="-79.0336175" visible="true">
    <tag k="public_transport" v="platform"/>
    <tag k="bus" v="yes"/>
    <tag k="highway" v="bus_stop"/>
    <tag k="source" v="Gerencia de Transporte Metropolitano de Trujillo"/>
    <tag k="ref" v="TUPAT-121"/>
  <tag k="network" v="Transporte Público Urbano Trujillo"/></node>
  <node id="-1367" lat="-8.0942732" lon="-79.0328992" visible="true">
    <tag k="public_transport" v="platform"/>
    <tag k="bus" v="yes"/>
    <tag k="highway" v="bus_stop"/>
    <tag k="source" v="Gerencia de Transporte Metropolitano de Trujillo"/>
    <tag k="ref" v="TUPAT-122"/>
  <tag k="network" v="Transporte Público Urbano Trujillo"/></node>
  <node id="-1368" lat="-8.0891591" lon="-79.0381247" visible="true">
    <tag k="public_transport" v="platform"/>
    <tag k="bus" v="yes"/>
    <tag k="highway" v="bus_stop"/>
    <tag k="source" v="Gerencia de Transporte Metropolitano de Trujillo"/>
    <tag k="ref" v="TUPAT-125"/>
  <tag k="network" v="Transporte Público Urbano Trujillo"/></node>
  <node id="-1369" lat="-8.0875554" lon="-79.0402613" visible="true">
    <tag k="public_transport" v="platform"/>
    <tag k="bus" v="yes"/>
    <tag k="highway" v="bus_stop"/>
    <tag k="source" v="Gerencia de Transporte Metropolitano de Trujillo"/>
    <tag k="ref" v="TUPAT-126"/>
  <tag k="network" v="Transporte Público Urbano Trujillo"/></node>
  <node id="-1370" lat="-8.1216266" lon="-79.0229268" visible="true">
    <tag k="public_transport" v="platform"/>
    <tag k="bus" v="yes"/>
    <tag k="highway" v="bus_stop"/>
    <tag k="source" v="Gerencia de Transporte Metropolitano de Trujillo"/>
    <tag k="ref" v="TUYU-492"/>
  <tag k="network" v="Transporte Público Urbano Trujillo"/></node>
  <node id="-1371" lat="-8.1193689" lon="-79.0235716" visible="true">
    <tag k="public_transport" v="platform"/>
    <tag k="bus" v="yes"/>
    <tag k="highway" v="bus_stop"/>
    <tag k="source" v="Gerencia de Transporte Metropolitano de Trujillo"/>
    <tag k="ref" v="TUYU-493"/>
  <tag k="network" v="Transporte Público Urbano Trujillo"/></node>
  <node id="-1372" lat="-8.1278301" lon="-79.0210377" visible="true">
    <tag k="public_transport" v="platform"/>
    <tag k="bus" v="yes"/>
    <tag k="highway" v="bus_stop"/>
    <tag k="source" v="Gerencia de Transporte Metropolitano de Trujillo"/>
    <tag k="ref" v="VF-478"/>
  <tag k="network" v="Transporte Público Urbano Trujillo"/></node>
  <node id="-1373" lat="-8.1168802" lon="-79.0323048" visible="true">
    <tag k="public_transport" v="platform"/>
    <tag k="bus" v="yes"/>
    <tag k="highway" v="bus_stop"/>
    <tag k="source" v="Gerencia de Transporte Metropolitano de Trujillo"/>
    <tag k="ref" v="VLHT-92"/>
  <tag k="network" v="Transporte Público Urbano Trujillo"/></node>
  <node id="-1374" lat="-8.1191349" lon="-79.0342216" visible="true">
    <tag k="public_transport" v="platform"/>
    <tag k="bus" v="yes"/>
    <tag k="highway" v="bus_stop"/>
    <tag k="source" v="Gerencia de Transporte Metropolitano de Trujillo"/>
    <tag k="ref" v="VLHT-93"/>
  <tag k="network" v="Transporte Público Urbano Trujillo"/></node>
  <node id="-1375" lat="-8.1199451" lon="-79.0346467" visible="true">
    <tag k="public_transport" v="platform"/>
    <tag k="bus" v="yes"/>
    <tag k="highway" v="bus_stop"/>
    <tag k="source" v="Gerencia de Transporte Metropolitano de Trujillo"/>
    <tag k="ref" v="VLHT-94"/>
  <tag k="network" v="Transporte Público Urbano Trujillo"/></node>
  <node id="-1376" lat="-8.1223763" lon="-79.0370457" visible="true">
    <tag k="public_transport" v="platform"/>
    <tag k="bus" v="yes"/>
    <tag k="highway" v="bus_stop"/>
    <tag k="source" v="Gerencia de Transporte Metropolitano de Trujillo"/>
    <tag k="ref" v="VLHT-95"/>
  <tag k="network" v="Transporte Público Urbano Trujillo"/></node>
  <node id="11910359970" lat="-8.1258395" lon="-79.0397792" version="4" action="modify">
    <tag k="advertising" v="yes"/>
    <tag k="bench" v="yes"/>
    <tag k="bicycle_parking" v="no"/>
    <tag k="bin" v="no"/>
    <tag k="bus" v="yes"/>
    <tag k="departures_board" v="no"/>
    <tag k="highway" v="bus_stop"/>
    <tag k="level" v="0"/>
    <tag k="lit" v="yes"/>
    <tag k="name" v="Avenida los Colibries"/>
    <tag k="passenger_information_display:speech_output" v="no"/>
    <tag k="pole" v="yes"/>
    <tag k="public_transport" v="platform"/>
    <tag k="ramp" v="no"/>
    <tag k="ref" v="VLHT-98"/>
    <tag k="shelter" v="yes"/>
    <tag k="tactile_paving" v="no"/>
    <tag k="tactile_writing:braille:es" v="no"/>
  <tag k="network" v="Transporte Público Urbano Trujillo"/><tag k="source:ref" v="Gerencia de Transporte Metropolitano de Trujillo"/></node>
  <node id="-1377" lat="-8.0910439" lon="-78.9945504" visible="true">
    <tag k="public_transport" v="platform"/>
    <tag k="bus" v="yes"/>
    <tag k="highway" v="bus_stop"/>
    <tag k="source" v="Gerencia de Transporte Metropolitano de Trujillo"/>
    <tag k="ref" v="YP-506"/>
  <tag k="network" v="Transporte Público Urbano Trujillo"/></node>
</osm>
