{
  "type": "FeatureCollection",
  "features": [
    {
      "type": "Feature",
      "id": "10281362769",
      "geometry": {
        "type": "Point",
        "coordinates": [
          -79.075065,
          -7.9920742
        ]
      },
      "properties": {
        "id": "10281362769",
        "name": "Carretera Panamericana Norte",
        "type": "bus_stop",
        "category": "transport",
        "subcategory": "bus_stop",
        "description": "3(0-33-34)"
      }
    },
    {
      "type": "Feature",
      "id": "13546546295",
      "geometry": {
        "type": "Point",
        "coordinates": [
          -79.0747991,
          -7.9929843
        ]
      },
      "properties": {
        "id": "13546546295",
        "name": "",
        "type": "bus_stop",
        "category": "transport",
        "subcategory": "bus_stop",
        "description": "3(0-33-34)"
      }
    },
    {
      "type": "Feature",
      "id": "13546546294",
      "geometry": {
        "type": "Point",
        "coordinates": [
          -79.0733612,
          -7.9975336
        ]
      },
      "properties": {
        "id": "13546546294",
        "name": "",
        "type": "bus_stop",
        "category": "transport",
        "subcategory": "bus_stop",
        "description": "3(0-33-34)"
      }
    },
    {
      "type": "Feature",
      "id": "13546545550",
      "geometry": {
        "type": "Point",
        "coordinates": [
          -79.0722103,
          -8.0012454
        ]
      },
      "properties": {
        "id": "13546545550",
        "name": "",
        "type": "bus_stop",
        "category": "transport",
        "subcategory": "bus_stop",
        "description": "5(0-11-33-34-7)"
      }
    },
    {
      "type": "Feature",
      "id": "13546546293",
      "geometry": {
        "type": "Point",
        "coordinates": [
          -79.0673078,
          -8.015995
        ]
      },
      "properties": {
        "id": "13546546293",
        "name": "",
        "type": "bus_stop",
        "category": "transport",
        "subcategory": "bus_stop",
        "description": "10(0-11-26-28-33-34-36-37-59-7)"
      }
    },
    {
      "type": "Feature",
      "id": "13546546291",
      "geometry": {
        "type": "Point",
        "coordinates": [
          -79.0661602,
          -8.0196706
        ]
      },
      "properties": {
        "id": "13546546291",
        "name": "",
        "type": "bus_stop",
        "category": "transport",
        "subcategory": "bus_stop",
        "description": "10(0-11-26-28-33-34-36-37-59-7)"
      }
    },
    {
      "type": "Feature",
      "id": "11911534030",
      "geometry": {
        "type": "Point",
        "coordinates": [
          -79.0648297,
          -8.0235139
        ]
      },
      "properties": {
        "id": "11911534030",
        "name": "Calle Alfonso Ugarte",
        "type": "bus_stop",
        "category": "transport",
        "subcategory": "bus_stop",
        "description": "10(0-11-26-28-33-34-36-37-59-7)"
      }
    },
    {
      "type": "Feature",
      "id": "13546546290",
      "geometry": {
        "type": "Point",
        "coordinates": [
          -79.0636536,
          -8.0273704
        ]
      },
      "properties": {
        "id": "13546546290",
        "name": "",
        "type": "bus_stop",
        "category": "transport",
        "subcategory": "bus_stop",
        "description": "10(0-11-26-28-33-34-36-37-59-7)"
      }
    },
    {
      "type": "Feature",
      "id": "13546546289",
      "geometry": {
        "type": "Point",
        "coordinates": [
          -79.0626536,
          -8.0306138
        ]
      },
      "properties": {
        "id": "13546546289",
        "name": "",
        "type": "bus_stop",
        "category": "transport",
        "subcategory": "bus_stop",
        "description": "10(0-11-26-28-33-34-36-37-59-7)"
      }
    },
    {
      "type": "Feature",
      "id": "13546545547",
      "geometry": {
        "type": "Point",
        "coordinates": [
          -79.0613915,
          -8.0342637
        ]
      },
      "properties": {
        "id": "13546545547",
        "name": "",
        "type": "bus_stop",
        "category": "transport",
        "subcategory": "bus_stop",
        "description": "10(0-11-26-28-33-34-36-37-59-7)"
      }
    },
    {
      "type": "Feature",
      "id": "13546546288",
      "geometry": {
        "type": "Point",
        "coordinates": [
          -79.0587534,
          -8.042531
        ]
      },
      "properties": {
        "id": "13546546288",
        "name": "",
        "type": "bus_stop",
        "category": "transport",
        "subcategory": "bus_stop",
        "description": "10(0-11-26-28-33-34-36-37-59-7)"
      }
    },
    {
      "type": "Feature",
      "id": "13546545612",
      "geometry": {
        "type": "Point",
        "coordinates": [
          -79.0574802,
          -8.0466333
        ]
      },
      "properties": {
        "id": "13546545612",
        "name": "",
        "type": "bus_stop",
        "category": "transport",
        "subcategory": "bus_stop",
        "description": "10(0-11-26-28-33-34-36-37-59-7)"
      }
    },
    {
      "type": "Feature",
      "id": "13546546334",
      "geometry": {
        "type": "Point",
        "coordinates": [
          -79.0567702,
          -8.0494699
        ]
      },
      "properties": {
        "id": "13546546334",
        "name": "",
        "type": "bus_stop",
        "category": "transport",
        "subcategory": "bus_stop",
        "description": "10(0-11-26-28-33-34-36-37-59-7)"
      }
    },
    {
      "type": "Feature",
      "id": "13546546333",
      "geometry": {
        "type": "Point",
        "coordinates": [
          -79.0560623,
          -8.0529364
        ]
      },
      "properties": {
        "id": "13546546333",
        "name": "",
        "type": "bus_stop",
        "category": "transport",
        "subcategory": "bus_stop",
        "description": "11(0-1-11-26-28-33-34-36-37-59-7)"
      }
    },
    {
      "type": "Feature",
      "id": "13546546336",
      "geometry": {
        "type": "Point",
        "coordinates": [
          -79.0542699,
          -8.0566946
        ]
      },
      "properties": {
        "id": "13546546336",
        "name": "",
        "type": "bus_stop",
        "category": "transport",
        "subcategory": "bus_stop",
        "description": "16(0-1-11-14-26-27-28-32-33-34-36-37-59-7-78-81)"
      }
    },
    {
      "type": "Feature",
      "id": "13546546338",
      "geometry": {
        "type": "Point",
        "coordinates": [
          -79.0533255,
          -8.0596597
        ]
      },
      "properties": {
        "id": "13546546338",
        "name": "",
        "type": "bus_stop",
        "category": "transport",
        "subcategory": "bus_stop",
        "description": "15(0-1-11-14-26-27-28-32-34-36-37-59-7-78-81)"
      }
    },
    {
      "type": "Feature",
      "id": "13546545638",
      "geometry": {
        "type": "Point",
        "coordinates": [
          -79.0520044,
          -8.0637257
        ]
      },
      "properties": {
        "id": "13546545638",
        "name": "",
        "type": "bus_stop",
        "category": "transport",
        "subcategory": "bus_stop",
        "description": "15(0-1-11-26-27-28-32-34-36-37-59-7-78-81-9)"
      }
    },
    {
      "type": "Feature",
      "id": "13546546319",
      "geometry": {
        "type": "Point",
        "coordinates": [
          -79.0507251,
          -8.0677612
        ]
      },
      "properties": {
        "id": "13546546319",
        "name": "",
        "type": "bus_stop",
        "category": "transport",
        "subcategory": "bus_stop",
        "description": "15(0-1-11-26-27-28-32-34-36-37-59-7-78-81-9)"
      }
    },
    {
      "type": "Feature",
      "id": "13546545633",
      "geometry": {
        "type": "Point",
        "coordinates": [
          -79.0492565,
          -8.0724897
        ]
      },
      "properties": {
        "id": "13546545633",
        "name": "",
        "type": "bus_stop",
        "category": "transport",
        "subcategory": "bus_stop",
        "description": "15(0-1-11-26-27-28-32-34-36-37-59-7-78-81-9)"
      }
    },
    {
      "type": "Feature",
      "id": "13546546318",
      "geometry": {
        "type": "Point",
        "coordinates": [
          -79.0480679,
          -8.074271
        ]
      },
      "properties": {
        "id": "13546546318",
        "name": "",
        "type": "bus_stop",
        "category": "transport",
        "subcategory": "bus_stop",
        "description": "6(0-1-11-7-78-9)"
      }
    },
    {
      "type": "Feature",
      "id": "13546545637",
      "geometry": {
        "type": "Point",
        "coordinates": [
          -79.0468353,
          -8.0763807
        ]
      },
      "properties": {
        "id": "13546545637",
        "name": "",
        "type": "bus_stop",
        "category": "transport",
        "subcategory": "bus_stop",
        "description": "6(0-1-11-7-78-9)"
      }
    },
    {
      "type": "Feature",
      "id": "13546545636",
      "geometry": {
        "type": "Point",
        "coordinates": [
          -79.0451941,
          -8.0792547
        ]
      },
      "properties": {
        "id": "13546545636",
        "name": "",
        "type": "bus_stop",
        "category": "transport",
        "subcategory": "bus_stop",
        "description": "6(0-1-11-7-78-9)"
      }
    },
    {
      "type": "Feature",
      "id": "13546545669",
      "geometry": {
        "type": "Point",
        "coordinates": [
          -79.0430778,
          -8.083007
        ]
      },
      "properties": {
        "id": "13546545669",
        "name": "",
        "type": "bus_stop",
        "category": "transport",
        "subcategory": "bus_stop",
        "description": "7(0-1-11-17-7-78-9)"
      }
    },
    {
      "type": "Feature",
      "id": "13546535044",
      "geometry": {
        "type": "Point",
        "coordinates": [
          -79.0402613,
          -8.0875554
        ]
      },
      "properties": {
        "id": "13546535044",
        "name": "",
        "type": "bus_stop",
        "category": "transport",
        "subcategory": "bus_stop",
        "description": "10(0-1-11-17-33-57-58-7-78-9)"
      }
    },
    {
      "type": "Feature",
      "id": "13546545867",
      "geometry": {
        "type": "Point",
        "coordinates": [
          -79.0362607,
          -8.0913512
        ]
      },
      "properties": {
        "id": "13546545867",
        "name": "",
        "type": "bus_stop",
        "category": "transport",
        "subcategory": "bus_stop",
        "description": "10(0-1-11-17-33-57-58-7-78-9)"
      }
    },
    {
      "type": "Feature",
      "id": "13546535047",
      "geometry": {
        "type": "Point",
        "coordinates": [
          -79.0336175,
          -8.093915
        ]
      },
      "properties": {
        "id": "13546535047",
        "name": "",
        "type": "bus_stop",
        "category": "transport",
        "subcategory": "bus_stop",
        "description": "13(0-1-17-33-43-5-57-59-7-78-8-84-9)"
      }
    },
    {
      "type": "Feature",
      "id": "13546535052",
      "geometry": {
        "type": "Point",
        "coordinates": [
          -79.0285712,
          -8.095454
        ]
      },
      "properties": {
        "id": "13546535052",
        "name": "",
        "type": "bus_stop",
        "category": "transport",
        "subcategory": "bus_stop",
        "description": "2(0-5)"
      }
    },
    {
      "type": "Feature",
      "id": "13546545243",
      "geometry": {
        "type": "Point",
        "coordinates": [
          -79.0269907,
          -8.0950012
        ]
      },
      "properties": {
        "id": "13546545243",
        "name": "",
        "type": "bus_stop",
        "category": "transport",
        "subcategory": "bus_stop",
        "description": "13(0-1-4-47-5-51-57-59-62-7-78-8-9)"
      }
    },
    {
      "type": "Feature",
      "id": "13546545977",
      "geometry": {
        "type": "Point",
        "coordinates": [
          -79.0199207,
          -8.0922674
        ]
      },
      "properties": {
        "id": "13546545977",
        "name": "",
        "type": "bus_stop",
        "category": "transport",
        "subcategory": "bus_stop",
        "description": "5(0-5-69-79-83)"
      }
    },
    {
      "type": "Feature",
      "id": "13546545181",
      "geometry": {
        "type": "Point",
        "coordinates": [
          -79.0177695,
          -8.0928692
        ]
      },
      "properties": {
        "id": "13546545181",
        "name": "",
        "type": "bus_stop",
        "category": "transport",
        "subcategory": "bus_stop",
        "description": "6(0-17-5-69-79-83)"
      }
    },
    {
      "type": "Feature",
      "id": "13546545976",
      "geometry": {
        "type": "Point",
        "coordinates": [
          -79.0153012,
          -8.0941722
        ]
      },
      "properties": {
        "id": "13546545976",
        "name": "",
        "type": "bus_stop",
        "category": "transport",
        "subcategory": "bus_stop",
        "description": "11(0-12-14-17-40-47-5-69-72-79-83)"
      }
    },
    {
      "type": "Feature",
      "id": "13546545180",
      "geometry": {
        "type": "Point",
        "coordinates": [
          -79.0131353,
          -8.0955967
        ]
      },
      "properties": {
        "id": "13546545180",
        "name": "",
        "type": "bus_stop",
        "category": "transport",
        "subcategory": "bus_stop",
        "description": "6(0-40-5-72-79-83)"
      }
    },
    {
      "type": "Feature",
      "id": "13546545974",
      "geometry": {
        "type": "Point",
        "coordinates": [
          -79.0106446,
          -8.0971678
        ]
      },
      "properties": {
        "id": "13546545974",
        "name": "",
        "type": "bus_stop",
        "category": "transport",
        "subcategory": "bus_stop",
        "description": "5(0-25-5-54-58)"
      }
    },
    {
      "type": "Feature",
      "id": "13546545215",
      "geometry": {
        "type": "Point",
        "coordinates": [
          -79.0082032,
          -8.0991114
        ]
      },
      "properties": {
        "id": "13546545215",
        "name": "",
        "type": "bus_stop",
        "category": "transport",
        "subcategory": "bus_stop",
        "description": "13(0-13-16-25-31-33-51-52-54-56-58-62-80)"
      }
    },
    {
      "type": "Feature",
      "id": "13546546014",
      "geometry": {
        "type": "Point",
        "coordinates": [
          -79.0104063,
          -8.1017614
        ]
      },
      "properties": {
        "id": "13546546014",
        "name": "",
        "type": "bus_stop",
        "category": "transport",
        "subcategory": "bus_stop",
        "description": "13(0-13-16-25-31-33-51-52-54-56-58-62-80)"
      }
    },
    {
      "type": "Feature",
      "id": "13546546043",
      "geometry": {
        "type": "Point",
        "coordinates": [
          -79.0106145,
          -8.1041752
        ]
      },
      "properties": {
        "id": "13546546043",
        "name": "",
        "type": "bus_stop",
        "category": "transport",
        "subcategory": "bus_stop",
        "description": "12(0-1-13-31-57-58-59-7-78-8-80-9)"
      }
    },
    {
      "type": "Feature",
      "id": "13546545231",
      "geometry": {
        "type": "Point",
        "coordinates": [
          -79.0123393,
          -8.1089068
        ]
      },
      "properties": {
        "id": "13546545231",
        "name": "",
        "type": "bus_stop",
        "category": "transport",
        "subcategory": "bus_stop",
        "description": "11(0-1-13-57-58-59-7-78-8-80-9)"
      }
    },
    {
      "type": "Feature",
      "id": "13546546042",
      "geometry": {
        "type": "Point",
        "coordinates": [
          -79.0135767,
          -8.1115319
        ]
      },
      "properties": {
        "id": "13546546042",
        "name": "",
        "type": "bus_stop",
        "category": "transport",
        "subcategory": "bus_stop",
        "description": "11(0-1-13-57-58-59-7-78-8-80-9)"
      }
    },
    {
      "type": "Feature",
      "id": "13546545233",
      "geometry": {
        "type": "Point",
        "coordinates": [
          -79.014746,
          -8.113926
        ]
      },
      "properties": {
        "id": "13546545233",
        "name": "",
        "type": "bus_stop",
        "category": "transport",
        "subcategory": "bus_stop",
        "description": "18(0-1-13-22-24-28-32-4-57-58-59-62-7-78-8-80-81-9)"
      }
    },
    {
      "type": "Feature",
      "id": "13546546052",
      "geometry": {
        "type": "Point",
        "coordinates": [
          -79.0164486,
          -8.1164039
        ]
      },
      "properties": {
        "id": "13546546052",
        "name": "",
        "type": "bus_stop",
        "category": "transport",
        "subcategory": "bus_stop",
        "description": "23(0-1-13-22-24-27-28-30-32-4-48-57-58-59-62-65-68-7-78-8-80-81-9)"
      }
    },
    {
      "type": "Feature",
      "id": "13546545240",
      "geometry": {
        "type": "Point",
        "coordinates": [
          -79.0207348,
          -8.1211376
        ]
      },
      "properties": {
        "id": "13546545240",
        "name": "",
        "type": "bus_stop",
        "category": "transport",
        "subcategory": "bus_stop",
        "description": "22(0-13-22-24-28-30-4-48-57-58-59-60-62-65-68-7-73-77-78-8-80-9)"
      }
    },
    {
      "type": "Feature",
      "id": "13546545236",
      "geometry": {
        "type": "Point",
        "coordinates": [
          -79.0224984,
          -8.122784
        ]
      },
      "properties": {
        "id": "13546545236",
        "name": "",
        "type": "bus_stop",
        "category": "transport",
        "subcategory": "bus_stop",
        "description": "30(0-13-18-19-22-24-28-30-39-4-42-44-45-48-57-58-59-60-62-65-67-68-7-70-73-77-78-8-80-9)"
      }
    },
    {
      "type": "Feature",
      "id": "13546545242",
      "geometry": {
        "type": "Point",
        "coordinates": [
          -79.0246367,
          -8.124507
        ]
      },
      "properties": {
        "id": "13546545242",
        "name": "",
        "type": "bus_stop",
        "category": "transport",
        "subcategory": "bus_stop",
        "description": "20(0-13-14-24-28-4-43-48-50-52-57-58-59-62-65-7-8-80-84-9)"
      }
    },
    {
      "type": "Feature",
      "id": "5069523013",
      "geometry": {
        "type": "Point",
        "coordinates": [
          -79.0277456,
          -8.1259685
        ]
      },
      "properties": {
        "id": "5069523013",
        "name": "AMS-36",
        "type": "bus_stop",
        "category": "transport",
        "subcategory": "bus_stop",
        "description": "20(0-13-14-24-28-4-43-48-50-52-57-58-59-62-65-7-8-80-84-9)"
      }
    },
    {
      "type": "Feature",
      "id": "13546545908",
      "geometry": {
        "type": "Point",
        "coordinates": [
          -79.0304563,
          -8.1271661
        ]
      },
      "properties": {
        "id": "13546545908",
        "name": "",
        "type": "bus_stop",
        "category": "transport",
        "subcategory": "bus_stop",
        "description": "4(0-12-37-50)"
      }
    },
    {
      "type": "Feature",
      "id": "13546546196",
      "geometry": {
        "type": "Point",
        "coordinates": [
          -79.0357809,
          -8.1339475
        ]
      },
      "properties": {
        "id": "13546546196",
        "name": "",
        "type": "bus_stop",
        "category": "transport",
        "subcategory": "bus_stop",
        "description": "4(0-1-12-37)"
      }
    },
    {
      "type": "Feature",
      "id": "13546546195",
      "geometry": {
        "type": "Point",
        "coordinates": [
          -79.0375234,
          -8.1367137
        ]
      },
      "properties": {
        "id": "13546546195",
        "name": "",
        "type": "bus_stop",
        "category": "transport",
        "subcategory": "bus_stop",
        "description": "4(0-1-12-37)"
      }
    },
    {
      "type": "Feature",
      "id": "13546545385",
      "geometry": {
        "type": "Point",
        "coordinates": [
          -79.0395374,
          -8.1367921
        ]
      },
      "properties": {
        "id": "13546545385",
        "name": "",
        "type": "bus_stop",
        "category": "transport",
        "subcategory": "bus_stop",
        "description": "4(0-1-12-57)"
      }
    },
    {
      "type": "Feature",
      "id": "13546545400",
      "geometry": {
        "type": "Point",
        "coordinates": [
          -79.0423196,
          -8.1358544
        ]
      },
      "properties": {
        "id": "13546545400",
        "name": "",
        "type": "bus_stop",
        "category": "transport",
        "subcategory": "bus_stop",
        "description": "4(0-1-12-57)"
      }
    },
    {
      "type": "Feature",
      "id": "13546546194",
      "geometry": {
        "type": "Point",
        "coordinates": [
          -79.0439149,
          -8.1371477
        ]
      },
      "properties": {
        "id": "13546546194",
        "name": "",
        "type": "bus_stop",
        "category": "transport",
        "subcategory": "bus_stop",
        "description": "5(0-1-12-25-57)"
      }
    },
    {
      "type": "Feature",
      "id": "13546546193",
      "geometry": {
        "type": "Point",
        "coordinates": [
          -79.0462118,
          -8.1397377
        ]
      },
      "properties": {
        "id": "13546546193",
        "name": "",
        "type": "bus_stop",
        "category": "transport",
        "subcategory": "bus_stop",
        "description": "5(0-1-12-25-57)"
      }
    },
    {
      "type": "Feature",
      "id": "13546545398",
      "geometry": {
        "type": "Point",
        "coordinates": [
          -79.0481355,
          -8.1419808
        ]
      },
      "properties": {
        "id": "13546545398",
        "name": "",
        "type": "bus_stop",
        "category": "transport",
        "subcategory": "bus_stop",
        "description": "5(0-1-12-25-57)"
      }
    },
    {
      "type": "Feature",
      "id": "13546545387",
      "geometry": {
        "type": "Point",
        "coordinates": [
          -79.0490274,
          -8.1436942
        ]
      },
      "properties": {
        "id": "13546545387",
        "name": "",
        "type": "bus_stop",
        "category": "transport",
        "subcategory": "bus_stop",
        "description": "1(0)"
      }
    },
    {
      "type": "Feature",
      "id": "13546545388",
      "geometry": {
        "type": "Point",
        "coordinates": [
          -79.0469949,
          -8.145435
        ]
      },
      "properties": {
        "id": "13546545388",
        "name": "",
        "type": "bus_stop",
        "category": "transport",
        "subcategory": "bus_stop",
        "description": "1(0)"
      }
    },
    {
      "type": "Feature",
      "id": "13546545389",
      "geometry": {
        "type": "Point",
        "coordinates": [
          -79.0444878,
          -8.1476653
        ]
      },
      "properties": {
        "id": "13546545389",
        "name": "",
        "type": "bus_stop",
        "category": "transport",
        "subcategory": "bus_stop",
        "description": "3(0-25-58)"
      }
    },
    {
      "type": "Feature",
      "id": "13546546198",
      "geometry": {
        "type": "Point",
        "coordinates": [
          -79.0468642,
          -8.1485718
        ]
      },
      "properties": {
        "id": "13546546198",
        "name": "",
        "type": "bus_stop",
        "category": "transport",
        "subcategory": "bus_stop",
        "description": "3(0-25-58)"
      }
    },
    {
      "type": "Feature",
      "id": "13546545405",
      "geometry": {
        "type": "Point",
        "coordinates": [
          -79.0498466,
          -8.1485167
        ]
      },
      "properties": {
        "id": "13546545405",
        "name": "",
        "type": "bus_stop",
        "category": "transport",
        "subcategory": "bus_stop",
        "description": "4(0-25-57-58)"
      }
    },
    {
      "type": "Feature",
      "id": "1091301861",
      "geometry": {
        "type": "Point",
        "coordinates": [
          -79.0518622,
          -8.1468076
        ]
      },
      "properties": {
        "id": "1091301861",
        "name": "Calle Callao y Avenida Manuel Seoane",
        "type": "bus_stop",
        "category": "transport",
        "subcategory": "bus_stop",
        "description": "1(0)"
      }
    },
    {
      "type": "Feature",
      "id": "13546545406",
      "geometry": {
        "type": "Point",
        "coordinates": [
          -79.050862,
          -8.1456969
        ]
      },
      "properties": {
        "id": "13546545406",
        "name": "",
        "type": "bus_stop",
        "category": "transport",
        "subcategory": "bus_stop",
        "description": "4(0-1-25-57)"
      }
    },
    {
      "type": "Feature",
      "id": "13546545407",
      "geometry": {
        "type": "Point",
        "coordinates": [
          -79.0484424,
          -8.1427463
        ]
      },
      "properties": {
        "id": "13546545407",
        "name": "",
        "type": "bus_stop",
        "category": "transport",
        "subcategory": "bus_stop",
        "description": "5(0-1-12-25-57)"
      }
    },
    {
      "type": "Feature",
      "id": "13546546199",
      "geometry": {
        "type": "Point",
        "coordinates": [
          -79.0461648,
          -8.1400331
        ]
      },
      "properties": {
        "id": "13546546199",
        "name": "",
        "type": "bus_stop",
        "category": "transport",
        "subcategory": "bus_stop",
        "description": "5(0-1-12-25-57)"
      }
    },
    {
      "type": "Feature",
      "id": "13546546184",
      "geometry": {
        "type": "Point",
        "coordinates": [
          -79.0438407,
          -8.1373327
        ]
      },
      "properties": {
        "id": "13546546184",
        "name": "",
        "type": "bus_stop",
        "category": "transport",
        "subcategory": "bus_stop",
        "description": "5(0-1-12-25-57)"
      }
    },
    {
      "type": "Feature",
      "id": "13546545399",
      "geometry": {
        "type": "Point",
        "coordinates": [
          -79.0400983,
          -8.1368126
        ]
      },
      "properties": {
        "id": "13546545399",
        "name": "",
        "type": "bus_stop",
        "category": "transport",
        "subcategory": "bus_stop",
        "description": "5(0-1-12-25-57)"
      }
    },
    {
      "type": "Feature",
      "id": "13546546186",
      "geometry": {
        "type": "Point",
        "coordinates": [
          -79.035325,
          -8.1337548
        ]
      },
      "properties": {
        "id": "13546546186",
        "name": "",
        "type": "bus_stop",
        "category": "transport",
        "subcategory": "bus_stop",
        "description": "5(0-1-12-25-37)"
      }
    },
    {
      "type": "Feature",
      "id": "13546545907",
      "geometry": {
        "type": "Point",
        "coordinates": [
          -79.0328825,
          -8.1309298
        ]
      },
      "properties": {
        "id": "13546545907",
        "name": "",
        "type": "bus_stop",
        "category": "transport",
        "subcategory": "bus_stop",
        "description": "5(0-12-25-37-50)"
      }
    },
    {
      "type": "Feature",
      "id": "13546545909",
      "geometry": {
        "type": "Point",
        "coordinates": [
          -79.0301981,
          -8.1274259
        ]
      },
      "properties": {
        "id": "13546545909",
        "name": "",
        "type": "bus_stop",
        "category": "transport",
        "subcategory": "bus_stop",
        "description": "5(0-12-25-37-50)"
      }
    },
    {
      "type": "Feature",
      "id": "13546546046",
      "geometry": {
        "type": "Point",
        "coordinates": [
          -79.0288382,
          -8.126564
        ]
      },
      "properties": {
        "id": "13546546046",
        "name": "",
        "type": "bus_stop",
        "category": "transport",
        "subcategory": "bus_stop",
        "description": "24(0-14-17-2-24-28-4-43-46-49-50-52-55-57-58-59-61-64-65-7-8-80-84-9)"
      }
    },
    {
      "type": "Feature",
      "id": "11910518853",
      "geometry": {
        "type": "Point",
        "coordinates": [
          -79.0213577,
          -8.1220046
        ]
      },
      "properties": {
        "id": "11910518853",
        "name": "Calle Calcuchimac",
        "type": "bus_stop",
        "category": "transport",
        "subcategory": "bus_stop",
        "description": "29(0-2-22-24-28-38-39-4-42-44-45-49-50-55-57-58-59-60-64-65-67-68-7-70-73-77-8-80-9)"
      }
    },
    {
      "type": "Feature",
      "id": "13546545239",
      "geometry": {
        "type": "Point",
        "coordinates": [
          -79.0194521,
          -8.1202261
        ]
      },
      "properties": {
        "id": "13546545239",
        "name": "",
        "type": "bus_stop",
        "category": "transport",
        "subcategory": "bus_stop",
        "description": "19(0-2-22-24-28-4-49-50-55-57-58-59-64-65-68-7-8-80-9)"
      }
    },
    {
      "type": "Feature",
      "id": "13546545237",
      "geometry": {
        "type": "Point",
        "coordinates": [
          -79.017404,
          -8.1178747
        ]
      },
      "properties": {
        "id": "13546545237",
        "name": "",
        "type": "bus_stop",
        "category": "transport",
        "subcategory": "bus_stop",
        "description": "19(0-2-22-24-27-28-4-49-55-57-58-59-64-65-68-7-8-80-9)"
      }
    },
    {
      "type": "Feature",
      "id": "13546546051",
      "geometry": {
        "type": "Point",
        "coordinates": [
          -79.0152931,
          -8.1151359
        ]
      },
      "properties": {
        "id": "13546546051",
        "name": "",
        "type": "bus_stop",
        "category": "transport",
        "subcategory": "bus_stop",
        "description": "23(0-1-2-22-24-27-28-32-4-49-55-57-58-59-64-65-66-68-7-8-80-81-9)"
      }
    },
    {
      "type": "Feature",
      "id": "13546546044",
      "geometry": {
        "type": "Point",
        "coordinates": [
          -79.013608,
          -8.1120252
        ]
      },
      "properties": {
        "id": "13546546044",
        "name": "",
        "type": "bus_stop",
        "category": "transport",
        "subcategory": "bus_stop",
        "description": "11(0-1-31-55-57-58-59-7-8-80-9)"
      }
    },
    {
      "type": "Feature",
      "id": "13546545232",
      "geometry": {
        "type": "Point",
        "coordinates": [
          -79.0123164,
          -8.1094149
        ]
      },
      "properties": {
        "id": "13546545232",
        "name": "",
        "type": "bus_stop",
        "category": "transport",
        "subcategory": "bus_stop",
        "description": "11(0-1-31-55-57-58-59-7-8-80-9)"
      }
    },
    {
      "type": "Feature",
      "id": "13546546045",
      "geometry": {
        "type": "Point",
        "coordinates": [
          -79.0103168,
          -8.104291
        ]
      },
      "properties": {
        "id": "13546546045",
        "name": "",
        "type": "bus_stop",
        "category": "transport",
        "subcategory": "bus_stop",
        "description": "11(0-1-31-55-57-58-59-7-8-80-9)"
      }
    },
    {
      "type": "Feature",
      "id": "13546546017",
      "geometry": {
        "type": "Point",
        "coordinates": [
          -79.0103882,
          -8.1021258
        ]
      },
      "properties": {
        "id": "13546546017",
        "name": "",
        "type": "bus_stop",
        "category": "transport",
        "subcategory": "bus_stop",
        "description": "13(0-16-25-31-33-35-46-51-52-55-56-58-80)"
      }
    },
    {
      "type": "Feature",
      "id": "13546545216",
      "geometry": {
        "type": "Point",
        "coordinates": [
          -79.0080925,
          -8.0993433
        ]
      },
      "properties": {
        "id": "13546545216",
        "name": "",
        "type": "bus_stop",
        "category": "transport",
        "subcategory": "bus_stop",
        "description": "13(0-16-25-31-33-35-46-51-52-55-56-58-80)"
      }
    },
    {
      "type": "Feature",
      "id": "13546545975",
      "geometry": {
        "type": "Point",
        "coordinates": [
          -79.0112737,
          -8.0965565
        ]
      },
      "properties": {
        "id": "13546545975",
        "name": "",
        "type": "bus_stop",
        "category": "transport",
        "subcategory": "bus_stop",
        "description": "24(0-34-36-40-48-49-5-50-52-55-60-61-64-69-71-72-73-74-75-76-77-79-82-83)"
      }
    },
    {
      "type": "Feature",
      "id": "13546545978",
      "geometry": {
        "type": "Point",
        "coordinates": [
          -79.0239658,
          -8.092803
        ]
      },
      "properties": {
        "id": "13546545978",
        "name": "",
        "type": "bus_stop",
        "category": "transport",
        "subcategory": "bus_stop",
        "description": "3(0-21-5)"
      }
    },
    {
      "type": "Feature",
      "id": "13546545869",
      "geometry": {
        "type": "Point",
        "coordinates": [
          -79.0314311,
          -8.0940887
        ]
      },
      "properties": {
        "id": "13546545869",
        "name": "",
        "type": "bus_stop",
        "category": "transport",
        "subcategory": "bus_stop",
        "description": "4(0-43-5-84)"
      }
    },
    {
      "type": "Feature",
      "id": "13546535046",
      "geometry": {
        "type": "Point",
        "coordinates": [
          -79.0328992,
          -8.0942732
        ]
      },
      "properties": {
        "id": "13546535046",
        "name": "",
        "type": "bus_stop",
        "category": "transport",
        "subcategory": "bus_stop",
        "description": "15(0-1-10-17-2-33-43-5-57-59-7-78-8-84-9)"
      }
    },
    {
      "type": "Feature",
      "id": "13546535045",
      "geometry": {
        "type": "Point",
        "coordinates": [
          -79.0381247,
          -8.0891591
        ]
      },
      "properties": {
        "id": "13546535045",
        "name": "",
        "type": "bus_stop",
        "category": "transport",
        "subcategory": "bus_stop",
        "description": "12(0-1-10-11-17-2-33-57-58-7-78-9)"
      }
    },
    {
      "type": "Feature",
      "id": "13546545668",
      "geometry": {
        "type": "Point",
        "coordinates": [
          -79.0424333,
          -8.0837564
        ]
      },
      "properties": {
        "id": "13546545668",
        "name": "",
        "type": "bus_stop",
        "category": "transport",
        "subcategory": "bus_stop",
        "description": "9(0-1-10-11-17-58-7-78-9)"
      }
    },
    {
      "type": "Feature",
      "id": "13546546362",
      "geometry": {
        "type": "Point",
        "coordinates": [
          -79.0477654,
          -8.0744327
        ]
      },
      "properties": {
        "id": "13546546362",
        "name": "",
        "type": "bus_stop",
        "category": "transport",
        "subcategory": "bus_stop",
        "description": "7(0-1-10-11-7-78-9)"
      }
    },
    {
      "type": "Feature",
      "id": "13546546364",
      "geometry": {
        "type": "Point",
        "coordinates": [
          -79.0506094,
          -8.0675391
        ]
      },
      "properties": {
        "id": "13546546364",
        "name": "",
        "type": "bus_stop",
        "category": "transport",
        "subcategory": "bus_stop",
        "description": "16(0-1-10-11-26-27-28-32-34-36-37-59-7-78-81-9)"
      }
    },
    {
      "type": "Feature",
      "id": "13546545722",
      "geometry": {
        "type": "Point",
        "coordinates": [
          -79.0517885,
          -8.0635307
        ]
      },
      "properties": {
        "id": "13546545722",
        "name": "",
        "type": "bus_stop",
        "category": "transport",
        "subcategory": "bus_stop",
        "description": "16(0-1-10-11-26-27-28-32-34-36-37-59-7-78-81-9)"
      }
    },
    {
      "type": "Feature",
      "id": "13546546337",
      "geometry": {
        "type": "Point",
        "coordinates": [
          -79.0531725,
          -8.0595439
        ]
      },
      "properties": {
        "id": "13546546337",
        "name": "",
        "type": "bus_stop",
        "category": "transport",
        "subcategory": "bus_stop",
        "description": "16(0-1-10-11-14-26-27-28-32-34-36-37-59-7-78-81)"
      }
    },
    {
      "type": "Feature",
      "id": "13546546335",
      "geometry": {
        "type": "Point",
        "coordinates": [
          -79.054233,
          -8.0561841
        ]
      },
      "properties": {
        "id": "13546546335",
        "name": "",
        "type": "bus_stop",
        "category": "transport",
        "subcategory": "bus_stop",
        "description": "17(0-1-10-11-14-26-27-28-32-33-34-36-37-59-7-78-81)"
      }
    },
    {
      "type": "Feature",
      "id": "13546545681",
      "geometry": {
        "type": "Point",
        "coordinates": [
          -79.0552004,
          -8.0533903
        ]
      },
      "properties": {
        "id": "13546545681",
        "name": "",
        "type": "bus_stop",
        "category": "transport",
        "subcategory": "bus_stop",
        "description": "17(0-1-10-11-14-26-27-28-32-33-34-36-37-59-7-78-81)"
      }
    },
    {
      "type": "Feature",
      "id": "13546546351",
      "geometry": {
        "type": "Point",
        "coordinates": [
          -79.0563403,
          -8.0496012
        ]
      },
      "properties": {
        "id": "13546546351",
        "name": "",
        "type": "bus_stop",
        "category": "transport",
        "subcategory": "bus_stop",
        "description": "11(0-10-11-26-28-33-34-36-37-59-7)"
      }
    },
    {
      "type": "Feature",
      "id": "13546546281",
      "geometry": {
        "type": "Point",
        "coordinates": [
          -79.0587536,
          -8.0420779
        ]
      },
      "properties": {
        "id": "13546546281",
        "name": "",
        "type": "bus_stop",
        "category": "transport",
        "subcategory": "bus_stop",
        "description": "11(0-10-11-26-28-33-34-36-37-59-7)"
      }
    },
    {
      "type": "Feature",
      "id": "13546545546",
      "geometry": {
        "type": "Point",
        "coordinates": [
          -79.0602041,
          -8.0376507
        ]
      },
      "properties": {
        "id": "13546545546",
        "name": "",
        "type": "bus_stop",
        "category": "transport",
        "subcategory": "bus_stop",
        "description": "11(0-10-11-26-28-33-34-36-37-59-7)"
      }
    },
    {
      "type": "Feature",
      "id": "13546545536",
      "geometry": {
        "type": "Point",
        "coordinates": [
          -79.0611403,
          -8.0344887
        ]
      },
      "properties": {
        "id": "13546545536",
        "name": "",
        "type": "bus_stop",
        "category": "transport",
        "subcategory": "bus_stop",
        "description": "11(0-10-11-26-28-33-34-36-37-59-7)"
      }
    },
    {
      "type": "Feature",
      "id": "13546546282",
      "geometry": {
        "type": "Point",
        "coordinates": [
          -79.0624792,
          -8.0304715
        ]
      },
      "properties": {
        "id": "13546546282",
        "name": "",
        "type": "bus_stop",
        "category": "transport",
        "subcategory": "bus_stop",
        "description": "11(0-10-11-26-28-33-34-36-37-59-7)"
      }
    },
    {
      "type": "Feature",
      "id": "13546546283",
      "geometry": {
        "type": "Point",
        "coordinates": [
          -79.063606,
          -8.0269626
        ]
      },
      "properties": {
        "id": "13546546283",
        "name": "",
        "type": "bus_stop",
        "category": "transport",
        "subcategory": "bus_stop",
        "description": "11(0-10-11-26-28-33-34-36-37-59-7)"
      }
    },
    {
      "type": "Feature",
      "id": "13546545537",
      "geometry": {
        "type": "Point",
        "coordinates": [
          -79.0649224,
          -8.0229559
        ]
      },
      "properties": {
        "id": "13546545537",
        "name": "",
        "type": "bus_stop",
        "category": "transport",
        "subcategory": "bus_stop",
        "description": "11(0-10-11-26-28-33-34-36-37-59-7)"
      }
    },
    {
      "type": "Feature",
      "id": "13546545538",
      "geometry": {
        "type": "Point",
        "coordinates": [
          -79.0661336,
          -8.019158
        ]
      },
      "properties": {
        "id": "13546545538",
        "name": "",
        "type": "bus_stop",
        "category": "transport",
        "subcategory": "bus_stop",
        "description": "11(0-10-11-26-28-33-34-36-37-59-7)"
      }
    },
    {
      "type": "Feature",
      "id": "13546546284",
      "geometry": {
        "type": "Point",
        "coordinates": [
          -79.0673739,
          -8.0155533
        ]
      },
      "properties": {
        "id": "13546546284",
        "name": "",
        "type": "bus_stop",
        "category": "transport",
        "subcategory": "bus_stop",
        "description": "11(0-10-11-26-28-33-34-36-37-59-7)"
      }
    },
    {
      "type": "Feature",
      "id": "13546545534",
      "geometry": {
        "type": "Point",
        "coordinates": [
          -79.0686155,
          -8.0117564
        ]
      },
      "properties": {
        "id": "13546545534",
        "name": "",
        "type": "bus_stop",
        "category": "transport",
        "subcategory": "bus_stop",
        "description": "6(0-10-11-33-34-7)"
      }
    },
    {
      "type": "Feature",
      "id": "13546546279",
      "geometry": {
        "type": "Point",
        "coordinates": [
          -79.0730719,
          -7.99765
        ]
      },
      "properties": {
        "id": "13546546279",
        "name": "",
        "type": "bus_stop",
        "category": "transport",
        "subcategory": "bus_stop",
        "description": "6(0-10-11-33-34-7)"
      }
    },
    {
      "type": "Feature",
      "id": "13546546280",
      "geometry": {
        "type": "Point",
        "coordinates": [
          -79.0745783,
          -7.9929158
        ]
      },
      "properties": {
        "id": "13546546280",
        "name": "",
        "type": "bus_stop",
        "category": "transport",
        "subcategory": "bus_stop",
        "description": "1(0)"
      }
    },
    {
      "type": "Feature",
      "id": "5252493420",
      "geometry": {
        "type": "Point",
        "coordinates": [
          -79.0749009,
          -7.9919999
        ]
      },
      "properties": {
        "id": "5252493420",
        "name": "Carretera Panamericana Norte",
        "type": "bus_stop",
        "category": "transport",
        "subcategory": "bus_stop",
        "description": "1(0)"
      }
    },
    {
      "type": "Feature",
      "id": "5463792613",
      "geometry": {
        "type": "Point",
        "coordinates": [
          -79.0533913,
          -8.0492091
        ]
      },
      "properties": {
        "id": "5463792613",
        "name": "Calle Libertad",
        "type": "bus_stop",
        "category": "transport",
        "subcategory": "bus_stop",
        "description": "1(1)"
      }
    },
    {
      "type": "Feature",
      "id": "13546545789",
      "geometry": {
        "type": "Point",
        "coordinates": [
          -79.0526946,
          -8.0479019
        ]
      },
      "properties": {
        "id": "13546545789",
        "name": "",
        "type": "bus_stop",
        "category": "transport",
        "subcategory": "bus_stop",
        "description": "1(1)"
      }
    },
    {
      "type": "Feature",
      "id": "13546546375",
      "geometry": {
        "type": "Point",
        "coordinates": [
          -79.0524655,
          -8.045922
        ]
      },
      "properties": {
        "id": "13546546375",
        "name": "",
        "type": "bus_stop",
        "category": "transport",
        "subcategory": "bus_stop",
        "description": "2(1-2)"
      }
    },
    {
      "type": "Feature",
      "id": "13546545783",
      "geometry": {
        "type": "Point",
        "coordinates": [
          -79.0514816,
          -8.0437632
        ]
      },
      "properties": {
        "id": "13546545783",
        "name": "",
        "type": "bus_stop",
        "category": "transport",
        "subcategory": "bus_stop",
        "description": "1(1)"
      }
    },
    {
      "type": "Feature",
      "id": "13546546374",
      "geometry": {
        "type": "Point",
        "coordinates": [
          -79.0496626,
          -8.0478361
        ]
      },
      "properties": {
        "id": "13546546374",
        "name": "",
        "type": "bus_stop",
        "category": "transport",
        "subcategory": "bus_stop",
        "description": "2(1-2)"
      }
    },
    {
      "type": "Feature",
      "id": "13546545791",
      "geometry": {
        "type": "Point",
        "coordinates": [
          -79.0501221,
          -8.0493221
        ]
      },
      "properties": {
        "id": "13546545791",
        "name": "",
        "type": "bus_stop",
        "category": "transport",
        "subcategory": "bus_stop",
        "description": "2(1-2)"
      }
    },
    {
      "type": "Feature",
      "id": "13546545792",
      "geometry": {
        "type": "Point",
        "coordinates": [
          -79.0519408,
          -8.0507124
        ]
      },
      "properties": {
        "id": "13546545792",
        "name": "",
        "type": "bus_stop",
        "category": "transport",
        "subcategory": "bus_stop",
        "description": "1(1)"
      }
    },
    {
      "type": "Feature",
      "id": "13546546376",
      "geometry": {
        "type": "Point",
        "coordinates": [
          -79.0547485,
          -8.0515912
        ]
      },
      "properties": {
        "id": "13546546376",
        "name": "",
        "type": "bus_stop",
        "category": "transport",
        "subcategory": "bus_stop",
        "description": "1(1)"
      }
    },
    {
      "type": "Feature",
      "id": "13546545868",
      "geometry": {
        "type": "Point",
        "coordinates": [
          -79.0306039,
          -8.0968644
        ]
      },
      "properties": {
        "id": "13546545868",
        "name": "",
        "type": "bus_stop",
        "category": "transport",
        "subcategory": "bus_stop",
        "description": "9(1-17-33-57-59-7-78-8-9)"
      }
    },
    {
      "type": "Feature",
      "id": "13546545253",
      "geometry": {
        "type": "Point",
        "coordinates": [
          -79.0289518,
          -8.0969484
        ]
      },
      "properties": {
        "id": "13546545253",
        "name": "",
        "type": "bus_stop",
        "category": "transport",
        "subcategory": "bus_stop",
        "description": "11(1-4-47-51-57-59-62-7-78-8-9)"
      }
    },
    {
      "type": "Feature",
      "id": "13546545244",
      "geometry": {
        "type": "Point",
        "coordinates": [
          -79.0240527,
          -8.0939629
        ]
      },
      "properties": {
        "id": "13546545244",
        "name": "",
        "type": "bus_stop",
        "category": "transport",
        "subcategory": "bus_stop",
        "description": "26(1-18-19-20-21-23-39-4-41-42-45-47-51-53-57-58-59-67-68-7-70-78-79-8-83-9)"
      }
    },
    {
      "type": "Feature",
      "id": "13546545246",
      "geometry": {
        "type": "Point",
        "coordinates": [
          -79.020912,
          -8.0951663
        ]
      },
      "properties": {
        "id": "13546545246",
        "name": "",
        "type": "bus_stop",
        "category": "transport",
        "subcategory": "bus_stop",
        "description": "24(1-19-20-21-23-39-4-41-42-45-47-51-53-57-58-59-67-7-70-78-79-8-83-9)"
      }
    },
    {
      "type": "Feature",
      "id": "13546545248",
      "geometry": {
        "type": "Point",
        "coordinates": [
          -79.019672,
          -8.0956286
        ]
      },
      "properties": {
        "id": "13546545248",
        "name": "",
        "type": "bus_stop",
        "category": "transport",
        "subcategory": "bus_stop",
        "description": "24(1-19-20-21-23-39-4-41-42-45-47-51-53-57-58-59-67-7-70-78-79-8-83-9)"
      }
    },
    {
      "type": "Feature",
      "id": "13546545254",
      "geometry": {
        "type": "Point",
        "coordinates": [
          -79.0175856,
          -8.0966327
        ]
      },
      "properties": {
        "id": "13546545254",
        "name": "",
        "type": "bus_stop",
        "category": "transport",
        "subcategory": "bus_stop",
        "description": "24(1-19-20-22-23-39-4-41-42-45-47-51-53-57-58-59-67-7-70-78-79-8-83-9)"
      }
    },
    {
      "type": "Feature",
      "id": "13546545255",
      "geometry": {
        "type": "Point",
        "coordinates": [
          -79.0149849,
          -8.0989034
        ]
      },
      "properties": {
        "id": "13546545255",
        "name": "",
        "type": "bus_stop",
        "category": "transport",
        "subcategory": "bus_stop",
        "description": "24(1-14-19-20-22-23-39-4-41-42-45-51-53-57-58-59-67-7-70-78-79-8-83-9)"
      }
    },
    {
      "type": "Feature",
      "id": "13546545234",
      "geometry": {
        "type": "Point",
        "coordinates": [
          -79.0130855,
          -8.1005
        ]
      },
      "properties": {
        "id": "13546545234",
        "name": "",
        "type": "bus_stop",
        "category": "transport",
        "subcategory": "bus_stop",
        "description": "28(1-13-19-23-39-4-41-42-45-49-50-51-52-54-57-58-59-60-61-67-7-70-73-75-77-78-8-9)"
      }
    },
    {
      "type": "Feature",
      "id": "13546545963",
      "geometry": {
        "type": "Point",
        "coordinates": [
          -79.0220161,
          -8.1150471
        ]
      },
      "properties": {
        "id": "13546545963",
        "name": "",
        "type": "bus_stop",
        "category": "transport",
        "subcategory": "bus_stop",
        "description": "26(1-14-16-18-19-20-23-25-26-27-31-32-39-41-42-44-45-51-52-53-54-56-66-67-70-81)"
      }
    },
    {
      "type": "Feature",
      "id": "13546545965",
      "geometry": {
        "type": "Point",
        "coordinates": [
          -79.0241273,
          -8.1172192
        ]
      },
      "properties": {
        "id": "13546545965",
        "name": "",
        "type": "bus_stop",
        "category": "transport",
        "subcategory": "bus_stop",
        "description": "26(1-14-16-18-19-20-23-25-26-27-31-32-39-41-42-44-45-51-52-53-54-56-66-67-70-81)"
      }
    },
    {
      "type": "Feature",
      "id": "13546545989",
      "geometry": {
        "type": "Point",
        "coordinates": [
          -79.0288327,
          -8.1163717
        ]
      },
      "properties": {
        "id": "13546545989",
        "name": "",
        "type": "bus_stop",
        "category": "transport",
        "subcategory": "bus_stop",
        "description": "28(1-16-20-22-25-27-28-3-31-32-37-40-43-47-48-51-53-56-60-61-62-66-72-73-77-78-81-84)"
      }
    },
    {
      "type": "Feature",
      "id": "13546545187",
      "geometry": {
        "type": "Point",
        "coordinates": [
          -79.0313061,
          -8.1154722
        ]
      },
      "properties": {
        "id": "13546545187",
        "name": "",
        "type": "bus_stop",
        "category": "transport",
        "subcategory": "bus_stop",
        "description": "31(1-16-20-22-25-27-28-3-31-32-37-40-43-47-48-50-51-52-53-56-60-61-62-66-72-73-75-77-78-81-84)"
      }
    },
    {
      "type": "Feature",
      "id": "13546545188",
      "geometry": {
        "type": "Point",
        "coordinates": [
          -79.0326995,
          -8.1129586
        ]
      },
      "properties": {
        "id": "13546545188",
        "name": "",
        "type": "bus_stop",
        "category": "transport",
        "subcategory": "bus_stop",
        "description": "32(1-16-20-21-22-25-27-28-3-31-32-37-40-43-47-48-50-51-52-53-56-60-61-62-66-72-73-75-77-78-81-84)"
      }
    },
    {
      "type": "Feature",
      "id": "11910518831",
      "geometry": {
        "type": "Point",
        "coordinates": [
          -79.034349,
          -8.1123007
        ]
      },
      "properties": {
        "id": "11910518831",
        "name": "Avenida Jesús de Nazareth",
        "type": "bus_stop",
        "category": "transport",
        "subcategory": "bus_stop",
        "description": "16(1-14-16-17-20-24-25-3-40-43-53-61-62-72-75-84)"
      }
    },
    {
      "type": "Feature",
      "id": "13546545946",
      "geometry": {
        "type": "Point",
        "coordinates": [
          -79.0354605,
          -8.1135988
        ]
      },
      "properties": {
        "id": "13546545946",
        "name": "",
        "type": "bus_stop",
        "category": "transport",
        "subcategory": "bus_stop",
        "description": "13(1-14-17-21-24-25-4-43-55-57-58-6-84)"
      }
    },
    {
      "type": "Feature",
      "id": "13546545152",
      "geometry": {
        "type": "Point",
        "coordinates": [
          -79.0375486,
          -8.1159949
        ]
      },
      "properties": {
        "id": "13546545152",
        "name": "",
        "type": "bus_stop",
        "category": "transport",
        "subcategory": "bus_stop",
        "description": "13(1-14-17-21-24-25-4-43-55-57-58-6-84)"
      }
    },
    {
      "type": "Feature",
      "id": "13546545951",
      "geometry": {
        "type": "Point",
        "coordinates": [
          -79.039182,
          -8.117924
        ]
      },
      "properties": {
        "id": "13546545951",
        "name": "",
        "type": "bus_stop",
        "category": "transport",
        "subcategory": "bus_stop",
        "description": "13(1-14-17-21-24-25-4-43-55-57-58-6-84)"
      }
    },
    {
      "type": "Feature",
      "id": "13546545241",
      "geometry": {
        "type": "Point",
        "coordinates": [
          -79.0400719,
          -8.1209651
        ]
      },
      "properties": {
        "id": "13546545241",
        "name": "",
        "type": "bus_stop",
        "category": "transport",
        "subcategory": "bus_stop",
        "description": "18(1-11-12-14-17-2-21-24-25-4-46-55-57-58-59-6-65-80)"
      }
    },
    {
      "type": "Feature",
      "id": "13546546049",
      "geometry": {
        "type": "Point",
        "coordinates": [
          -79.0392062,
          -8.123624
        ]
      },
      "properties": {
        "id": "13546546049",
        "name": "",
        "type": "bus_stop",
        "category": "transport",
        "subcategory": "bus_stop",
        "description": "18(1-11-12-14-17-2-21-24-25-4-46-55-57-58-59-6-65-80)"
      }
    },
    {
      "type": "Feature",
      "id": "13546545861",
      "geometry": {
        "type": "Point",
        "coordinates": [
          -79.0394519,
          -8.1251458
        ]
      },
      "properties": {
        "id": "13546545861",
        "name": "",
        "type": "bus_stop",
        "category": "transport",
        "subcategory": "bus_stop",
        "description": "14(1-11-21-25-26-47-49-50-58-6-7-75-8-9)"
      }
    },
    {
      "type": "Feature",
      "id": "13546546188",
      "geometry": {
        "type": "Point",
        "coordinates": [
          -79.0407967,
          -8.1281665
        ]
      },
      "properties": {
        "id": "13546546188",
        "name": "",
        "type": "bus_stop",
        "category": "transport",
        "subcategory": "bus_stop",
        "description": "2(1-50)"
      }
    },
    {
      "type": "Feature",
      "id": "13546546187",
      "geometry": {
        "type": "Point",
        "coordinates": [
          -79.0370919,
          -8.1295878
        ]
      },
      "properties": {
        "id": "13546546187",
        "name": "",
        "type": "bus_stop",
        "category": "transport",
        "subcategory": "bus_stop",
        "description": "3(1-50-57)"
      }
    },
    {
      "type": "Feature",
      "id": "13546545396",
      "geometry": {
        "type": "Point",
        "coordinates": [
          -79.0505606,
          -8.1450311
        ]
      },
      "properties": {
        "id": "13546545396",
        "name": "",
        "type": "bus_stop",
        "category": "transport",
        "subcategory": "bus_stop",
        "description": "4(1-12-25-57)"
      }
    },
    {
      "type": "Feature",
      "id": "1089222514",
      "geometry": {
        "type": "Point",
        "coordinates": [
          -79.0489582,
          -8.1503953
        ]
      },
      "properties": {
        "id": "1089222514",
        "name": "Calle Antonio Mathey",
        "type": "bus_stop",
        "category": "transport",
        "subcategory": "bus_stop",
        "description": "1(1)"
      }
    },
    {
      "type": "Feature",
      "id": "1015292533",
      "geometry": {
        "type": "Point",
        "coordinates": [
          -79.0526706,
          -8.1478411
        ]
      },
      "properties": {
        "id": "1015292533",
        "name": "Avenida Manuel Seoane",
        "type": "bus_stop",
        "category": "transport",
        "subcategory": "bus_stop",
        "description": "1(1)"
      }
    },
    {
      "type": "Feature",
      "id": "11910359970",
      "geometry": {
        "type": "Point",
        "coordinates": [
          -79.0397792,
          -8.1258395
        ]
      },
      "properties": {
        "id": "11910359970",
        "name": "Avenida los Colibries",
        "type": "bus_stop",
        "category": "transport",
        "subcategory": "bus_stop",
        "description": "13(1-11-21-26-47-49-5-50-58-7-75-8-9)"
      }
    },
    {
      "type": "Feature",
      "id": "13546546050",
      "geometry": {
        "type": "Point",
        "coordinates": [
          -79.0390245,
          -8.1235198
        ]
      },
      "properties": {
        "id": "13546546050",
        "name": "",
        "type": "bus_stop",
        "category": "transport",
        "subcategory": "bus_stop",
        "description": "16(1-11-12-13-14-17-21-24-4-5-54-57-58-59-65-80)"
      }
    },
    {
      "type": "Feature",
      "id": "13546545952",
      "geometry": {
        "type": "Point",
        "coordinates": [
          -79.0389756,
          -8.1180374
        ]
      },
      "properties": {
        "id": "13546545952",
        "name": "",
        "type": "bus_stop",
        "category": "transport",
        "subcategory": "bus_stop",
        "description": "11(1-13-14-17-21-24-4-43-57-58-84)"
      }
    },
    {
      "type": "Feature",
      "id": "13546545151",
      "geometry": {
        "type": "Point",
        "coordinates": [
          -79.0368006,
          -8.115515
        ]
      },
      "properties": {
        "id": "13546545151",
        "name": "",
        "type": "bus_stop",
        "category": "transport",
        "subcategory": "bus_stop",
        "description": "11(1-13-14-17-21-24-4-43-57-58-84)"
      }
    },
    {
      "type": "Feature",
      "id": "13546545953",
      "geometry": {
        "type": "Point",
        "coordinates": [
          -79.0350377,
          -8.113532
        ]
      },
      "properties": {
        "id": "13546545953",
        "name": "",
        "type": "bus_stop",
        "category": "transport",
        "subcategory": "bus_stop",
        "description": "11(1-13-14-17-21-24-4-43-57-58-84)"
      }
    },
    {
      "type": "Feature",
      "id": "13546545158",
      "geometry": {
        "type": "Point",
        "coordinates": [
          -79.0342059,
          -8.1129254
        ]
      },
      "properties": {
        "id": "13546545158",
        "name": "",
        "type": "bus_stop",
        "category": "transport",
        "subcategory": "bus_stop",
        "description": "33(1-10-16-20-21-22-27-28-3-31-32-35-37-40-43-47-49-50-51-52-53-56-60-61-64-66-72-73-75-77-78-81-84)"
      }
    },
    {
      "type": "Feature",
      "id": "5099440457",
      "geometry": {
        "type": "Point",
        "coordinates": [
          -79.0322849,
          -8.1145182
        ]
      },
      "properties": {
        "id": "5099440457",
        "name": "Jirón Independencia",
        "type": "bus_stop",
        "category": "transport",
        "subcategory": "bus_stop",
        "description": "32(1-10-16-20-22-27-28-3-31-32-35-37-40-43-47-49-50-51-52-53-56-60-61-64-66-72-73-75-77-78-81-84)"
      }
    },
    {
      "type": "Feature",
      "id": "13546545990",
      "geometry": {
        "type": "Point",
        "coordinates": [
          -79.0304266,
          -8.1162183
        ]
      },
      "properties": {
        "id": "13546545990",
        "name": "",
        "type": "bus_stop",
        "category": "transport",
        "subcategory": "bus_stop",
        "description": "29(1-10-16-20-22-23-25-26-27-28-3-31-32-35-40-43-47-51-53-56-60-64-66-72-73-77-78-81-84)"
      }
    },
    {
      "type": "Feature",
      "id": "13546545148",
      "geometry": {
        "type": "Point",
        "coordinates": [
          -79.0288676,
          -8.1175878
        ]
      },
      "properties": {
        "id": "13546545148",
        "name": "",
        "type": "bus_stop",
        "category": "transport",
        "subcategory": "bus_stop",
        "description": "29(1-10-16-20-22-23-25-26-27-28-3-31-32-35-40-43-47-51-53-56-60-64-66-72-73-77-78-81-84)"
      }
    },
    {
      "type": "Feature",
      "id": "13546545944",
      "geometry": {
        "type": "Point",
        "coordinates": [
          -79.0277625,
          -8.1184498
        ]
      },
      "properties": {
        "id": "13546545944",
        "name": "",
        "type": "bus_stop",
        "category": "transport",
        "subcategory": "bus_stop",
        "description": "29(1-10-16-20-22-23-25-26-27-28-3-31-32-35-40-43-47-51-53-56-60-64-66-72-73-77-78-81-84)"
      }
    },
    {
      "type": "Feature",
      "id": "13546546004",
      "geometry": {
        "type": "Point",
        "coordinates": [
          -79.0260593,
          -8.1193536
        ]
      },
      "properties": {
        "id": "13546546004",
        "name": "",
        "type": "bus_stop",
        "category": "transport",
        "subcategory": "bus_stop",
        "description": "25(1-10-14-16-20-23-25-26-27-3-31-32-35-37-47-48-51-52-53-56-61-62-66-78-81)"
      }
    },
    {
      "type": "Feature",
      "id": "13546545966",
      "geometry": {
        "type": "Point",
        "coordinates": [
          -79.0242313,
          -8.117565
        ]
      },
      "properties": {
        "id": "13546545966",
        "name": "",
        "type": "bus_stop",
        "category": "transport",
        "subcategory": "bus_stop",
        "description": "28(1-10-14-16-18-19-20-23-25-26-27-31-32-35-39-41-44-45-46-51-52-53-56-66-67-70-78-81)"
      }
    },
    {
      "type": "Feature",
      "id": "13546545964",
      "geometry": {
        "type": "Point",
        "coordinates": [
          -79.0221074,
          -8.1153628
        ]
      },
      "properties": {
        "id": "13546545964",
        "name": "",
        "type": "bus_stop",
        "category": "transport",
        "subcategory": "bus_stop",
        "description": "30(1-10-14-16-18-19-20-23-25-26-27-31-32-35-38-39-41-42-44-45-46-51-52-53-56-66-67-70-78-81)"
      }
    },
    {
      "type": "Feature",
      "id": "13546545235",
      "geometry": {
        "type": "Point",
        "coordinates": [
          -79.0128592,
          -8.1002664
        ]
      },
      "properties": {
        "id": "13546545235",
        "name": "",
        "type": "bus_stop",
        "category": "transport",
        "subcategory": "bus_stop",
        "description": "22(1-10-19-23-39-4-41-42-45-57-58-59-67-7-70-76-78-79-8-82-83-9)"
      }
    },
    {
      "type": "Feature",
      "id": "13546546057",
      "geometry": {
        "type": "Point",
        "coordinates": [
          -79.0159997,
          -8.0976796
        ]
      },
      "properties": {
        "id": "13546546057",
        "name": "",
        "type": "bus_stop",
        "category": "transport",
        "subcategory": "bus_stop",
        "description": "25(1-10-14-19-20-23-39-4-41-42-45-49-51-53-57-58-59-67-7-70-78-79-8-83-9)"
      }
    },
    {
      "type": "Feature",
      "id": "11910518849",
      "geometry": {
        "type": "Point",
        "coordinates": [
          -79.0178601,
          -8.0961305
        ]
      },
      "properties": {
        "id": "11910518849",
        "name": "Avenida del Ejército",
        "type": "bus_stop",
        "category": "transport",
        "subcategory": "bus_stop",
        "description": "27(1-10-19-20-21-22-23-39-4-41-42-45-47-49-51-53-57-58-59-67-7-70-78-79-8-83-9)"
      }
    },
    {
      "type": "Feature",
      "id": "13546545247",
      "geometry": {
        "type": "Point",
        "coordinates": [
          -79.0204626,
          -8.0950773
        ]
      },
      "properties": {
        "id": "13546545247",
        "name": "",
        "type": "bus_stop",
        "category": "transport",
        "subcategory": "bus_stop",
        "description": "26(1-10-19-20-21-23-39-4-41-42-45-47-49-51-53-57-58-59-67-7-70-78-79-8-83-9)"
      }
    },
    {
      "type": "Feature",
      "id": "13546545245",
      "geometry": {
        "type": "Point",
        "coordinates": [
          -79.0233164,
          -8.0940458
        ]
      },
      "properties": {
        "id": "13546545245",
        "name": "",
        "type": "bus_stop",
        "category": "transport",
        "subcategory": "bus_stop",
        "description": "28(1-10-18-19-2-20-21-23-39-4-41-42-45-47-51-53-57-58-59-67-68-7-70-78-79-8-83-9)"
      }
    },
    {
      "type": "Feature",
      "id": "13546546054",
      "geometry": {
        "type": "Point",
        "coordinates": [
          -79.0260984,
          -8.0939734
        ]
      },
      "properties": {
        "id": "13546546054",
        "name": "",
        "type": "bus_stop",
        "category": "transport",
        "subcategory": "bus_stop",
        "description": "14(1-10-2-4-46-47-5-51-57-59-7-78-8-9)"
      }
    },
    {
      "type": "Feature",
      "id": "13546545252",
      "geometry": {
        "type": "Point",
        "coordinates": [
          -79.0284252,
          -8.0961129
        ]
      },
      "properties": {
        "id": "13546545252",
        "name": "",
        "type": "bus_stop",
        "category": "transport",
        "subcategory": "bus_stop",
        "description": "13(1-10-2-4-46-47-51-57-59-7-78-8-9)"
      }
    },
    {
      "type": "Feature",
      "id": "13546535048",
      "geometry": {
        "type": "Point",
        "coordinates": [
          -79.0301206,
          -8.0969634
        ]
      },
      "properties": {
        "id": "13546535048",
        "name": "",
        "type": "bus_stop",
        "category": "transport",
        "subcategory": "bus_stop",
        "description": "11(1-10-17-2-33-57-59-7-78-8-9)"
      }
    },
    {
      "type": "Feature",
      "id": "13546546373",
      "geometry": {
        "type": "Point",
        "coordinates": [
          -79.0549211,
          -8.0517486
        ]
      },
      "properties": {
        "id": "13546546373",
        "name": "",
        "type": "bus_stop",
        "category": "transport",
        "subcategory": "bus_stop",
        "description": "1(1)"
      }
    },
    {
      "type": "Feature",
      "id": "13546545785",
      "geometry": {
        "type": "Point",
        "coordinates": [
          -79.0518604,
          -8.0507892
        ]
      },
      "properties": {
        "id": "13546545785",
        "name": "",
        "type": "bus_stop",
        "category": "transport",
        "subcategory": "bus_stop",
        "description": "1(1)"
      }
    },
    {
      "type": "Feature",
      "id": "13546545790",
      "geometry": {
        "type": "Point",
        "coordinates": [
          -79.0511757,
          -8.0500964
        ]
      },
      "properties": {
        "id": "13546545790",
        "name": "",
        "type": "bus_stop",
        "category": "transport",
        "subcategory": "bus_stop",
        "description": "1(1)"
      }
    },
    {
      "type": "Feature",
      "id": "13546545782",
      "geometry": {
        "type": "Point",
        "coordinates": [
          -79.0513641,
          -8.0500254
        ]
      },
      "properties": {
        "id": "13546545782",
        "name": "",
        "type": "bus_stop",
        "category": "transport",
        "subcategory": "bus_stop",
        "description": "1(1)"
      }
    },
    {
      "type": "Feature",
      "id": "13546546372",
      "geometry": {
        "type": "Point",
        "coordinates": [
          -79.0494279,
          -8.0477868
        ]
      },
      "properties": {
        "id": "13546546372",
        "name": "",
        "type": "bus_stop",
        "category": "transport",
        "subcategory": "bus_stop",
        "description": "2(1-2)"
      }
    },
    {
      "type": "Feature",
      "id": "13546545787",
      "geometry": {
        "type": "Point",
        "coordinates": [
          -79.0500586,
          -8.0458445
        ]
      },
      "properties": {
        "id": "13546545787",
        "name": "",
        "type": "bus_stop",
        "category": "transport",
        "subcategory": "bus_stop",
        "description": "2(1-2)"
      }
    },
    {
      "type": "Feature",
      "id": "13546545784",
      "geometry": {
        "type": "Point",
        "coordinates": [
          -79.0502241,
          -8.0454931
        ]
      },
      "properties": {
        "id": "13546545784",
        "name": "",
        "type": "bus_stop",
        "category": "transport",
        "subcategory": "bus_stop",
        "description": "2(1-2)"
      }
    },
    {
      "type": "Feature",
      "id": "13546545788",
      "geometry": {
        "type": "Point",
        "coordinates": [
          -79.051617,
          -8.0437706
        ]
      },
      "properties": {
        "id": "13546545788",
        "name": "",
        "type": "bus_stop",
        "category": "transport",
        "subcategory": "bus_stop",
        "description": "1(1)"
      }
    },
    {
      "type": "Feature",
      "id": "1098649505",
      "geometry": {
        "type": "Point",
        "coordinates": [
          -79.0423568,
          -8.0911066
        ]
      },
      "properties": {
        "id": "1098649505",
        "name": "Avenida Metropolitana 1",
        "type": "bus_stop",
        "category": "transport",
        "subcategory": "bus_stop",
        "description": "1(2)"
      }
    },
    {
      "type": "Feature",
      "id": "13546545927",
      "geometry": {
        "type": "Point",
        "coordinates": [
          -79.0424503,
          -8.0910998
        ]
      },
      "properties": {
        "id": "13546545927",
        "name": "",
        "type": "bus_stop",
        "category": "transport",
        "subcategory": "bus_stop",
        "description": "4(10-2-27-6)"
      }
    },
    {
      "type": "Feature",
      "id": "13546545130",
      "geometry": {
        "type": "Point",
        "coordinates": [
          -79.0447532,
          -8.0910041
        ]
      },
      "properties": {
        "id": "13546545130",
        "name": "",
        "type": "bus_stop",
        "category": "transport",
        "subcategory": "bus_stop",
        "description": "2(2-27)"
      }
    },
    {
      "type": "Feature",
      "id": "13546545926",
      "geometry": {
        "type": "Point",
        "coordinates": [
          -79.04763,
          -8.0908895
        ]
      },
      "properties": {
        "id": "13546545926",
        "name": "",
        "type": "bus_stop",
        "category": "transport",
        "subcategory": "bus_stop",
        "description": "3(2-27-56)"
      }
    },
    {
      "type": "Feature",
      "id": "13546545125",
      "geometry": {
        "type": "Point",
        "coordinates": [
          -79.048031,
          -8.0930797
        ]
      },
      "properties": {
        "id": "13546545125",
        "name": "",
        "type": "bus_stop",
        "category": "transport",
        "subcategory": "bus_stop",
        "description": "3(2-27-56)"
      }
    },
    {
      "type": "Feature",
      "id": "13546545923",
      "geometry": {
        "type": "Point",
        "coordinates": [
          -79.0484984,
          -8.0972199
        ]
      },
      "properties": {
        "id": "13546545923",
        "name": "",
        "type": "bus_stop",
        "category": "transport",
        "subcategory": "bus_stop",
        "description": "1(2)"
      }
    },
    {
      "type": "Feature",
      "id": "13546545127",
      "geometry": {
        "type": "Point",
        "coordinates": [
          -79.048957,
          -8.0990339
        ]
      },
      "properties": {
        "id": "13546545127",
        "name": "",
        "type": "bus_stop",
        "category": "transport",
        "subcategory": "bus_stop",
        "description": "1(2)"
      }
    },
    {
      "type": "Feature",
      "id": "13546545935",
      "geometry": {
        "type": "Point",
        "coordinates": [
          -79.0490789,
          -8.1009183
        ]
      },
      "properties": {
        "id": "13546545935",
        "name": "",
        "type": "bus_stop",
        "category": "transport",
        "subcategory": "bus_stop",
        "description": "9(2-27-4-5-56-63-65-66-80)"
      }
    },
    {
      "type": "Feature",
      "id": "13546545137",
      "geometry": {
        "type": "Point",
        "coordinates": [
          -79.0458681,
          -8.1011972
        ]
      },
      "properties": {
        "id": "13546545137",
        "name": "",
        "type": "bus_stop",
        "category": "transport",
        "subcategory": "bus_stop",
        "description": "9(2-27-4-5-56-63-65-66-80)"
      }
    },
    {
      "type": "Feature",
      "id": "13546545265",
      "geometry": {
        "type": "Point",
        "coordinates": [
          -79.0455975,
          -8.1030991
        ]
      },
      "properties": {
        "id": "13546545265",
        "name": "",
        "type": "bus_stop",
        "category": "transport",
        "subcategory": "bus_stop",
        "description": "11(11-12-15-2-37-43-5-59-65-80-84)"
      }
    },
    {
      "type": "Feature",
      "id": "13546545263",
      "geometry": {
        "type": "Point",
        "coordinates": [
          -79.0467754,
          -8.1061937
        ]
      },
      "properties": {
        "id": "13546545263",
        "name": "",
        "type": "bus_stop",
        "category": "transport",
        "subcategory": "bus_stop",
        "description": "11(11-12-15-2-37-43-5-59-65-80-84)"
      }
    },
    {
      "type": "Feature",
      "id": "13546546064",
      "geometry": {
        "type": "Point",
        "coordinates": [
          -79.0477464,
          -8.1098969
        ]
      },
      "properties": {
        "id": "13546546064",
        "name": "",
        "type": "bus_stop",
        "category": "transport",
        "subcategory": "bus_stop",
        "description": "10(11-12-15-2-43-5-59-65-80-84)"
      }
    },
    {
      "type": "Feature",
      "id": "11910645397",
      "geometry": {
        "type": "Point",
        "coordinates": [
          -79.0479103,
          -8.1129353
        ]
      },
      "properties": {
        "id": "11910645397",
        "name": "Calle 26",
        "type": "bus_stop",
        "category": "transport",
        "subcategory": "bus_stop",
        "description": "11(11-12-15-16-2-43-5-59-65-80-84)"
      }
    },
    {
      "type": "Feature",
      "id": "13546546062",
      "geometry": {
        "type": "Point",
        "coordinates": [
          -79.0464723,
          -8.1145723
        ]
      },
      "properties": {
        "id": "13546546062",
        "name": "",
        "type": "bus_stop",
        "category": "transport",
        "subcategory": "bus_stop",
        "description": "8(11-12-2-43-5-59-65-84)"
      }
    },
    {
      "type": "Feature",
      "id": "13546545259",
      "geometry": {
        "type": "Point",
        "coordinates": [
          -79.043084,
          -8.1174487
        ]
      },
      "properties": {
        "id": "13546545259",
        "name": "",
        "type": "bus_stop",
        "category": "transport",
        "subcategory": "bus_stop",
        "description": "10(11-12-2-43-46-5-59-65-80-84)"
      }
    },
    {
      "type": "Feature",
      "id": "13546545258",
      "geometry": {
        "type": "Point",
        "coordinates": [
          -79.0411585,
          -8.1190688
        ]
      },
      "properties": {
        "id": "13546545258",
        "name": "",
        "type": "bus_stop",
        "category": "transport",
        "subcategory": "bus_stop",
        "description": "10(11-12-2-43-46-5-59-65-80-84)"
      }
    },
    {
      "type": "Feature",
      "id": "13546546048",
      "geometry": {
        "type": "Point",
        "coordinates": [
          -79.0376479,
          -8.1250348
        ]
      },
      "properties": {
        "id": "13546546048",
        "name": "",
        "type": "bus_stop",
        "category": "transport",
        "subcategory": "bus_stop",
        "description": "20(12-14-17-2-24-37-4-46-47-49-55-57-58-59-65-7-75-8-80-9)"
      }
    },
    {
      "type": "Feature",
      "id": "13546546053",
      "geometry": {
        "type": "Point",
        "coordinates": [
          -79.0343534,
          -8.1263244
        ]
      },
      "properties": {
        "id": "13546546053",
        "name": "",
        "type": "bus_stop",
        "category": "transport",
        "subcategory": "bus_stop",
        "description": "21(12-14-17-2-24-37-4-46-47-49-52-55-57-58-59-61-65-7-8-80-9)"
      }
    },
    {
      "type": "Feature",
      "id": "11910359975",
      "geometry": {
        "type": "Point",
        "coordinates": [
          -79.0311438,
          -8.12682
        ]
      },
      "properties": {
        "id": "11910359975",
        "name": "Prolongación Cesar Vallejo",
        "type": "bus_stop",
        "category": "transport",
        "subcategory": "bus_stop",
        "description": "21(12-14-17-2-24-37-4-46-47-49-52-55-57-58-59-61-65-7-8-80-9)"
      }
    },
    {
      "type": "Feature",
      "id": "13546545954",
      "geometry": {
        "type": "Point",
        "coordinates": [
          -79.0199348,
          -8.1099981
        ]
      },
      "properties": {
        "id": "13546545954",
        "name": "",
        "type": "bus_stop",
        "category": "transport",
        "subcategory": "bus_stop",
        "description": "9(2-33-49-5-64-68-69-71-74)"
      }
    },
    {
      "type": "Feature",
      "id": "13546545991",
      "geometry": {
        "type": "Point",
        "coordinates": [
          -79.0210214,
          -8.1091442
        ]
      },
      "properties": {
        "id": "13546545991",
        "name": "",
        "type": "bus_stop",
        "category": "transport",
        "subcategory": "bus_stop",
        "description": "9(2-33-49-5-64-68-69-71-74)"
      }
    },
    {
      "type": "Feature",
      "id": "13546545988",
      "geometry": {
        "type": "Point",
        "coordinates": [
          -79.0216367,
          -8.1082618
        ]
      },
      "properties": {
        "id": "13546545988",
        "name": "",
        "type": "bus_stop",
        "category": "transport",
        "subcategory": "bus_stop",
        "description": "26(13-14-15-2-20-22-24-26-33-34-36-49-5-50-52-53-60-61-64-68-69-71-73-74-75-77)"
      }
    },
    {
      "type": "Feature",
      "id": "5099494790",
      "geometry": {
        "type": "Point",
        "coordinates": [
          -79.0220781,
          -8.1072731
        ]
      },
      "properties": {
        "id": "5099494790",
        "name": "Avenida Perú",
        "type": "bus_stop",
        "category": "transport",
        "subcategory": "bus_stop",
        "description": "8(2-33-5-64-68-69-71-74)"
      }
    },
    {
      "type": "Feature",
      "id": "4937067022",
      "geometry": {
        "type": "Point",
        "coordinates": [
          -79.0240072,
          -8.1056158
        ]
      },
      "properties": {
        "id": "4937067022",
        "name": "Avenida Del Ejército",
        "type": "bus_stop",
        "category": "transport",
        "subcategory": "bus_stop",
        "description": "26(12-15-17-18-2-21-24-26-29-33-34-36-40-5-50-52-55-60-61-63-64-68-72-73-75-77)"
      }
    },
    {
      "type": "Feature",
      "id": "11895957225",
      "geometry": {
        "type": "Point",
        "coordinates": [
          -79.0276442,
          -8.1056576
        ]
      },
      "properties": {
        "id": "11895957225",
        "name": "Calle Agricultura",
        "type": "bus_stop",
        "category": "transport",
        "subcategory": "bus_stop",
        "description": "24(12-15-17-18-2-21-26-29-33-34-36-40-5-50-52-55-60-61-63-64-72-73-75-77)"
      }
    },
    {
      "type": "Feature",
      "id": "13546545269",
      "geometry": {
        "type": "Point",
        "coordinates": [
          -79.0291152,
          -8.1043057
        ]
      },
      "properties": {
        "id": "13546545269",
        "name": "",
        "type": "bus_stop",
        "category": "transport",
        "subcategory": "bus_stop",
        "description": "23(15-17-18-2-21-26-29-33-34-36-40-5-50-52-55-60-61-63-64-72-73-75-77)"
      }
    },
    {
      "type": "Feature",
      "id": "13546545879",
      "geometry": {
        "type": "Point",
        "coordinates": [
          -79.0284234,
          -8.1031684
        ]
      },
      "properties": {
        "id": "13546545879",
        "name": "",
        "type": "bus_stop",
        "category": "transport",
        "subcategory": "bus_stop",
        "description": "4(18-2-33-47)"
      }
    },
    {
      "type": "Feature",
      "id": "13546535062",
      "geometry": {
        "type": "Point",
        "coordinates": [
          -79.0268945,
          -8.1013836
        ]
      },
      "properties": {
        "id": "13546535062",
        "name": "",
        "type": "bus_stop",
        "category": "transport",
        "subcategory": "bus_stop",
        "description": "4(18-2-33-47)"
      }
    },
    {
      "type": "Feature",
      "id": "13546545877",
      "geometry": {
        "type": "Point",
        "coordinates": [
          -79.0244177,
          -8.0987275
        ]
      },
      "properties": {
        "id": "13546545877",
        "name": "",
        "type": "bus_stop",
        "category": "transport",
        "subcategory": "bus_stop",
        "description": "3(18-2-68)"
      }
    },
    {
      "type": "Feature",
      "id": "13546535060",
      "geometry": {
        "type": "Point",
        "coordinates": [
          -79.0224672,
          -8.096475
        ]
      },
      "properties": {
        "id": "13546535060",
        "name": "",
        "type": "bus_stop",
        "category": "transport",
        "subcategory": "bus_stop",
        "description": "3(18-2-68)"
      }
    },
    {
      "type": "Feature",
      "id": "13546545627",
      "geometry": {
        "type": "Point",
        "coordinates": [
          -79.0421107,
          -8.0787356
        ]
      },
      "properties": {
        "id": "13546545627",
        "name": "",
        "type": "bus_stop",
        "category": "transport",
        "subcategory": "bus_stop",
        "description": "3(2-33-57)"
      }
    },
    {
      "type": "Feature",
      "id": "13546545724",
      "geometry": {
        "type": "Point",
        "coordinates": [
          -79.0430206,
          -8.0771087
        ]
      },
      "properties": {
        "id": "13546545724",
        "name": "",
        "type": "bus_stop",
        "category": "transport",
        "subcategory": "bus_stop",
        "description": "3(2-33-57)"
      }
    },
    {
      "type": "Feature",
      "id": "13546545629",
      "geometry": {
        "type": "Point",
        "coordinates": [
          -79.0443665,
          -8.0746795
        ]
      },
      "properties": {
        "id": "13546545629",
        "name": "",
        "type": "bus_stop",
        "category": "transport",
        "subcategory": "bus_stop",
        "description": "3(2-33-57)"
      }
    },
    {
      "type": "Feature",
      "id": "13546545630",
      "geometry": {
        "type": "Point",
        "coordinates": [
          -79.0456464,
          -8.0721624
        ]
      },
      "properties": {
        "id": "13546545630",
        "name": "",
        "type": "bus_stop",
        "category": "transport",
        "subcategory": "bus_stop",
        "description": "3(2-33-57)"
      }
    },
    {
      "type": "Feature",
      "id": "13546545697",
      "geometry": {
        "type": "Point",
        "coordinates": [
          -79.0475825,
          -8.0679315
        ]
      },
      "properties": {
        "id": "13546545697",
        "name": "",
        "type": "bus_stop",
        "category": "transport",
        "subcategory": "bus_stop",
        "description": "1(2)"
      }
    },
    {
      "type": "Feature",
      "id": "13546546309",
      "geometry": {
        "type": "Point",
        "coordinates": [
          -79.0454769,
          -8.066938
        ]
      },
      "properties": {
        "id": "13546546309",
        "name": "",
        "type": "bus_stop",
        "category": "transport",
        "subcategory": "bus_stop",
        "description": "4(2-20-24-53)"
      }
    },
    {
      "type": "Feature",
      "id": "13546545700",
      "geometry": {
        "type": "Point",
        "coordinates": [
          -79.047873,
          -8.0627853
        ]
      },
      "properties": {
        "id": "13546545700",
        "name": "",
        "type": "bus_stop",
        "category": "transport",
        "subcategory": "bus_stop",
        "description": "4(2-20-24-53)"
      }
    },
    {
      "type": "Feature",
      "id": "13546545703",
      "geometry": {
        "type": "Point",
        "coordinates": [
          -79.0488729,
          -8.0575201
        ]
      },
      "properties": {
        "id": "13546545703",
        "name": "",
        "type": "bus_stop",
        "category": "transport",
        "subcategory": "bus_stop",
        "description": "6(2-20-24-33-53-57)"
      }
    },
    {
      "type": "Feature",
      "id": "13546546314",
      "geometry": {
        "type": "Point",
        "coordinates": [
          -79.0497489,
          -8.0559167
        ]
      },
      "properties": {
        "id": "13546546314",
        "name": "",
        "type": "bus_stop",
        "category": "transport",
        "subcategory": "bus_stop",
        "description": "4(2-20-24-53)"
      }
    },
    {
      "type": "Feature",
      "id": "13546546355",
      "geometry": {
        "type": "Point",
        "coordinates": [
          -79.0485844,
          -8.0557104
        ]
      },
      "properties": {
        "id": "13546546355",
        "name": "",
        "type": "bus_stop",
        "category": "transport",
        "subcategory": "bus_stop",
        "description": "4(2-20-24-53)"
      }
    },
    {
      "type": "Feature",
      "id": "13546545780",
      "geometry": {
        "type": "Point",
        "coordinates": [
          -79.0501314,
          -8.0528817
        ]
      },
      "properties": {
        "id": "13546545780",
        "name": "",
        "type": "bus_stop",
        "category": "transport",
        "subcategory": "bus_stop",
        "description": "1(2)"
      }
    },
    {
      "type": "Feature",
      "id": "13546546354",
      "geometry": {
        "type": "Point",
        "coordinates": [
          -79.0478548,
          -8.0605411
        ]
      },
      "properties": {
        "id": "13546546354",
        "name": "",
        "type": "bus_stop",
        "category": "transport",
        "subcategory": "bus_stop",
        "description": "6(2-20-24-33-53-57)"
      }
    },
    {
      "type": "Feature",
      "id": "13546545621",
      "geometry": {
        "type": "Point",
        "coordinates": [
          -79.0474714,
          -8.0632474
        ]
      },
      "properties": {
        "id": "13546545621",
        "name": "",
        "type": "bus_stop",
        "category": "transport",
        "subcategory": "bus_stop",
        "description": "4(2-20-24-53)"
      }
    },
    {
      "type": "Feature",
      "id": "13546545699",
      "geometry": {
        "type": "Point",
        "coordinates": [
          -79.0461571,
          -8.0644393
        ]
      },
      "properties": {
        "id": "13546545699",
        "name": "",
        "type": "bus_stop",
        "category": "transport",
        "subcategory": "bus_stop",
        "description": "4(2-20-24-53)"
      }
    },
    {
      "type": "Feature",
      "id": "13546545620",
      "geometry": {
        "type": "Point",
        "coordinates": [
          -79.0457973,
          -8.0648641
        ]
      },
      "properties": {
        "id": "13546545620",
        "name": "",
        "type": "bus_stop",
        "category": "transport",
        "subcategory": "bus_stop",
        "description": "4(2-20-24-53)"
      }
    },
    {
      "type": "Feature",
      "id": "13546546350",
      "geometry": {
        "type": "Point",
        "coordinates": [
          -79.0449278,
          -8.0656021
        ]
      },
      "properties": {
        "id": "13546546350",
        "name": "",
        "type": "bus_stop",
        "category": "transport",
        "subcategory": "bus_stop",
        "description": "4(2-20-24-53)"
      }
    },
    {
      "type": "Feature",
      "id": "13546546310",
      "geometry": {
        "type": "Point",
        "coordinates": [
          -79.0447687,
          -8.0658787
        ]
      },
      "properties": {
        "id": "13546546310",
        "name": "",
        "type": "bus_stop",
        "category": "transport",
        "subcategory": "bus_stop",
        "description": "4(2-20-24-53)"
      }
    },
    {
      "type": "Feature",
      "id": "13546546349",
      "geometry": {
        "type": "Point",
        "coordinates": [
          -79.0452012,
          -8.0667633
        ]
      },
      "properties": {
        "id": "13546546349",
        "name": "",
        "type": "bus_stop",
        "category": "transport",
        "subcategory": "bus_stop",
        "description": "4(2-20-24-53)"
      }
    },
    {
      "type": "Feature",
      "id": "13546545619",
      "geometry": {
        "type": "Point",
        "coordinates": [
          -79.0478116,
          -8.0679599
        ]
      },
      "properties": {
        "id": "13546545619",
        "name": "",
        "type": "bus_stop",
        "category": "transport",
        "subcategory": "bus_stop",
        "description": "1(2)"
      }
    },
    {
      "type": "Feature",
      "id": "13546545726",
      "geometry": {
        "type": "Point",
        "coordinates": [
          -79.0458058,
          -8.0720366
        ]
      },
      "properties": {
        "id": "13546545726",
        "name": "",
        "type": "bus_stop",
        "category": "transport",
        "subcategory": "bus_stop",
        "description": "3(2-33-57)"
      }
    },
    {
      "type": "Feature",
      "id": "13546545725",
      "geometry": {
        "type": "Point",
        "coordinates": [
          -79.0443208,
          -8.074817
        ]
      },
      "properties": {
        "id": "13546545725",
        "name": "",
        "type": "bus_stop",
        "category": "transport",
        "subcategory": "bus_stop",
        "description": "3(2-33-57)"
      }
    },
    {
      "type": "Feature",
      "id": "13546545628",
      "geometry": {
        "type": "Point",
        "coordinates": [
          -79.0431166,
          -8.076952
        ]
      },
      "properties": {
        "id": "13546545628",
        "name": "",
        "type": "bus_stop",
        "category": "transport",
        "subcategory": "bus_stop",
        "description": "3(2-33-57)"
      }
    },
    {
      "type": "Feature",
      "id": "13546545723",
      "geometry": {
        "type": "Point",
        "coordinates": [
          -79.0418243,
          -8.0792718
        ]
      },
      "properties": {
        "id": "13546545723",
        "name": "",
        "type": "bus_stop",
        "category": "transport",
        "subcategory": "bus_stop",
        "description": "3(2-33-57)"
      }
    },
    {
      "type": "Feature",
      "id": "13546535100",
      "geometry": {
        "type": "Point",
        "coordinates": [
          -79.0422652,
          -8.0881752
        ]
      },
      "properties": {
        "id": "13546535100",
        "name": "",
        "type": "bus_stop",
        "category": "transport",
        "subcategory": "bus_stop",
        "description": "18(10-2-26-27-28-29-30-31-32-34-35-36-37-59-6-78-8-81)"
      }
    },
    {
      "type": "Feature",
      "id": "1098604575",
      "geometry": {
        "type": "Point",
        "coordinates": [
          -79.0418795,
          -8.0912942
        ]
      },
      "properties": {
        "id": "1098604575",
        "name": "Avenida Metropolitana 1",
        "type": "bus_stop",
        "category": "transport",
        "subcategory": "bus_stop",
        "description": "1(2)"
      }
    },
    {
      "type": "Feature",
      "id": "3128363121",
      "geometry": {
        "type": "Point",
        "coordinates": [
          -79.1099423,
          -8.0660298
        ]
      },
      "properties": {
        "id": "3128363121",
        "name": "Sin nombre",
        "type": "bus_stop",
        "category": "transport",
        "subcategory": "bus_stop",
        "description": "2(3-65)"
      }
    },
    {
      "type": "Feature",
      "id": "13546546257",
      "geometry": {
        "type": "Point",
        "coordinates": [
          -79.1119697,
          -8.0670427
        ]
      },
      "properties": {
        "id": "13546546257",
        "name": "",
        "type": "bus_stop",
        "category": "transport",
        "subcategory": "bus_stop",
        "description": "1(3)"
      }
    },
    {
      "type": "Feature",
      "id": "13546545510",
      "geometry": {
        "type": "Point",
        "coordinates": [
          -79.1169754,
          -8.0683357
        ]
      },
      "properties": {
        "id": "13546545510",
        "name": "",
        "type": "bus_stop",
        "category": "transport",
        "subcategory": "bus_stop",
        "description": "1(3)"
      }
    },
    {
      "type": "Feature",
      "id": "13546545511",
      "geometry": {
        "type": "Point",
        "coordinates": [
          -79.115696,
          -8.0723531
        ]
      },
      "properties": {
        "id": "13546545511",
        "name": "",
        "type": "bus_stop",
        "category": "transport",
        "subcategory": "bus_stop",
        "description": "1(3)"
      }
    },
    {
      "type": "Feature",
      "id": "13546545512",
      "geometry": {
        "type": "Point",
        "coordinates": [
          -79.1153403,
          -8.0754246
        ]
      },
      "properties": {
        "id": "13546545512",
        "name": "",
        "type": "bus_stop",
        "category": "transport",
        "subcategory": "bus_stop",
        "description": "2(3-65)"
      }
    },
    {
      "type": "Feature",
      "id": "13546546258",
      "geometry": {
        "type": "Point",
        "coordinates": [
          -79.1164473,
          -8.0785497
        ]
      },
      "properties": {
        "id": "13546546258",
        "name": "",
        "type": "bus_stop",
        "category": "transport",
        "subcategory": "bus_stop",
        "description": "2(3-65)"
      }
    },
    {
      "type": "Feature",
      "id": "13546545502",
      "geometry": {
        "type": "Point",
        "coordinates": [
          -79.1185439,
          -8.0799599
        ]
      },
      "properties": {
        "id": "13546545502",
        "name": "",
        "type": "bus_stop",
        "category": "transport",
        "subcategory": "bus_stop",
        "description": "6(3-4-5-63-65-66)"
      }
    },
    {
      "type": "Feature",
      "id": "13546546247",
      "geometry": {
        "type": "Point",
        "coordinates": [
          -79.1176733,
          -8.0765994
        ]
      },
      "properties": {
        "id": "13546546247",
        "name": "",
        "type": "bus_stop",
        "category": "transport",
        "subcategory": "bus_stop",
        "description": "6(3-4-5-63-65-66)"
      }
    },
    {
      "type": "Feature",
      "id": "13546546239",
      "geometry": {
        "type": "Point",
        "coordinates": [
          -79.1183684,
          -8.0734127
        ]
      },
      "properties": {
        "id": "13546546239",
        "name": "",
        "type": "bus_stop",
        "category": "transport",
        "subcategory": "bus_stop",
        "description": "6(3-4-5-63-65-66)"
      }
    },
    {
      "type": "Feature",
      "id": "13546546235",
      "geometry": {
        "type": "Point",
        "coordinates": [
          -79.1190308,
          -8.0756212
        ]
      },
      "properties": {
        "id": "13546546235",
        "name": "",
        "type": "bus_stop",
        "category": "transport",
        "subcategory": "bus_stop",
        "description": "6(3-4-5-63-65-66)"
      }
    },
    {
      "type": "Feature",
      "id": "13546545551",
      "geometry": {
        "type": "Point",
        "coordinates": [
          -79.1204921,
          -8.0785593
        ]
      },
      "properties": {
        "id": "13546545551",
        "name": "",
        "type": "bus_stop",
        "category": "transport",
        "subcategory": "bus_stop",
        "description": "6(3-4-5-63-65-66)"
      }
    },
    {
      "type": "Feature",
      "id": "13546546292",
      "geometry": {
        "type": "Point",
        "coordinates": [
          -79.1227161,
          -8.0812312
        ]
      },
      "properties": {
        "id": "13546546292",
        "name": "",
        "type": "bus_stop",
        "category": "transport",
        "subcategory": "bus_stop",
        "description": "6(3-4-5-63-65-66)"
      }
    },
    {
      "type": "Feature",
      "id": "13546545545",
      "geometry": {
        "type": "Point",
        "coordinates": [
          -79.1222823,
          -8.086004
        ]
      },
      "properties": {
        "id": "13546545545",
        "name": "",
        "type": "bus_stop",
        "category": "transport",
        "subcategory": "bus_stop",
        "description": "6(3-4-5-63-65-66)"
      }
    },
    {
      "type": "Feature",
      "id": "12121155280",
      "geometry": {
        "type": "Point",
        "coordinates": [
          -79.1195454,
          -8.089278
        ]
      },
      "properties": {
        "id": "12121155280",
        "name": "Avenida la Rivera",
        "type": "bus_stop",
        "category": "transport",
        "subcategory": "bus_stop",
        "description": "6(3-4-5-63-65-66)"
      }
    },
    {
      "type": "Feature",
      "id": "13546545535",
      "geometry": {
        "type": "Point",
        "coordinates": [
          -79.1179093,
          -8.0913396
        ]
      },
      "properties": {
        "id": "13546545535",
        "name": "",
        "type": "bus_stop",
        "category": "transport",
        "subcategory": "bus_stop",
        "description": "6(3-4-5-63-65-66)"
      }
    },
    {
      "type": "Feature",
      "id": "13546546255",
      "geometry": {
        "type": "Point",
        "coordinates": [
          -79.109481,
          -8.0989125
        ]
      },
      "properties": {
        "id": "13546546255",
        "name": "",
        "type": "bus_stop",
        "category": "transport",
        "subcategory": "bus_stop",
        "description": "1(3)"
      }
    },
    {
      "type": "Feature",
      "id": "13546546265",
      "geometry": {
        "type": "Point",
        "coordinates": [
          -79.1093556,
          -8.0990953
        ]
      },
      "properties": {
        "id": "13546546265",
        "name": "",
        "type": "bus_stop",
        "category": "transport",
        "subcategory": "bus_stop",
        "description": "1(3)"
      }
    },
    {
      "type": "Feature",
      "id": "13546546264",
      "geometry": {
        "type": "Point",
        "coordinates": [
          -79.1067659,
          -8.1009414
        ]
      },
      "properties": {
        "id": "13546546264",
        "name": "",
        "type": "bus_stop",
        "category": "transport",
        "subcategory": "bus_stop",
        "description": "1(3)"
      }
    },
    {
      "type": "Feature",
      "id": "13546546256",
      "geometry": {
        "type": "Point",
        "coordinates": [
          -79.1065686,
          -8.1009844
        ]
      },
      "properties": {
        "id": "13546546256",
        "name": "",
        "type": "bus_stop",
        "category": "transport",
        "subcategory": "bus_stop",
        "description": "1(3)"
      }
    },
    {
      "type": "Feature",
      "id": "13546545503",
      "geometry": {
        "type": "Point",
        "coordinates": [
          -79.1028561,
          -8.1027977
        ]
      },
      "properties": {
        "id": "13546545503",
        "name": "",
        "type": "bus_stop",
        "category": "transport",
        "subcategory": "bus_stop",
        "description": "1(3)"
      }
    },
    {
      "type": "Feature",
      "id": "13546546240",
      "geometry": {
        "type": "Point",
        "coordinates": [
          -79.1024055,
          -8.1029646
        ]
      },
      "properties": {
        "id": "13546546240",
        "name": "",
        "type": "bus_stop",
        "category": "transport",
        "subcategory": "bus_stop",
        "description": "1(3)"
      }
    },
    {
      "type": "Feature",
      "id": "13546546253",
      "geometry": {
        "type": "Point",
        "coordinates": [
          -79.0996378,
          -8.1049948
        ]
      },
      "properties": {
        "id": "13546546253",
        "name": "",
        "type": "bus_stop",
        "category": "transport",
        "subcategory": "bus_stop",
        "description": "1(3)"
      }
    },
    {
      "type": "Feature",
      "id": "13546546241",
      "geometry": {
        "type": "Point",
        "coordinates": [
          -79.0994216,
          -8.105031
        ]
      },
      "properties": {
        "id": "13546546241",
        "name": "",
        "type": "bus_stop",
        "category": "transport",
        "subcategory": "bus_stop",
        "description": "1(3)"
      }
    },
    {
      "type": "Feature",
      "id": "13546546250",
      "geometry": {
        "type": "Point",
        "coordinates": [
          -79.0986323,
          -8.0957239
        ]
      },
      "properties": {
        "id": "13546546250",
        "name": "",
        "type": "bus_stop",
        "category": "transport",
        "subcategory": "bus_stop",
        "description": "1(3)"
      }
    },
    {
      "type": "Feature",
      "id": "13546545498",
      "geometry": {
        "type": "Point",
        "coordinates": [
          -79.0944991,
          -8.0880754
        ]
      },
      "properties": {
        "id": "13546545498",
        "name": "",
        "type": "bus_stop",
        "category": "transport",
        "subcategory": "bus_stop",
        "description": "6(3-4-5-63-65-66)"
      }
    },
    {
      "type": "Feature",
      "id": "13546546238",
      "geometry": {
        "type": "Point",
        "coordinates": [
          -79.0916476,
          -8.0889465
        ]
      },
      "properties": {
        "id": "13546546238",
        "name": "",
        "type": "bus_stop",
        "category": "transport",
        "subcategory": "bus_stop",
        "description": "6(3-4-5-63-65-66)"
      }
    },
    {
      "type": "Feature",
      "id": "13546545509",
      "geometry": {
        "type": "Point",
        "coordinates": [
          -79.0846524,
          -8.0912967
        ]
      },
      "properties": {
        "id": "13546545509",
        "name": "",
        "type": "bus_stop",
        "category": "transport",
        "subcategory": "bus_stop",
        "description": "6(3-4-5-63-65-66)"
      }
    },
    {
      "type": "Feature",
      "id": "13546545508",
      "geometry": {
        "type": "Point",
        "coordinates": [
          -79.0803176,
          -8.0925669
        ]
      },
      "properties": {
        "id": "13546545508",
        "name": "",
        "type": "bus_stop",
        "category": "transport",
        "subcategory": "bus_stop",
        "description": "6(3-4-5-63-65-66)"
      }
    },
    {
      "type": "Feature",
      "id": "13546545507",
      "geometry": {
        "type": "Point",
        "coordinates": [
          -79.0765552,
          -8.0932446
        ]
      },
      "properties": {
        "id": "13546545507",
        "name": "",
        "type": "bus_stop",
        "category": "transport",
        "subcategory": "bus_stop",
        "description": "6(3-4-5-63-65-66)"
      }
    },
    {
      "type": "Feature",
      "id": "13546545506",
      "geometry": {
        "type": "Point",
        "coordinates": [
          -79.0687276,
          -8.0982767
        ]
      },
      "properties": {
        "id": "13546545506",
        "name": "",
        "type": "bus_stop",
        "category": "transport",
        "subcategory": "bus_stop",
        "description": "6(3-4-5-63-65-66)"
      }
    },
    {
      "type": "Feature",
      "id": "13546545505",
      "geometry": {
        "type": "Point",
        "coordinates": [
          -79.0648293,
          -8.0998802
        ]
      },
      "properties": {
        "id": "13546545505",
        "name": "",
        "type": "bus_stop",
        "category": "transport",
        "subcategory": "bus_stop",
        "description": "6(3-4-5-63-65-66)"
      }
    },
    {
      "type": "Feature",
      "id": "13546545504",
      "geometry": {
        "type": "Point",
        "coordinates": [
          -79.061646,
          -8.1004971
        ]
      },
      "properties": {
        "id": "13546545504",
        "name": "",
        "type": "bus_stop",
        "category": "transport",
        "subcategory": "bus_stop",
        "description": "6(3-4-5-63-65-66)"
      }
    },
    {
      "type": "Feature",
      "id": "13546546254",
      "geometry": {
        "type": "Point",
        "coordinates": [
          -79.0574763,
          -8.1011311
        ]
      },
      "properties": {
        "id": "13546546254",
        "name": "",
        "type": "bus_stop",
        "category": "transport",
        "subcategory": "bus_stop",
        "description": "6(3-4-5-63-65-66)"
      }
    },
    {
      "type": "Feature",
      "id": "13546545956",
      "geometry": {
        "type": "Point",
        "coordinates": [
          -79.0446508,
          -8.1076033
        ]
      },
      "properties": {
        "id": "13546545956",
        "name": "",
        "type": "bus_stop",
        "category": "transport",
        "subcategory": "bus_stop",
        "description": "5(14-22-24-3-37)"
      }
    },
    {
      "type": "Feature",
      "id": "13546545957",
      "geometry": {
        "type": "Point",
        "coordinates": [
          -79.0421921,
          -8.108478
        ]
      },
      "properties": {
        "id": "13546545957",
        "name": "",
        "type": "bus_stop",
        "category": "transport",
        "subcategory": "bus_stop",
        "description": "10(14-15-16-20-22-24-3-37-53-80)"
      }
    },
    {
      "type": "Feature",
      "id": "13546545959",
      "geometry": {
        "type": "Point",
        "coordinates": [
          -79.0396905,
          -8.1093949
        ]
      },
      "properties": {
        "id": "13546545959",
        "name": "",
        "type": "bus_stop",
        "category": "transport",
        "subcategory": "bus_stop",
        "description": "10(14-15-16-20-22-24-3-37-53-80)"
      }
    },
    {
      "type": "Feature",
      "id": "13546545961",
      "geometry": {
        "type": "Point",
        "coordinates": [
          -79.0364068,
          -8.1112557
        ]
      },
      "properties": {
        "id": "13546545961",
        "name": "",
        "type": "bus_stop",
        "category": "transport",
        "subcategory": "bus_stop",
        "description": "38(10-14-16-17-20-21-22-24-27-28-3-31-32-35-37-4-40-47-49-50-51-52-53-55-56-57-58-6-60-61-64-66-72-73-75-77-78-81)"
      }
    },
    {
      "type": "Feature",
      "id": "13546545147",
      "geometry": {
        "type": "Point",
        "coordinates": [
          -79.0250079,
          -8.1207964
        ]
      },
      "properties": {
        "id": "13546545147",
        "name": "",
        "type": "bus_stop",
        "category": "transport",
        "subcategory": "bus_stop",
        "description": "9(14-22-3-40-52-60-72-73-77)"
      }
    },
    {
      "type": "Feature",
      "id": "13546545921",
      "geometry": {
        "type": "Point",
        "coordinates": [
          -79.023608,
          -8.1225606
        ]
      },
      "properties": {
        "id": "13546545921",
        "name": "",
        "type": "bus_stop",
        "category": "transport",
        "subcategory": "bus_stop",
        "description": "13(14-18-22-3-39-40-41-52-60-70-72-73-77)"
      }
    },
    {
      "type": "Feature",
      "id": "13546545939",
      "geometry": {
        "type": "Point",
        "coordinates": [
          -79.0229252,
          -8.1247449
        ]
      },
      "properties": {
        "id": "13546545939",
        "name": "",
        "type": "bus_stop",
        "category": "transport",
        "subcategory": "bus_stop",
        "description": "17(17-18-19-3-30-39-40-41-42-43-44-45-67-68-70-72-84)"
      }
    },
    {
      "type": "Feature",
      "id": "13546545941",
      "geometry": {
        "type": "Point",
        "coordinates": [
          -79.0223498,
          -8.1265933
        ]
      },
      "properties": {
        "id": "13546545941",
        "name": "",
        "type": "bus_stop",
        "category": "transport",
        "subcategory": "bus_stop",
        "description": "17(17-18-19-3-30-39-40-41-42-43-44-45-67-68-70-72-84)"
      }
    },
    {
      "type": "Feature",
      "id": "13546545142",
      "geometry": {
        "type": "Point",
        "coordinates": [
          -79.0215133,
          -8.1293166
        ]
      },
      "properties": {
        "id": "13546545142",
        "name": "",
        "type": "bus_stop",
        "category": "transport",
        "subcategory": "bus_stop",
        "description": "18(17-18-19-3-30-39-40-41-42-43-44-45-67-68-70-72-77-84)"
      }
    },
    {
      "type": "Feature",
      "id": "2549352804",
      "geometry": {
        "type": "Point",
        "coordinates": [
          -79.0209164,
          -8.1302637
        ]
      },
      "properties": {
        "id": "2549352804",
        "name": "Sin nombre",
        "type": "bus_stop",
        "category": "transport",
        "subcategory": "bus_stop",
        "description": "1(3)"
      }
    },
    {
      "type": "Feature",
      "id": "5491675677",
      "geometry": {
        "type": "Point",
        "coordinates": [
          -79.1155744,
          -8.0902207
        ]
      },
      "properties": {
        "id": "5491675677",
        "name": "Avenida la Paz",
        "type": "bus_stop",
        "category": "transport",
        "subcategory": "bus_stop",
        "description": "2(4-5)"
      }
    },
    {
      "type": "Feature",
      "id": "13546545552",
      "geometry": {
        "type": "Point",
        "coordinates": [
          -79.1152844,
          -8.0885672
        ]
      },
      "properties": {
        "id": "13546545552",
        "name": "",
        "type": "bus_stop",
        "category": "transport",
        "subcategory": "bus_stop",
        "description": "2(4-5)"
      }
    },
    {
      "type": "Feature",
      "id": "13546545522",
      "geometry": {
        "type": "Point",
        "coordinates": [
          -79.1144837,
          -8.0862166
        ]
      },
      "properties": {
        "id": "13546545522",
        "name": "",
        "type": "bus_stop",
        "category": "transport",
        "subcategory": "bus_stop",
        "description": "2(4-5)"
      }
    },
    {
      "type": "Feature",
      "id": "13546545514",
      "geometry": {
        "type": "Point",
        "coordinates": [
          -79.1143657,
          -8.0856184
        ]
      },
      "properties": {
        "id": "13546545514",
        "name": "",
        "type": "bus_stop",
        "category": "transport",
        "subcategory": "bus_stop",
        "description": "2(4-5)"
      }
    },
    {
      "type": "Feature",
      "id": "13546546261",
      "geometry": {
        "type": "Point",
        "coordinates": [
          -79.1134901,
          -8.0827213
        ]
      },
      "properties": {
        "id": "13546546261",
        "name": "",
        "type": "bus_stop",
        "category": "transport",
        "subcategory": "bus_stop",
        "description": "2(4-5)"
      }
    },
    {
      "type": "Feature",
      "id": "13546546274",
      "geometry": {
        "type": "Point",
        "coordinates": [
          -79.1106729,
          -8.0975252
        ]
      },
      "properties": {
        "id": "13546546274",
        "name": "",
        "type": "bus_stop",
        "category": "transport",
        "subcategory": "bus_stop",
        "description": "5(4-5-63-65-66)"
      }
    },
    {
      "type": "Feature",
      "id": "13546546267",
      "geometry": {
        "type": "Point",
        "coordinates": [
          -79.1000869,
          -8.0868799
        ]
      },
      "properties": {
        "id": "13546546267",
        "name": "",
        "type": "bus_stop",
        "category": "transport",
        "subcategory": "bus_stop",
        "description": "5(4-5-63-65-66)"
      }
    },
    {
      "type": "Feature",
      "id": "13546545136",
      "geometry": {
        "type": "Point",
        "coordinates": [
          -79.0551083,
          -8.1009718
        ]
      },
      "properties": {
        "id": "13546545136",
        "name": "",
        "type": "bus_stop",
        "category": "transport",
        "subcategory": "bus_stop",
        "description": "6(4-5-56-63-65-66)"
      }
    },
    {
      "type": "Feature",
      "id": "13546545937",
      "geometry": {
        "type": "Point",
        "coordinates": [
          -79.0431964,
          -8.1018285
        ]
      },
      "properties": {
        "id": "13546545937",
        "name": "",
        "type": "bus_stop",
        "category": "transport",
        "subcategory": "bus_stop",
        "description": "13(10-12-22-27-4-5-56-57-58-6-63-65-66)"
      }
    },
    {
      "type": "Feature",
      "id": "13546545139",
      "geometry": {
        "type": "Point",
        "coordinates": [
          -79.0398522,
          -8.1026501
        ]
      },
      "properties": {
        "id": "13546545139",
        "name": "",
        "type": "bus_stop",
        "category": "transport",
        "subcategory": "bus_stop",
        "description": "12(10-12-27-4-5-56-57-58-6-63-65-66)"
      }
    },
    {
      "type": "Feature",
      "id": "13546545140",
      "geometry": {
        "type": "Point",
        "coordinates": [
          -79.0373475,
          -8.1039363
        ]
      },
      "properties": {
        "id": "13546545140",
        "name": "",
        "type": "bus_stop",
        "category": "transport",
        "subcategory": "bus_stop",
        "description": "12(10-12-27-4-5-56-57-58-6-63-65-66)"
      }
    },
    {
      "type": "Feature",
      "id": "11910518835",
      "geometry": {
        "type": "Point",
        "coordinates": [
          -79.0362453,
          -8.1061083
        ]
      },
      "properties": {
        "id": "11910518835",
        "name": "Calle Santiago de Chile",
        "type": "bus_stop",
        "category": "transport",
        "subcategory": "bus_stop",
        "description": "32(10-17-21-27-28-31-32-35-4-40-46-47-49-50-51-52-55-56-57-58-6-60-61-64-65-66-72-73-75-77-78-81)"
      }
    },
    {
      "type": "Feature",
      "id": "13546545899",
      "geometry": {
        "type": "Point",
        "coordinates": [
          -79.0370376,
          -8.1078566
        ]
      },
      "properties": {
        "id": "13546545899",
        "name": "",
        "type": "bus_stop",
        "category": "transport",
        "subcategory": "bus_stop",
        "description": "34(10-17-21-22-27-28-31-32-35-37-4-40-46-47-49-50-51-52-55-56-57-58-6-60-61-64-65-66-72-73-75-77-78-81)"
      }
    },
    {
      "type": "Feature",
      "id": "13546535068",
      "geometry": {
        "type": "Point",
        "coordinates": [
          -79.0131415,
          -8.1131272
        ]
      },
      "properties": {
        "id": "13546535068",
        "name": "",
        "type": "bus_stop",
        "category": "transport",
        "subcategory": "bus_stop",
        "description": "7(28-29-32-4-5-63-81)"
      }
    },
    {
      "type": "Feature",
      "id": "13546535069",
      "geometry": {
        "type": "Point",
        "coordinates": [
          -79.0107178,
          -8.1131813
        ]
      },
      "properties": {
        "id": "13546535069",
        "name": "",
        "type": "bus_stop",
        "category": "transport",
        "subcategory": "bus_stop",
        "description": "7(28-29-32-4-5-63-81)"
      }
    },
    {
      "type": "Feature",
      "id": "13546545884",
      "geometry": {
        "type": "Point",
        "coordinates": [
          -79.0081107,
          -8.1127836
        ]
      },
      "properties": {
        "id": "13546545884",
        "name": "",
        "type": "bus_stop",
        "category": "transport",
        "subcategory": "bus_stop",
        "description": "7(28-29-32-4-5-63-81)"
      }
    },
    {
      "type": "Feature",
      "id": "13546545228",
      "geometry": {
        "type": "Point",
        "coordinates": [
          -79.0070866,
          -8.1109529
        ]
      },
      "properties": {
        "id": "13546545228",
        "name": "",
        "type": "bus_stop",
        "category": "transport",
        "subcategory": "bus_stop",
        "description": "6(28-29-32-4-5-81)"
      }
    },
    {
      "type": "Feature",
      "id": "13546535064",
      "geometry": {
        "type": "Point",
        "coordinates": [
          -79.0071712,
          -8.1055513
        ]
      },
      "properties": {
        "id": "13546535064",
        "name": "",
        "type": "bus_stop",
        "category": "transport",
        "subcategory": "bus_stop",
        "description": "4(28-32-4-81)"
      }
    },
    {
      "type": "Feature",
      "id": "13546535054",
      "geometry": {
        "type": "Point",
        "coordinates": [
          -79.0072731,
          -8.103101
        ]
      },
      "properties": {
        "id": "13546535054",
        "name": "",
        "type": "bus_stop",
        "category": "transport",
        "subcategory": "bus_stop",
        "description": "2(4-66)"
      }
    },
    {
      "type": "Feature",
      "id": "13546546036",
      "geometry": {
        "type": "Point",
        "coordinates": [
          -79.009381,
          -8.1038057
        ]
      },
      "properties": {
        "id": "13546546036",
        "name": "",
        "type": "bus_stop",
        "category": "transport",
        "subcategory": "bus_stop",
        "description": "1(4)"
      }
    },
    {
      "type": "Feature",
      "id": "13546546056",
      "geometry": {
        "type": "Point",
        "coordinates": [
          -79.0305376,
          -8.0983175
        ]
      },
      "properties": {
        "id": "13546546056",
        "name": "",
        "type": "bus_stop",
        "category": "transport",
        "subcategory": "bus_stop",
        "description": "4(4-46-47-51)"
      }
    },
    {
      "type": "Feature",
      "id": "13546545251",
      "geometry": {
        "type": "Point",
        "coordinates": [
          -79.0320016,
          -8.1008793
        ]
      },
      "properties": {
        "id": "13546545251",
        "name": "",
        "type": "bus_stop",
        "category": "transport",
        "subcategory": "bus_stop",
        "description": "4(4-46-47-51)"
      }
    },
    {
      "type": "Feature",
      "id": "13546546055",
      "geometry": {
        "type": "Point",
        "coordinates": [
          -79.0333794,
          -8.1034995
        ]
      },
      "properties": {
        "id": "13546546055",
        "name": "",
        "type": "bus_stop",
        "category": "transport",
        "subcategory": "bus_stop",
        "description": "22(12-15-17-21-4-40-46-47-49-5-50-51-52-55-60-61-63-64-72-73-75-77)"
      }
    },
    {
      "type": "Feature",
      "id": "13546545138",
      "geometry": {
        "type": "Point",
        "coordinates": [
          -79.0364368,
          -8.1042714
        ]
      },
      "properties": {
        "id": "13546545138",
        "name": "",
        "type": "bus_stop",
        "category": "transport",
        "subcategory": "bus_stop",
        "description": "9(12-15-27-4-5-57-58-65-66)"
      }
    },
    {
      "type": "Feature",
      "id": "13546545938",
      "geometry": {
        "type": "Point",
        "coordinates": [
          -79.0413002,
          -8.1020649
        ]
      },
      "properties": {
        "id": "13546545938",
        "name": "",
        "type": "bus_stop",
        "category": "transport",
        "subcategory": "bus_stop",
        "description": "10(12-15-27-4-5-56-57-58-65-66)"
      }
    },
    {
      "type": "Feature",
      "id": "13546545934",
      "geometry": {
        "type": "Point",
        "coordinates": [
          -79.0488069,
          -8.1007275
        ]
      },
      "properties": {
        "id": "13546545934",
        "name": "",
        "type": "bus_stop",
        "category": "transport",
        "subcategory": "bus_stop",
        "description": "8(27-4-5-56-63-65-66-80)"
      }
    },
    {
      "type": "Feature",
      "id": "13546545936",
      "geometry": {
        "type": "Point",
        "coordinates": [
          -79.0510692,
          -8.1007105
        ]
      },
      "properties": {
        "id": "13546545936",
        "name": "",
        "type": "bus_stop",
        "category": "transport",
        "subcategory": "bus_stop",
        "description": "6(4-5-56-63-65-66)"
      }
    },
    {
      "type": "Feature",
      "id": "13546545501",
      "geometry": {
        "type": "Point",
        "coordinates": [
          -79.0649709,
          -8.099563
        ]
      },
      "properties": {
        "id": "13546545501",
        "name": "",
        "type": "bus_stop",
        "category": "transport",
        "subcategory": "bus_stop",
        "description": "6(3-4-5-63-65-66)"
      }
    },
    {
      "type": "Feature",
      "id": "13546545500",
      "geometry": {
        "type": "Point",
        "coordinates": [
          -79.0846485,
          -8.0910791
        ]
      },
      "properties": {
        "id": "13546545500",
        "name": "",
        "type": "bus_stop",
        "category": "transport",
        "subcategory": "bus_stop",
        "description": "6(3-4-5-63-65-66)"
      }
    },
    {
      "type": "Feature",
      "id": "13546545499",
      "geometry": {
        "type": "Point",
        "coordinates": [
          -79.0885843,
          -8.0897285
        ]
      },
      "properties": {
        "id": "13546545499",
        "name": "",
        "type": "bus_stop",
        "category": "transport",
        "subcategory": "bus_stop",
        "description": "6(3-4-5-63-65-66)"
      }
    },
    {
      "type": "Feature",
      "id": "13546545497",
      "geometry": {
        "type": "Point",
        "coordinates": [
          -79.0944031,
          -8.0878973
        ]
      },
      "properties": {
        "id": "13546545497",
        "name": "",
        "type": "bus_stop",
        "category": "transport",
        "subcategory": "bus_stop",
        "description": "6(3-4-5-63-65-66)"
      }
    },
    {
      "type": "Feature",
      "id": "13546546263",
      "geometry": {
        "type": "Point",
        "coordinates": [
          -79.1001045,
          -8.0867295
        ]
      },
      "properties": {
        "id": "13546546263",
        "name": "",
        "type": "bus_stop",
        "category": "transport",
        "subcategory": "bus_stop",
        "description": "5(4-5-63-65-66)"
      }
    },
    {
      "type": "Feature",
      "id": "13546546262",
      "geometry": {
        "type": "Point",
        "coordinates": [
          -79.1105261,
          -8.0972975
        ]
      },
      "properties": {
        "id": "13546546262",
        "name": "",
        "type": "bus_stop",
        "category": "transport",
        "subcategory": "bus_stop",
        "description": "5(4-5-63-65-66)"
      }
    },
    {
      "type": "Feature",
      "id": "13546545517",
      "geometry": {
        "type": "Point",
        "coordinates": [
          -79.1189116,
          -8.0898534
        ]
      },
      "properties": {
        "id": "13546545517",
        "name": "",
        "type": "bus_stop",
        "category": "transport",
        "subcategory": "bus_stop",
        "description": "6(3-4-5-63-65-66)"
      }
    },
    {
      "type": "Feature",
      "id": "13546546260",
      "geometry": {
        "type": "Point",
        "coordinates": [
          -79.1230144,
          -8.0838447
        ]
      },
      "properties": {
        "id": "13546546260",
        "name": "",
        "type": "bus_stop",
        "category": "transport",
        "subcategory": "bus_stop",
        "description": "6(3-4-5-63-65-66)"
      }
    },
    {
      "type": "Feature",
      "id": "13546546259",
      "geometry": {
        "type": "Point",
        "coordinates": [
          -79.1223416,
          -8.0819735
        ]
      },
      "properties": {
        "id": "13546546259",
        "name": "",
        "type": "bus_stop",
        "category": "transport",
        "subcategory": "bus_stop",
        "description": "5(3-4-5-65-66)"
      }
    },
    {
      "type": "Feature",
      "id": "13546545516",
      "geometry": {
        "type": "Point",
        "coordinates": [
          -79.1195836,
          -8.0827125
        ]
      },
      "properties": {
        "id": "13546545516",
        "name": "",
        "type": "bus_stop",
        "category": "transport",
        "subcategory": "bus_stop",
        "description": "5(3-4-5-65-66)"
      }
    },
    {
      "type": "Feature",
      "id": "13546545515",
      "geometry": {
        "type": "Point",
        "coordinates": [
          -79.1184274,
          -8.0815296
        ]
      },
      "properties": {
        "id": "13546545515",
        "name": "",
        "type": "bus_stop",
        "category": "transport",
        "subcategory": "bus_stop",
        "description": "4(3-4-5-66)"
      }
    },
    {
      "type": "Feature",
      "id": "13546545513",
      "geometry": {
        "type": "Point",
        "coordinates": [
          -79.1153856,
          -8.0888302
        ]
      },
      "properties": {
        "id": "13546545513",
        "name": "",
        "type": "bus_stop",
        "category": "transport",
        "subcategory": "bus_stop",
        "description": "2(4-5)"
      }
    },
    {
      "type": "Feature",
      "id": "13546545249",
      "geometry": {
        "type": "Point",
        "coordinates": [
          -79.033823,
          -8.1047949
        ]
      },
      "properties": {
        "id": "13546545249",
        "name": "",
        "type": "bus_stop",
        "category": "transport",
        "subcategory": "bus_stop",
        "description": "22(12-13-15-17-21-4-40-47-48-5-50-51-52-54-60-61-62-63-72-73-75-77)"
      }
    },
    {
      "type": "Feature",
      "id": "13546545132",
      "geometry": {
        "type": "Point",
        "coordinates": [
          -79.032495,
          -8.1033444
        ]
      },
      "properties": {
        "id": "13546545132",
        "name": "",
        "type": "bus_stop",
        "category": "transport",
        "subcategory": "bus_stop",
        "description": "24(12-13-15-17-21-26-29-30-34-36-40-47-48-5-50-52-54-60-61-63-72-73-75-77)"
      }
    },
    {
      "type": "Feature",
      "id": "13546545931",
      "geometry": {
        "type": "Point",
        "coordinates": [
          -79.030599,
          -8.1049436
        ]
      },
      "properties": {
        "id": "13546545931",
        "name": "",
        "type": "bus_stop",
        "category": "transport",
        "subcategory": "bus_stop",
        "description": "24(12-13-15-17-21-26-29-30-34-36-40-47-48-5-50-52-54-60-61-63-72-73-75-77)"
      }
    },
    {
      "type": "Feature",
      "id": "13546545930",
      "geometry": {
        "type": "Point",
        "coordinates": [
          -79.0293947,
          -8.1060629
        ]
      },
      "properties": {
        "id": "13546545930",
        "name": "",
        "type": "bus_stop",
        "category": "transport",
        "subcategory": "bus_stop",
        "description": "25(12-13-15-17-18-21-26-29-30-33-34-36-40-48-5-50-52-54-60-61-63-72-73-75-77)"
      }
    },
    {
      "type": "Feature",
      "id": "11895957224",
      "geometry": {
        "type": "Point",
        "coordinates": [
          -79.0277112,
          -8.105858
        ]
      },
      "properties": {
        "id": "11895957224",
        "name": "Jirón Estete",
        "type": "bus_stop",
        "category": "transport",
        "subcategory": "bus_stop",
        "description": "25(12-13-15-17-18-21-26-29-30-33-34-36-40-48-5-50-52-54-60-61-63-72-73-75-77)"
      }
    },
    {
      "type": "Feature",
      "id": "11895968651",
      "geometry": {
        "type": "Point",
        "coordinates": [
          -79.0245107,
          -8.1056463
        ]
      },
      "properties": {
        "id": "11895968651",
        "name": "Avenida del Ejército",
        "type": "bus_stop",
        "category": "transport",
        "subcategory": "bus_stop",
        "description": "19(13-15-18-26-29-30-33-34-36-48-5-50-52-60-61-63-73-75-77)"
      }
    },
    {
      "type": "Feature",
      "id": "11895953681",
      "geometry": {
        "type": "Point",
        "coordinates": [
          -79.0226351,
          -8.1069826
        ]
      },
      "properties": {
        "id": "11895953681",
        "name": "Avenida Perú",
        "type": "bus_stop",
        "category": "transport",
        "subcategory": "bus_stop",
        "description": "21(13-15-18-24-26-29-30-33-34-36-48-5-50-52-60-61-63-68-73-75-77)"
      }
    },
    {
      "type": "Feature",
      "id": "13546545992",
      "geometry": {
        "type": "Point",
        "coordinates": [
          -79.0211224,
          -8.1092367
        ]
      },
      "properties": {
        "id": "13546545992",
        "name": "",
        "type": "bus_stop",
        "category": "transport",
        "subcategory": "bus_stop",
        "description": "8(30-48-5-68-76-79-82-83)"
      }
    },
    {
      "type": "Feature",
      "id": "13546545192",
      "geometry": {
        "type": "Point",
        "coordinates": [
          -79.0194385,
          -8.1113857
        ]
      },
      "properties": {
        "id": "13546545192",
        "name": "",
        "type": "bus_stop",
        "category": "transport",
        "subcategory": "bus_stop",
        "description": "8(30-48-5-68-76-79-82-83)"
      }
    },
    {
      "type": "Feature",
      "id": "13546545193",
      "geometry": {
        "type": "Point",
        "coordinates": [
          -79.0171934,
          -8.1132771
        ]
      },
      "properties": {
        "id": "13546545193",
        "name": "",
        "type": "bus_stop",
        "category": "transport",
        "subcategory": "bus_stop",
        "description": "5(30-31-48-5-68)"
      }
    },
    {
      "type": "Feature",
      "id": "13546545194",
      "geometry": {
        "type": "Point",
        "coordinates": [
          -79.0155223,
          -8.1146689
        ]
      },
      "properties": {
        "id": "13546545194",
        "name": "",
        "type": "bus_stop",
        "category": "transport",
        "subcategory": "bus_stop",
        "description": "5(30-31-48-5-68)"
      }
    },
    {
      "type": "Feature",
      "id": "13546545172",
      "geometry": {
        "type": "Point",
        "coordinates": [
          -79.0063226,
          -8.1063632
        ]
      },
      "properties": {
        "id": "13546545172",
        "name": "",
        "type": "bus_stop",
        "category": "transport",
        "subcategory": "bus_stop",
        "description": "2(29-5)"
      }
    },
    {
      "type": "Feature",
      "id": "13546545171",
      "geometry": {
        "type": "Point",
        "coordinates": [
          -79.0038308,
          -8.1065909
        ]
      },
      "properties": {
        "id": "13546545171",
        "name": "",
        "type": "bus_stop",
        "category": "transport",
        "subcategory": "bus_stop",
        "description": "1(5)"
      }
    },
    {
      "type": "Feature",
      "id": "13546535055",
      "geometry": {
        "type": "Point",
        "coordinates": [
          -79.0017927,
          -8.1078838
        ]
      },
      "properties": {
        "id": "13546535055",
        "name": "",
        "type": "bus_stop",
        "category": "transport",
        "subcategory": "bus_stop",
        "description": "3(5-63-65)"
      }
    },
    {
      "type": "Feature",
      "id": "13546535051",
      "geometry": {
        "type": "Point",
        "coordinates": [
          -79.028624,
          -8.095195
        ]
      },
      "properties": {
        "id": "13546535051",
        "name": "",
        "type": "bus_stop",
        "category": "transport",
        "subcategory": "bus_stop",
        "description": "1(5)"
      }
    },
    {
      "type": "Feature",
      "id": "13546545910",
      "geometry": {
        "type": "Point",
        "coordinates": [
          -79.0359382,
          -8.0928878
        ]
      },
      "properties": {
        "id": "13546545910",
        "name": "",
        "type": "bus_stop",
        "category": "transport",
        "subcategory": "bus_stop",
        "description": "8(11-43-5-57-58-59-8-84)"
      }
    },
    {
      "type": "Feature",
      "id": "13546545911",
      "geometry": {
        "type": "Point",
        "coordinates": [
          -79.0382244,
          -8.0942997
        ]
      },
      "properties": {
        "id": "13546545911",
        "name": "",
        "type": "bus_stop",
        "category": "transport",
        "subcategory": "bus_stop",
        "description": "8(11-43-5-57-58-59-8-84)"
      }
    },
    {
      "type": "Feature",
      "id": "13546546059",
      "geometry": {
        "type": "Point",
        "coordinates": [
          -79.0428225,
          -8.0972133
        ]
      },
      "properties": {
        "id": "13546546059",
        "name": "",
        "type": "bus_stop",
        "category": "transport",
        "subcategory": "bus_stop",
        "description": "8(11-37-43-5-57-58-59-84)"
      }
    },
    {
      "type": "Feature",
      "id": "13546545256",
      "geometry": {
        "type": "Point",
        "coordinates": [
          -79.0439761,
          -8.0998763
        ]
      },
      "properties": {
        "id": "13546545256",
        "name": "",
        "type": "bus_stop",
        "category": "transport",
        "subcategory": "bus_stop",
        "description": "10(10-11-37-43-5-57-58-59-6-84)"
      }
    },
    {
      "type": "Feature",
      "id": "13546545950",
      "geometry": {
        "type": "Point",
        "coordinates": [
          -79.0414213,
          -8.1204954
        ]
      },
      "properties": {
        "id": "13546545950",
        "name": "",
        "type": "bus_stop",
        "category": "transport",
        "subcategory": "bus_stop",
        "description": "2(21-5)"
      }
    },
    {
      "type": "Feature",
      "id": "13546545150",
      "geometry": {
        "type": "Point",
        "coordinates": [
          -79.0438474,
          -8.1233173
        ]
      },
      "properties": {
        "id": "13546545150",
        "name": "",
        "type": "bus_stop",
        "category": "transport",
        "subcategory": "bus_stop",
        "description": "2(21-5)"
      }
    },
    {
      "type": "Feature",
      "id": "13546546197",
      "geometry": {
        "type": "Point",
        "coordinates": [
          -79.044523,
          -8.131087
        ]
      },
      "properties": {
        "id": "13546546197",
        "name": "",
        "type": "bus_stop",
        "category": "transport",
        "subcategory": "bus_stop",
        "description": "11(11-21-26-47-49-5-58-6-7-8-9)"
      }
    },
    {
      "type": "Feature",
      "id": "2779870168",
      "geometry": {
        "type": "Point",
        "coordinates": [
          -79.0444349,
          -8.131122
        ]
      },
      "properties": {
        "id": "2779870168",
        "name": "Avenida Victor Raul Haya de la Torre y Avenida Victor Larco Herrera",
        "type": "bus_stop",
        "category": "transport",
        "subcategory": "bus_stop",
        "description": "1(5)"
      }
    },
    {
      "type": "Feature",
      "id": "13546546202",
      "geometry": {
        "type": "Point",
        "coordinates": [
          -79.0420651,
          -8.1284649
        ]
      },
      "properties": {
        "id": "13546546202",
        "name": "",
        "type": "bus_stop",
        "category": "transport",
        "subcategory": "bus_stop",
        "description": "11(11-21-26-47-49-5-58-7-75-8-9)"
      }
    },
    {
      "type": "Feature",
      "id": "13546545260",
      "geometry": {
        "type": "Point",
        "coordinates": [
          -79.0409936,
          -8.1188701
        ]
      },
      "properties": {
        "id": "13546545260",
        "name": "",
        "type": "bus_stop",
        "category": "transport",
        "subcategory": "bus_stop",
        "description": "9(11-12-43-5-54-59-65-80-84)"
      }
    },
    {
      "type": "Feature",
      "id": "13546545261",
      "geometry": {
        "type": "Point",
        "coordinates": [
          -79.043097,
          -8.1171527
        ]
      },
      "properties": {
        "id": "13546545261",
        "name": "",
        "type": "bus_stop",
        "category": "transport",
        "subcategory": "bus_stop",
        "description": "9(11-12-43-5-54-59-65-80-84)"
      }
    },
    {
      "type": "Feature",
      "id": "13546546061",
      "geometry": {
        "type": "Point",
        "coordinates": [
          -79.0462892,
          -8.1144262
        ]
      },
      "properties": {
        "id": "13546546061",
        "name": "",
        "type": "bus_stop",
        "category": "transport",
        "subcategory": "bus_stop",
        "description": "8(11-12-43-5-59-65-80-84)"
      }
    },
    {
      "type": "Feature",
      "id": "13546546063",
      "geometry": {
        "type": "Point",
        "coordinates": [
          -79.047697,
          -8.1106633
        ]
      },
      "properties": {
        "id": "13546546063",
        "name": "",
        "type": "bus_stop",
        "category": "transport",
        "subcategory": "bus_stop",
        "description": "8(11-12-43-5-59-65-80-84)"
      }
    },
    {
      "type": "Feature",
      "id": "13546545262",
      "geometry": {
        "type": "Point",
        "coordinates": [
          -79.0467982,
          -8.1072402
        ]
      },
      "properties": {
        "id": "13546545262",
        "name": "",
        "type": "bus_stop",
        "category": "transport",
        "subcategory": "bus_stop",
        "description": "8(11-12-43-5-59-65-80-84)"
      }
    },
    {
      "type": "Feature",
      "id": "13546545264",
      "geometry": {
        "type": "Point",
        "coordinates": [
          -79.0461052,
          -8.1047663
        ]
      },
      "properties": {
        "id": "13546545264",
        "name": "",
        "type": "bus_stop",
        "category": "transport",
        "subcategory": "bus_stop",
        "description": "9(11-12-37-43-5-59-65-80-84)"
      }
    },
    {
      "type": "Feature",
      "id": "13546546065",
      "geometry": {
        "type": "Point",
        "coordinates": [
          -79.0445116,
          -8.102012
        ]
      },
      "properties": {
        "id": "13546546065",
        "name": "",
        "type": "bus_stop",
        "category": "transport",
        "subcategory": "bus_stop",
        "description": "9(11-12-37-43-5-59-65-80-84)"
      }
    },
    {
      "type": "Feature",
      "id": "13546545257",
      "geometry": {
        "type": "Point",
        "coordinates": [
          -79.0438557,
          -8.1002056
        ]
      },
      "properties": {
        "id": "13546545257",
        "name": "",
        "type": "bus_stop",
        "category": "transport",
        "subcategory": "bus_stop",
        "description": "8(11-37-43-5-57-58-59-84)"
      }
    },
    {
      "type": "Feature",
      "id": "13546546058",
      "geometry": {
        "type": "Point",
        "coordinates": [
          -79.0430501,
          -8.0978658
        ]
      },
      "properties": {
        "id": "13546546058",
        "name": "",
        "type": "bus_stop",
        "category": "transport",
        "subcategory": "bus_stop",
        "description": "8(11-37-43-5-57-58-59-84)"
      }
    },
    {
      "type": "Feature",
      "id": "13546546060",
      "geometry": {
        "type": "Point",
        "coordinates": [
          -79.041087,
          -8.0961352
        ]
      },
      "properties": {
        "id": "13546546060",
        "name": "",
        "type": "bus_stop",
        "category": "transport",
        "subcategory": "bus_stop",
        "description": "8(11-37-43-5-57-58-59-84)"
      }
    },
    {
      "type": "Feature",
      "id": "13546545913",
      "geometry": {
        "type": "Point",
        "coordinates": [
          -79.0378453,
          -8.0943672
        ]
      },
      "properties": {
        "id": "13546545913",
        "name": "",
        "type": "bus_stop",
        "category": "transport",
        "subcategory": "bus_stop",
        "description": "8(11-43-5-57-58-59-8-84)"
      }
    },
    {
      "type": "Feature",
      "id": "13546545912",
      "geometry": {
        "type": "Point",
        "coordinates": [
          -79.0359876,
          -8.0932084
        ]
      },
      "properties": {
        "id": "13546545912",
        "name": "",
        "type": "bus_stop",
        "category": "transport",
        "subcategory": "bus_stop",
        "description": "8(11-43-5-57-58-59-8-84)"
      }
    },
    {
      "type": "Feature",
      "id": "13546545980",
      "geometry": {
        "type": "Point",
        "coordinates": [
          -79.0069231,
          -8.0990666
        ]
      },
      "properties": {
        "id": "13546545980",
        "name": "",
        "type": "bus_stop",
        "category": "transport",
        "subcategory": "bus_stop",
        "description": "2(31-5)"
      }
    },
    {
      "type": "Feature",
      "id": "13546535056",
      "geometry": {
        "type": "Point",
        "coordinates": [
          -79.0017552,
          -8.1077729
        ]
      },
      "properties": {
        "id": "13546535056",
        "name": "",
        "type": "bus_stop",
        "category": "transport",
        "subcategory": "bus_stop",
        "description": "3(5-63-65)"
      }
    },
    {
      "type": "Feature",
      "id": "13546545170",
      "geometry": {
        "type": "Point",
        "coordinates": [
          -79.0035727,
          -8.1066619
        ]
      },
      "properties": {
        "id": "13546545170",
        "name": "",
        "type": "bus_stop",
        "category": "transport",
        "subcategory": "bus_stop",
        "description": "1(5)"
      }
    },
    {
      "type": "Feature",
      "id": "13546545173",
      "geometry": {
        "type": "Point",
        "coordinates": [
          -79.0059729,
          -8.1062125
        ]
      },
      "properties": {
        "id": "13546545173",
        "name": "",
        "type": "bus_stop",
        "category": "transport",
        "subcategory": "bus_stop",
        "description": "1(5)"
      }
    },
    {
      "type": "Feature",
      "id": "13546545883",
      "geometry": {
        "type": "Point",
        "coordinates": [
          -79.0082437,
          -8.1126137
        ]
      },
      "properties": {
        "id": "13546545883",
        "name": "",
        "type": "bus_stop",
        "category": "transport",
        "subcategory": "bus_stop",
        "description": "7(28-29-32-4-5-63-81)"
      }
    },
    {
      "type": "Feature",
      "id": "13546545932",
      "geometry": {
        "type": "Point",
        "coordinates": [
          -79.0312459,
          -8.104043
        ]
      },
      "properties": {
        "id": "13546545932",
        "name": "",
        "type": "bus_stop",
        "category": "transport",
        "subcategory": "bus_stop",
        "description": "22(12-15-17-21-26-29-34-36-40-49-5-50-52-55-60-61-63-64-72-73-75-77)"
      }
    },
    {
      "type": "Feature",
      "id": "5467507240",
      "geometry": {
        "type": "Point",
        "coordinates": [
          -79.0705326,
          -8.0677207
        ]
      },
      "properties": {
        "id": "5467507240",
        "name": "Avenida el Sol y Avenida Nuevo Trujillo",
        "type": "bus_stop",
        "category": "transport",
        "subcategory": "bus_stop",
        "description": "2(6-8)"
      }
    },
    {
      "type": "Feature",
      "id": "13546545736",
      "geometry": {
        "type": "Point",
        "coordinates": [
          -79.0707648,
          -8.0654087
        ]
      },
      "properties": {
        "id": "13546545736",
        "name": "",
        "type": "bus_stop",
        "category": "transport",
        "subcategory": "bus_stop",
        "description": "2(6-8)"
      }
    },
    {
      "type": "Feature",
      "id": "13546546365",
      "geometry": {
        "type": "Point",
        "coordinates": [
          -79.0728928,
          -8.0643119
        ]
      },
      "properties": {
        "id": "13546546365",
        "name": "",
        "type": "bus_stop",
        "category": "transport",
        "subcategory": "bus_stop",
        "description": "2(6-8)"
      }
    },
    {
      "type": "Feature",
      "id": "13546545735",
      "geometry": {
        "type": "Point",
        "coordinates": [
          -79.0749801,
          -8.0632324
        ]
      },
      "properties": {
        "id": "13546545735",
        "name": "",
        "type": "bus_stop",
        "category": "transport",
        "subcategory": "bus_stop",
        "description": "2(6-8)"
      }
    },
    {
      "type": "Feature",
      "id": "13546545659",
      "geometry": {
        "type": "Point",
        "coordinates": [
          -79.0754919,
          -8.067331
        ]
      },
      "properties": {
        "id": "13546545659",
        "name": "",
        "type": "bus_stop",
        "category": "transport",
        "subcategory": "bus_stop",
        "description": "8(27-29-30-31-6-78-8-9)"
      }
    },
    {
      "type": "Feature",
      "id": "13546545689",
      "geometry": {
        "type": "Point",
        "coordinates": [
          -79.0699279,
          -8.0701198
        ]
      },
      "properties": {
        "id": "13546545689",
        "name": "",
        "type": "bus_stop",
        "category": "transport",
        "subcategory": "bus_stop",
        "description": "8(10-29-30-31-6-78-8-9)"
      }
    },
    {
      "type": "Feature",
      "id": "13546545686",
      "geometry": {
        "type": "Point",
        "coordinates": [
          -79.0672103,
          -8.0691065
        ]
      },
      "properties": {
        "id": "13546545686",
        "name": "",
        "type": "bus_stop",
        "category": "transport",
        "subcategory": "bus_stop",
        "description": "5(10-29-31-6-9)"
      }
    },
    {
      "type": "Feature",
      "id": "13546546340",
      "geometry": {
        "type": "Point",
        "coordinates": [
          -79.0639838,
          -8.067654
        ]
      },
      "properties": {
        "id": "13546546340",
        "name": "",
        "type": "bus_stop",
        "category": "transport",
        "subcategory": "bus_stop",
        "description": "5(10-29-31-6-9)"
      }
    },
    {
      "type": "Feature",
      "id": "13546546339",
      "geometry": {
        "type": "Point",
        "coordinates": [
          -79.0619525,
          -8.0657685
        ]
      },
      "properties": {
        "id": "13546546339",
        "name": "",
        "type": "bus_stop",
        "category": "transport",
        "subcategory": "bus_stop",
        "description": "6(10-29-31-35-6-9)"
      }
    },
    {
      "type": "Feature",
      "id": "13546545613",
      "geometry": {
        "type": "Point",
        "coordinates": [
          -79.0584537,
          -8.0735723
        ]
      },
      "properties": {
        "id": "13546545613",
        "name": "",
        "type": "bus_stop",
        "category": "transport",
        "subcategory": "bus_stop",
        "description": "5(10-30-35-6-78)"
      }
    },
    {
      "type": "Feature",
      "id": "13546546305",
      "geometry": {
        "type": "Point",
        "coordinates": [
          -79.0568656,
          -8.0759611
        ]
      },
      "properties": {
        "id": "13546546305",
        "name": "",
        "type": "bus_stop",
        "category": "transport",
        "subcategory": "bus_stop",
        "description": "4(10-30-35-6)"
      }
    },
    {
      "type": "Feature",
      "id": "13546545615",
      "geometry": {
        "type": "Point",
        "coordinates": [
          -79.055897,
          -8.0784874
        ]
      },
      "properties": {
        "id": "13546545615",
        "name": "",
        "type": "bus_stop",
        "category": "transport",
        "subcategory": "bus_stop",
        "description": "4(10-30-35-6)"
      }
    },
    {
      "type": "Feature",
      "id": "13546546345",
      "geometry": {
        "type": "Point",
        "coordinates": [
          -79.0524368,
          -8.0822409
        ]
      },
      "properties": {
        "id": "13546546345",
        "name": "",
        "type": "bus_stop",
        "category": "transport",
        "subcategory": "bus_stop",
        "description": "4(10-30-35-6)"
      }
    },
    {
      "type": "Feature",
      "id": "13546545692",
      "geometry": {
        "type": "Point",
        "coordinates": [
          -79.046616,
          -8.0811493
        ]
      },
      "properties": {
        "id": "13546545692",
        "name": "",
        "type": "bus_stop",
        "category": "transport",
        "subcategory": "bus_stop",
        "description": "8(10-27-29-30-31-35-6-8)"
      }
    },
    {
      "type": "Feature",
      "id": "13546546326",
      "geometry": {
        "type": "Point",
        "coordinates": [
          -79.0453013,
          -8.0815809
        ]
      },
      "properties": {
        "id": "13546546326",
        "name": "",
        "type": "bus_stop",
        "category": "transport",
        "subcategory": "bus_stop",
        "description": "17(10-26-27-28-29-30-31-32-34-35-36-37-59-6-78-8-81)"
      }
    },
    {
      "type": "Feature",
      "id": "13546546329",
      "geometry": {
        "type": "Point",
        "coordinates": [
          -79.0441866,
          -8.0840322
        ]
      },
      "properties": {
        "id": "13546546329",
        "name": "",
        "type": "bus_stop",
        "category": "transport",
        "subcategory": "bus_stop",
        "description": "17(10-26-27-28-29-30-31-32-34-35-36-37-59-6-78-8-81)"
      }
    },
    {
      "type": "Feature",
      "id": "13546545987",
      "geometry": {
        "type": "Point",
        "coordinates": [
          -79.0433254,
          -8.0933821
        ]
      },
      "properties": {
        "id": "13546545987",
        "name": "",
        "type": "bus_stop",
        "category": "transport",
        "subcategory": "bus_stop",
        "description": "2(10-6)"
      }
    },
    {
      "type": "Feature",
      "id": "13546545986",
      "geometry": {
        "type": "Point",
        "coordinates": [
          -79.0438353,
          -8.0958072
        ]
      },
      "properties": {
        "id": "13546545986",
        "name": "",
        "type": "bus_stop",
        "category": "transport",
        "subcategory": "bus_stop",
        "description": "2(10-6)"
      }
    },
    {
      "type": "Feature",
      "id": "13546545860",
      "geometry": {
        "type": "Point",
        "coordinates": [
          -79.0421445,
          -8.1282953
        ]
      },
      "properties": {
        "id": "13546545860",
        "name": "",
        "type": "bus_stop",
        "category": "transport",
        "subcategory": "bus_stop",
        "description": "12(11-21-25-26-47-49-58-6-7-75-8-9)"
      }
    },
    {
      "type": "Feature",
      "id": "13546546189",
      "geometry": {
        "type": "Point",
        "coordinates": [
          -79.0476012,
          -8.1345713
        ]
      },
      "properties": {
        "id": "13546546189",
        "name": "",
        "type": "bus_stop",
        "category": "transport",
        "subcategory": "bus_stop",
        "description": "8(11-21-26-58-6-7-8-9)"
      }
    },
    {
      "type": "Feature",
      "id": "13546545401",
      "geometry": {
        "type": "Point",
        "coordinates": [
          -79.0500762,
          -8.1374203
        ]
      },
      "properties": {
        "id": "13546545401",
        "name": "",
        "type": "bus_stop",
        "category": "transport",
        "subcategory": "bus_stop",
        "description": "8(11-21-26-58-6-7-8-9)"
      }
    },
    {
      "type": "Feature",
      "id": "13546545403",
      "geometry": {
        "type": "Point",
        "coordinates": [
          -79.0522118,
          -8.1399929
        ]
      },
      "properties": {
        "id": "13546545403",
        "name": "",
        "type": "bus_stop",
        "category": "transport",
        "subcategory": "bus_stop",
        "description": "8(11-21-26-58-6-7-8-9)"
      }
    },
    {
      "type": "Feature",
      "id": "11828708308",
      "geometry": {
        "type": "Point",
        "coordinates": [
          -79.0572438,
          -8.1385973
        ]
      },
      "properties": {
        "id": "11828708308",
        "name": "Avenida Libertad",
        "type": "bus_stop",
        "category": "transport",
        "subcategory": "bus_stop",
        "description": "6(11-12-6-7-8-9)"
      }
    },
    {
      "type": "Feature",
      "id": "11828708309",
      "geometry": {
        "type": "Point",
        "coordinates": [
          -79.057299,
          -8.1385614
        ]
      },
      "properties": {
        "id": "11828708309",
        "name": "Avenida Libertad",
        "type": "bus_stop",
        "category": "transport",
        "subcategory": "bus_stop",
        "description": "4(11-7-8-9)"
      }
    },
    {
      "type": "Feature",
      "id": "13546545397",
      "geometry": {
        "type": "Point",
        "coordinates": [
          -79.0545049,
          -8.1429608
        ]
      },
      "properties": {
        "id": "13546545397",
        "name": "",
        "type": "bus_stop",
        "category": "transport",
        "subcategory": "bus_stop",
        "description": "8(11-12-21-26-58-7-8-9)"
      }
    },
    {
      "type": "Feature",
      "id": "13546545402",
      "geometry": {
        "type": "Point",
        "coordinates": [
          -79.0519929,
          -8.1400274
        ]
      },
      "properties": {
        "id": "13546545402",
        "name": "",
        "type": "bus_stop",
        "category": "transport",
        "subcategory": "bus_stop",
        "description": "7(11-21-26-58-7-8-9)"
      }
    },
    {
      "type": "Feature",
      "id": "13546545408",
      "geometry": {
        "type": "Point",
        "coordinates": [
          -79.0500497,
          -8.1377151
        ]
      },
      "properties": {
        "id": "13546545408",
        "name": "",
        "type": "bus_stop",
        "category": "transport",
        "subcategory": "bus_stop",
        "description": "7(11-21-26-58-7-8-9)"
      }
    },
    {
      "type": "Feature",
      "id": "13546546185",
      "geometry": {
        "type": "Point",
        "coordinates": [
          -79.0445857,
          -8.1314597
        ]
      },
      "properties": {
        "id": "13546546185",
        "name": "",
        "type": "bus_stop",
        "category": "transport",
        "subcategory": "bus_stop",
        "description": "7(11-21-26-58-7-8-9)"
      }
    },
    {
      "type": "Feature",
      "id": "11539601121",
      "geometry": {
        "type": "Point",
        "coordinates": [
          -79.0731686,
          -7.9974556
        ]
      },
      "properties": {
        "id": "11539601121",
        "name": "Carretera Panamericana Norte",
        "type": "bus_stop",
        "category": "transport",
        "subcategory": "bus_stop",
        "description": "3(10-11-7)"
      }
    },
    {
      "type": "Feature",
      "id": "11030688158",
      "geometry": {
        "type": "Point",
        "coordinates": [
          -79.073087,
          -7.9982972
        ]
      },
      "properties": {
        "id": "11030688158",
        "name": "Carretera Panamericana Norte",
        "type": "bus_stop",
        "category": "transport",
        "subcategory": "bus_stop",
        "description": "2(11-7)"
      }
    },
    {
      "type": "Feature",
      "id": "11910359976",
      "geometry": {
        "type": "Point",
        "coordinates": [
          -79.0311411,
          -8.1265956
        ]
      },
      "properties": {
        "id": "11910359976",
        "name": "Calle Australia",
        "type": "bus_stop",
        "category": "transport",
        "subcategory": "bus_stop",
        "description": "19(12-13-14-17-23-24-25-4-47-52-54-57-58-59-65-7-8-80-9)"
      }
    },
    {
      "type": "Feature",
      "id": "13546546047",
      "geometry": {
        "type": "Point",
        "coordinates": [
          -79.0342673,
          -8.1260536
        ]
      },
      "properties": {
        "id": "13546546047",
        "name": "",
        "type": "bus_stop",
        "category": "transport",
        "subcategory": "bus_stop",
        "description": "19(12-13-14-17-23-24-25-4-47-52-54-57-58-59-65-7-8-80-9)"
      }
    },
    {
      "type": "Feature",
      "id": "5067622117",
      "geometry": {
        "type": "Point",
        "coordinates": [
          -79.0376674,
          -8.1247917
        ]
      },
      "properties": {
        "id": "5067622117",
        "name": "Avenida Victor Larco Herrera",
        "type": "bus_stop",
        "category": "transport",
        "subcategory": "bus_stop",
        "description": "17(12-13-14-17-24-4-47-54-57-58-59-65-7-75-8-80-9)"
      }
    },
    {
      "type": "Feature",
      "id": "13546545106",
      "geometry": {
        "type": "Point",
        "coordinates": [
          -79.0395386,
          -8.0937486
        ]
      },
      "properties": {
        "id": "13546545106",
        "name": "",
        "type": "bus_stop",
        "category": "transport",
        "subcategory": "bus_stop",
        "description": "11(26-28-29-31-32-34-37-59-78-8-81)"
      }
    },
    {
      "type": "Feature",
      "id": "13546545914",
      "geometry": {
        "type": "Point",
        "coordinates": [
          -79.0406981,
          -8.0912495
        ]
      },
      "properties": {
        "id": "13546545914",
        "name": "",
        "type": "bus_stop",
        "category": "transport",
        "subcategory": "bus_stop",
        "description": "13(26-27-28-29-31-32-34-36-37-59-78-8-81)"
      }
    },
    {
      "type": "Feature",
      "id": "13546545101",
      "geometry": {
        "type": "Point",
        "coordinates": [
          -79.0415494,
          -8.0893164
        ]
      },
      "properties": {
        "id": "13546545101",
        "name": "",
        "type": "bus_stop",
        "category": "transport",
        "subcategory": "bus_stop",
        "description": "13(26-27-28-29-31-32-34-36-37-59-78-8-81)"
      }
    },
    {
      "type": "Feature",
      "id": "13546545102",
      "geometry": {
        "type": "Point",
        "coordinates": [
          -79.0426916,
          -8.0868615
        ]
      },
      "properties": {
        "id": "13546545102",
        "name": "",
        "type": "bus_stop",
        "category": "transport",
        "subcategory": "bus_stop",
        "description": "13(26-27-28-29-31-32-34-36-37-59-78-8-81)"
      }
    },
    {
      "type": "Feature",
      "id": "13546546328",
      "geometry": {
        "type": "Point",
        "coordinates": [
          -79.0440018,
          -8.0839587
        ]
      },
      "properties": {
        "id": "13546546328",
        "name": "",
        "type": "bus_stop",
        "category": "transport",
        "subcategory": "bus_stop",
        "description": "13(26-27-28-29-31-32-34-36-37-59-78-8-81)"
      }
    },
    {
      "type": "Feature",
      "id": "13546546327",
      "geometry": {
        "type": "Point",
        "coordinates": [
          -79.0451167,
          -8.0814882
        ]
      },
      "properties": {
        "id": "13546546327",
        "name": "",
        "type": "bus_stop",
        "category": "transport",
        "subcategory": "bus_stop",
        "description": "13(26-27-28-29-31-32-34-36-37-59-78-8-81)"
      }
    },
    {
      "type": "Feature",
      "id": "13546545694",
      "geometry": {
        "type": "Point",
        "coordinates": [
          -79.0469599,
          -8.0819499
        ]
      },
      "properties": {
        "id": "13546545694",
        "name": "",
        "type": "bus_stop",
        "category": "transport",
        "subcategory": "bus_stop",
        "description": "4(27-29-31-8)"
      }
    },
    {
      "type": "Feature",
      "id": "13546545705",
      "geometry": {
        "type": "Point",
        "coordinates": [
          -79.0484127,
          -8.0807074
        ]
      },
      "properties": {
        "id": "13546545705",
        "name": "",
        "type": "bus_stop",
        "category": "transport",
        "subcategory": "bus_stop",
        "description": "2(27-8)"
      }
    },
    {
      "type": "Feature",
      "id": "13546545707",
      "geometry": {
        "type": "Point",
        "coordinates": [
          -79.0501607,
          -8.0808932
        ]
      },
      "properties": {
        "id": "13546545707",
        "name": "",
        "type": "bus_stop",
        "category": "transport",
        "subcategory": "bus_stop",
        "description": "4(27-29-31-8)"
      }
    },
    {
      "type": "Feature",
      "id": "13546545706",
      "geometry": {
        "type": "Point",
        "coordinates": [
          -79.0514801,
          -8.0779886
        ]
      },
      "properties": {
        "id": "13546545706",
        "name": "",
        "type": "bus_stop",
        "category": "transport",
        "subcategory": "bus_stop",
        "description": "4(27-29-31-8)"
      }
    },
    {
      "type": "Feature",
      "id": "13546545710",
      "geometry": {
        "type": "Point",
        "coordinates": [
          -79.0564347,
          -8.0742954
        ]
      },
      "properties": {
        "id": "13546545710",
        "name": "",
        "type": "bus_stop",
        "category": "transport",
        "subcategory": "bus_stop",
        "description": "2(78-8)"
      }
    },
    {
      "type": "Feature",
      "id": "13546545711",
      "geometry": {
        "type": "Point",
        "coordinates": [
          -79.0614775,
          -8.0731799
        ]
      },
      "properties": {
        "id": "13546545711",
        "name": "",
        "type": "bus_stop",
        "category": "transport",
        "subcategory": "bus_stop",
        "description": "1(8)"
      }
    },
    {
      "type": "Feature",
      "id": "13546546342",
      "geometry": {
        "type": "Point",
        "coordinates": [
          -79.0643917,
          -8.072148
        ]
      },
      "properties": {
        "id": "13546546342",
        "name": "",
        "type": "bus_stop",
        "category": "transport",
        "subcategory": "bus_stop",
        "description": "3(30-78-8)"
      }
    },
    {
      "type": "Feature",
      "id": "13546546343",
      "geometry": {
        "type": "Point",
        "coordinates": [
          -79.0648165,
          -8.0719676
        ]
      },
      "properties": {
        "id": "13546546343",
        "name": "",
        "type": "bus_stop",
        "category": "transport",
        "subcategory": "bus_stop",
        "description": "2(78-8)"
      }
    },
    {
      "type": "Feature",
      "id": "13546545690",
      "geometry": {
        "type": "Point",
        "coordinates": [
          -79.0670939,
          -8.0712093
        ]
      },
      "properties": {
        "id": "13546545690",
        "name": "",
        "type": "bus_stop",
        "category": "transport",
        "subcategory": "bus_stop",
        "description": "2(78-8)"
      }
    },
    {
      "type": "Feature",
      "id": "13546545687",
      "geometry": {
        "type": "Point",
        "coordinates": [
          -79.0726543,
          -8.0689544
        ]
      },
      "properties": {
        "id": "13546545687",
        "name": "",
        "type": "bus_stop",
        "category": "transport",
        "subcategory": "bus_stop",
        "description": "5(29-31-78-8-9)"
      }
    },
    {
      "type": "Feature",
      "id": "13546546324",
      "geometry": {
        "type": "Point",
        "coordinates": [
          -79.0715709,
          -8.0682187
        ]
      },
      "properties": {
        "id": "13546546324",
        "name": "",
        "type": "bus_stop",
        "category": "transport",
        "subcategory": "bus_stop",
        "description": "2(27-8)"
      }
    },
    {
      "type": "Feature",
      "id": "13546545635",
      "geometry": {
        "type": "Point",
        "coordinates": [
          -79.0565049,
          -8.0744018
        ]
      },
      "properties": {
        "id": "13546545635",
        "name": "",
        "type": "bus_stop",
        "category": "transport",
        "subcategory": "bus_stop",
        "description": "2(78-8)"
      }
    },
    {
      "type": "Feature",
      "id": "13546545617",
      "geometry": {
        "type": "Point",
        "coordinates": [
          -79.0514762,
          -8.0781728
        ]
      },
      "properties": {
        "id": "13546545617",
        "name": "",
        "type": "bus_stop",
        "category": "transport",
        "subcategory": "bus_stop",
        "description": "4(27-29-31-8)"
      }
    },
    {
      "type": "Feature",
      "id": "13546545616",
      "geometry": {
        "type": "Point",
        "coordinates": [
          -79.0501693,
          -8.0810635
        ]
      },
      "properties": {
        "id": "13546545616",
        "name": "",
        "type": "bus_stop",
        "category": "transport",
        "subcategory": "bus_stop",
        "description": "4(27-29-31-8)"
      }
    },
    {
      "type": "Feature",
      "id": "13546545108",
      "geometry": {
        "type": "Point",
        "coordinates": [
          -79.0405114,
          -8.0920105
        ]
      },
      "properties": {
        "id": "13546545108",
        "name": "",
        "type": "bus_stop",
        "category": "transport",
        "subcategory": "bus_stop",
        "description": "14(26-28-29-30-31-32-34-35-36-37-59-78-8-81)"
      }
    },
    {
      "type": "Feature",
      "id": "13546545107",
      "geometry": {
        "type": "Point",
        "coordinates": [
          -79.039575,
          -8.0941299
        ]
      },
      "properties": {
        "id": "13546545107",
        "name": "",
        "type": "bus_stop",
        "category": "transport",
        "subcategory": "bus_stop",
        "description": "14(26-28-29-30-31-32-34-35-36-37-59-78-8-81)"
      }
    },
    {
      "type": "Feature",
      "id": "13546546358",
      "geometry": {
        "type": "Point",
        "coordinates": [
          -79.0548493,
          -8.0628875
        ]
      },
      "properties": {
        "id": "13546546358",
        "name": "",
        "type": "bus_stop",
        "category": "transport",
        "subcategory": "bus_stop",
        "description": "1(9)"
      }
    },
    {
      "type": "Feature",
      "id": "13546546359",
      "geometry": {
        "type": "Point",
        "coordinates": [
          -79.057694,
          -8.0639917
        ]
      },
      "properties": {
        "id": "13546546359",
        "name": "",
        "type": "bus_stop",
        "category": "transport",
        "subcategory": "bus_stop",
        "description": "1(9)"
      }
    },
    {
      "type": "Feature",
      "id": "13546546341",
      "geometry": {
        "type": "Point",
        "coordinates": [
          -79.0636363,
          -8.0674504
        ]
      },
      "properties": {
        "id": "13546546341",
        "name": "",
        "type": "bus_stop",
        "category": "transport",
        "subcategory": "bus_stop",
        "description": "3(29-31-9)"
      }
    },
    {
      "type": "Feature",
      "id": "13546545685",
      "geometry": {
        "type": "Point",
        "coordinates": [
          -79.0668954,
          -8.0688891
        ]
      },
      "properties": {
        "id": "13546545685",
        "name": "",
        "type": "bus_stop",
        "category": "transport",
        "subcategory": "bus_stop",
        "description": "3(29-31-9)"
      }
    },
    {
      "type": "Feature",
      "id": "13546545750",
      "geometry": {
        "type": "Point",
        "coordinates": [
          -79.0754937,
          -8.0671724
        ]
      },
      "properties": {
        "id": "13546545750",
        "name": "",
        "type": "bus_stop",
        "category": "transport",
        "subcategory": "bus_stop",
        "description": "5(27-29-31-78-9)"
      }
    },
    {
      "type": "Feature",
      "id": "13546545749",
      "geometry": {
        "type": "Point",
        "coordinates": [
          -79.0784275,
          -8.0645043
        ]
      },
      "properties": {
        "id": "13546545749",
        "name": "",
        "type": "bus_stop",
        "category": "transport",
        "subcategory": "bus_stop",
        "description": "5(27-29-31-78-9)"
      }
    },
    {
      "type": "Feature",
      "id": "1098622819",
      "geometry": {
        "type": "Point",
        "coordinates": [
          -79.0830453,
          -8.0598135
        ]
      },
      "properties": {
        "id": "1098622819",
        "name": "Avenida los Tulipanes y Avenida los Cipreses",
        "type": "bus_stop",
        "category": "transport",
        "subcategory": "bus_stop",
        "description": "1(9)"
      }
    },
    {
      "type": "Feature",
      "id": "13546545683",
      "geometry": {
        "type": "Point",
        "coordinates": [
          -79.0812839,
          -8.0619237
        ]
      },
      "properties": {
        "id": "13546545683",
        "name": "",
        "type": "bus_stop",
        "category": "transport",
        "subcategory": "bus_stop",
        "description": "1(9)"
      }
    },
    {
      "type": "Feature",
      "id": "13546545712",
      "geometry": {
        "type": "Point",
        "coordinates": [
          -79.0604197,
          -8.0650031
        ]
      },
      "properties": {
        "id": "13546545712",
        "name": "",
        "type": "bus_stop",
        "category": "transport",
        "subcategory": "bus_stop",
        "description": "4(27-29-31-9)"
      }
    },
    {
      "type": "Feature",
      "id": "11030442249",
      "geometry": {
        "type": "Point",
        "coordinates": [
          -79.0706575,
          -8.0675812
        ]
      },
      "properties": {
        "id": "11030442249",
        "name": "Avenida el Sol",
        "type": "bus_stop",
        "category": "transport",
        "subcategory": "bus_stop",
        "description": "1(10)"
      }
    },
    {
      "type": "Feature",
      "id": "13546546024",
      "geometry": {
        "type": "Point",
        "coordinates": [
          -79.0196637,
          -8.1127858
        ]
      },
      "properties": {
        "id": "13546546024",
        "name": "",
        "type": "bus_stop",
        "category": "transport",
        "subcategory": "bus_stop",
        "description": "26(10-14-16-18-19-20-23-25-26-31-35-38-39-41-42-44-45-46-51-52-53-56-66-67-70-78)"
      }
    },
    {
      "type": "Feature",
      "id": "13546545217",
      "geometry": {
        "type": "Point",
        "coordinates": [
          -79.0176395,
          -8.1104764
        ]
      },
      "properties": {
        "id": "13546545217",
        "name": "",
        "type": "bus_stop",
        "category": "transport",
        "subcategory": "bus_stop",
        "description": "23(10-14-16-18-19-20-23-25-26-35-39-41-42-45-46-51-52-53-56-66-67-70-78)"
      }
    },
    {
      "type": "Feature",
      "id": "13546546020",
      "geometry": {
        "type": "Point",
        "coordinates": [
          -79.0154954,
          -8.1080185
        ]
      },
      "properties": {
        "id": "13546546020",
        "name": "",
        "type": "bus_stop",
        "category": "transport",
        "subcategory": "bus_stop",
        "description": "32(10-14-16-18-19-20-22-23-24-25-26-29-33-35-39-41-42-45-46-51-52-53-56-63-66-67-70-76-78-79-82-83)"
      }
    },
    {
      "type": "Feature",
      "id": "13546546022",
      "geometry": {
        "type": "Point",
        "coordinates": [
          -79.0138854,
          -8.1061501
        ]
      },
      "properties": {
        "id": "13546546022",
        "name": "",
        "type": "bus_stop",
        "category": "transport",
        "subcategory": "bus_stop",
        "description": "22(10-16-19-23-25-33-35-39-41-42-45-46-51-52-56-67-70-76-78-79-82-83)"
      }
    },
    {
      "type": "Feature",
      "id": "13546545218",
      "geometry": {
        "type": "Point",
        "coordinates": [
          -79.0120998,
          -8.1040441
        ]
      },
      "properties": {
        "id": "13546545218",
        "name": "",
        "type": "bus_stop",
        "category": "transport",
        "subcategory": "bus_stop",
        "description": "22(10-16-19-23-25-33-35-39-41-42-45-46-51-52-56-67-70-76-78-79-82-83)"
      }
    },
    {
      "type": "Feature",
      "id": "4743966724",
      "geometry": {
        "type": "Point",
        "coordinates": [
          -78.9469774,
          -8.0753594
        ]
      },
      "properties": {
        "id": "4743966724",
        "name": "Calle Virgen de la Puerta",
        "type": "bus_stop",
        "category": "transport",
        "subcategory": "bus_stop",
        "description": "1(12)"
      }
    },
    {
      "type": "Feature",
      "id": "13546546147",
      "geometry": {
        "type": "Point",
        "coordinates": [
          -78.9515476,
          -8.0815759
        ]
      },
      "properties": {
        "id": "13546546147",
        "name": "",
        "type": "bus_stop",
        "category": "transport",
        "subcategory": "bus_stop",
        "description": "2(12-50)"
      }
    },
    {
      "type": "Feature",
      "id": "13546545380",
      "geometry": {
        "type": "Point",
        "coordinates": [
          -78.9554472,
          -8.0823366
        ]
      },
      "properties": {
        "id": "13546545380",
        "name": "",
        "type": "bus_stop",
        "category": "transport",
        "subcategory": "bus_stop",
        "description": "1(12)"
      }
    },
    {
      "type": "Feature",
      "id": "13546546177",
      "geometry": {
        "type": "Point",
        "coordinates": [
          -78.9552859,
          -8.0868472
        ]
      },
      "properties": {
        "id": "13546546177",
        "name": "",
        "type": "bus_stop",
        "category": "transport",
        "subcategory": "bus_stop",
        "description": "8(12-50-51-60-61-73-75-77)"
      }
    },
    {
      "type": "Feature",
      "id": "13546546162",
      "geometry": {
        "type": "Point",
        "coordinates": [
          -78.9552554,
          -8.0867359
        ]
      },
      "properties": {
        "id": "13546546162",
        "name": "",
        "type": "bus_stop",
        "category": "transport",
        "subcategory": "bus_stop",
        "description": "6(12-60-61-73-75-77)"
      }
    },
    {
      "type": "Feature",
      "id": "13546546173",
      "geometry": {
        "type": "Point",
        "coordinates": [
          -78.9556018,
          -8.0883177
        ]
      },
      "properties": {
        "id": "13546546173",
        "name": "",
        "type": "bus_stop",
        "category": "transport",
        "subcategory": "bus_stop",
        "description": "7(12-51-60-61-73-75-77)"
      }
    },
    {
      "type": "Feature",
      "id": "13546546163",
      "geometry": {
        "type": "Point",
        "coordinates": [
          -78.9611012,
          -8.0916888
        ]
      },
      "properties": {
        "id": "13546546163",
        "name": "",
        "type": "bus_stop",
        "category": "transport",
        "subcategory": "bus_stop",
        "description": "7(12-51-60-61-73-75-77)"
      }
    },
    {
      "type": "Feature",
      "id": "13546546176",
      "geometry": {
        "type": "Point",
        "coordinates": [
          -78.9613551,
          -8.0916573
        ]
      },
      "properties": {
        "id": "13546546176",
        "name": "",
        "type": "bus_stop",
        "category": "transport",
        "subcategory": "bus_stop",
        "description": "7(12-51-60-61-73-75-77)"
      }
    },
    {
      "type": "Feature",
      "id": "13546546167",
      "geometry": {
        "type": "Point",
        "coordinates": [
          -78.9631954,
          -8.091179
        ]
      },
      "properties": {
        "id": "13546546167",
        "name": "",
        "type": "bus_stop",
        "category": "transport",
        "subcategory": "bus_stop",
        "description": "7(12-51-60-61-73-75-77)"
      }
    },
    {
      "type": "Feature",
      "id": "13546546144",
      "geometry": {
        "type": "Point",
        "coordinates": [
          -78.9632755,
          -8.0910913
        ]
      },
      "properties": {
        "id": "13546546144",
        "name": "",
        "type": "bus_stop",
        "category": "transport",
        "subcategory": "bus_stop",
        "description": "7(12-51-60-61-73-75-77)"
      }
    },
    {
      "type": "Feature",
      "id": "13546545376",
      "geometry": {
        "type": "Point",
        "coordinates": [
          -78.9650079,
          -8.0918744
        ]
      },
      "properties": {
        "id": "13546545376",
        "name": "",
        "type": "bus_stop",
        "category": "transport",
        "subcategory": "bus_stop",
        "description": "8(12-50-51-60-61-73-75-77)"
      }
    },
    {
      "type": "Feature",
      "id": "13546546131",
      "geometry": {
        "type": "Point",
        "coordinates": [
          -78.9672482,
          -8.0924662
        ]
      },
      "properties": {
        "id": "13546546131",
        "name": "",
        "type": "bus_stop",
        "category": "transport",
        "subcategory": "bus_stop",
        "description": "8(12-50-51-60-61-73-75-77)"
      }
    },
    {
      "type": "Feature",
      "id": "13546546152",
      "geometry": {
        "type": "Point",
        "coordinates": [
          -78.9782674,
          -8.0887469
        ]
      },
      "properties": {
        "id": "13546546152",
        "name": "",
        "type": "bus_stop",
        "category": "transport",
        "subcategory": "bus_stop",
        "description": "15(12-50-51-60-61-69-71-73-74-75-76-77-79-82-83)"
      }
    },
    {
      "type": "Feature",
      "id": "13546546171",
      "geometry": {
        "type": "Point",
        "coordinates": [
          -78.9810106,
          -8.0881079
        ]
      },
      "properties": {
        "id": "13546546171",
        "name": "",
        "type": "bus_stop",
        "category": "transport",
        "subcategory": "bus_stop",
        "description": "15(12-50-51-60-61-69-71-73-74-75-76-77-79-82-83)"
      }
    },
    {
      "type": "Feature",
      "id": "13546546155",
      "geometry": {
        "type": "Point",
        "coordinates": [
          -78.9846859,
          -8.0860585
        ]
      },
      "properties": {
        "id": "13546546155",
        "name": "",
        "type": "bus_stop",
        "category": "transport",
        "subcategory": "bus_stop",
        "description": "15(12-50-51-60-61-69-71-73-74-75-76-77-79-82-83)"
      }
    },
    {
      "type": "Feature",
      "id": "13546546158",
      "geometry": {
        "type": "Point",
        "coordinates": [
          -78.9890264,
          -8.0846371
        ]
      },
      "properties": {
        "id": "13546546158",
        "name": "",
        "type": "bus_stop",
        "category": "transport",
        "subcategory": "bus_stop",
        "description": "15(12-50-51-60-61-69-71-73-74-75-76-77-79-82-83)"
      }
    },
    {
      "type": "Feature",
      "id": "13546545375",
      "geometry": {
        "type": "Point",
        "coordinates": [
          -78.9912397,
          -8.0867526
        ]
      },
      "properties": {
        "id": "13546545375",
        "name": "",
        "type": "bus_stop",
        "category": "transport",
        "subcategory": "bus_stop",
        "description": "15(12-50-51-60-61-69-71-73-74-75-76-77-79-82-83)"
      }
    },
    {
      "type": "Feature",
      "id": "13546546216",
      "geometry": {
        "type": "Point",
        "coordinates": [
          -78.9940735,
          -8.088993
        ]
      },
      "properties": {
        "id": "13546546216",
        "name": "",
        "type": "bus_stop",
        "category": "transport",
        "subcategory": "bus_stop",
        "description": "16(12-50-51-52-60-61-69-71-73-74-75-76-77-79-82-83)"
      }
    },
    {
      "type": "Feature",
      "id": "13546545441",
      "geometry": {
        "type": "Point",
        "coordinates": [
          -78.9980693,
          -8.0879275
        ]
      },
      "properties": {
        "id": "13546545441",
        "name": "",
        "type": "bus_stop",
        "category": "transport",
        "subcategory": "bus_stop",
        "description": "15(12-50-51-60-61-69-71-73-74-75-76-77-79-82-83)"
      }
    },
    {
      "type": "Feature",
      "id": "13546545442",
      "geometry": {
        "type": "Point",
        "coordinates": [
          -79.0013652,
          -8.0869607
        ]
      },
      "properties": {
        "id": "13546545442",
        "name": "",
        "type": "bus_stop",
        "category": "transport",
        "subcategory": "bus_stop",
        "description": "16(12-50-51-55-60-61-69-71-73-74-75-76-77-79-82-83)"
      }
    },
    {
      "type": "Feature",
      "id": "13546535079",
      "geometry": {
        "type": "Point",
        "coordinates": [
          -79.0128603,
          -8.0896911
        ]
      },
      "properties": {
        "id": "13546535079",
        "name": "",
        "type": "bus_stop",
        "category": "transport",
        "subcategory": "bus_stop",
        "description": "8(12-14-25-36-40-47-58-72)"
      }
    },
    {
      "type": "Feature",
      "id": "13546545889",
      "geometry": {
        "type": "Point",
        "coordinates": [
          -79.014122,
          -8.0920361
        ]
      },
      "properties": {
        "id": "13546545889",
        "name": "",
        "type": "bus_stop",
        "category": "transport",
        "subcategory": "bus_stop",
        "description": "5(12-14-40-47-72)"
      }
    },
    {
      "type": "Feature",
      "id": "13546545888",
      "geometry": {
        "type": "Point",
        "coordinates": [
          -79.0153241,
          -8.0945759
        ]
      },
      "properties": {
        "id": "13546545888",
        "name": "",
        "type": "bus_stop",
        "category": "transport",
        "subcategory": "bus_stop",
        "description": "5(12-14-17-47-69)"
      }
    },
    {
      "type": "Feature",
      "id": "13546535078",
      "geometry": {
        "type": "Point",
        "coordinates": [
          -79.0162482,
          -8.0971487
        ]
      },
      "properties": {
        "id": "13546535078",
        "name": "",
        "type": "bus_stop",
        "category": "transport",
        "subcategory": "bus_stop",
        "description": "5(12-14-17-47-69)"
      }
    },
    {
      "type": "Feature",
      "id": "13546545875",
      "geometry": {
        "type": "Point",
        "coordinates": [
          -79.0183961,
          -8.1012946
        ]
      },
      "properties": {
        "id": "13546545875",
        "name": "",
        "type": "bus_stop",
        "category": "transport",
        "subcategory": "bus_stop",
        "description": "5(12-17-69-71-74)"
      }
    },
    {
      "type": "Feature",
      "id": "13546545873",
      "geometry": {
        "type": "Point",
        "coordinates": [
          -79.0196912,
          -8.1026522
        ]
      },
      "properties": {
        "id": "13546545873",
        "name": "",
        "type": "bus_stop",
        "category": "transport",
        "subcategory": "bus_stop",
        "description": "5(12-17-69-71-74)"
      }
    },
    {
      "type": "Feature",
      "id": "13546546066",
      "geometry": {
        "type": "Point",
        "coordinates": [
          -79.0225037,
          -8.1058026
        ]
      },
      "properties": {
        "id": "13546546066",
        "name": "",
        "type": "bus_stop",
        "category": "transport",
        "subcategory": "bus_stop",
        "description": "9(12-17-21-40-54-69-71-72-74)"
      }
    },
    {
      "type": "Feature",
      "id": "13546545929",
      "geometry": {
        "type": "Point",
        "coordinates": [
          -79.0292843,
          -8.1058793
        ]
      },
      "properties": {
        "id": "13546545929",
        "name": "",
        "type": "bus_stop",
        "category": "transport",
        "subcategory": "bus_stop",
        "description": "1(12)"
      }
    },
    {
      "type": "Feature",
      "id": "13546545112",
      "geometry": {
        "type": "Point",
        "coordinates": [
          -79.0250005,
          -8.1046834
        ]
      },
      "properties": {
        "id": "13546545112",
        "name": "",
        "type": "bus_stop",
        "category": "transport",
        "subcategory": "bus_stop",
        "description": "8(12-17-21-24-40-54-68-72)"
      }
    },
    {
      "type": "Feature",
      "id": "13546546034",
      "geometry": {
        "type": "Point",
        "coordinates": [
          -79.0197008,
          -8.1033285
        ]
      },
      "properties": {
        "id": "13546546034",
        "name": "",
        "type": "bus_stop",
        "category": "transport",
        "subcategory": "bus_stop",
        "description": "6(12-21-22-69-71-74)"
      }
    },
    {
      "type": "Feature",
      "id": "13546545874",
      "geometry": {
        "type": "Point",
        "coordinates": [
          -79.0183817,
          -8.1015623
        ]
      },
      "properties": {
        "id": "13546545874",
        "name": "",
        "type": "bus_stop",
        "category": "transport",
        "subcategory": "bus_stop",
        "description": "7(12-17-21-22-69-71-74)"
      }
    },
    {
      "type": "Feature",
      "id": "13546535059",
      "geometry": {
        "type": "Point",
        "coordinates": [
          -79.017093,
          -8.099926
        ]
      },
      "properties": {
        "id": "13546535059",
        "name": "",
        "type": "bus_stop",
        "category": "transport",
        "subcategory": "bus_stop",
        "description": "6(12-17-21-22-69-74)"
      }
    },
    {
      "type": "Feature",
      "id": "13546545890",
      "geometry": {
        "type": "Point",
        "coordinates": [
          -79.0138681,
          -8.0918551
        ]
      },
      "properties": {
        "id": "13546545890",
        "name": "",
        "type": "bus_stop",
        "category": "transport",
        "subcategory": "bus_stop",
        "description": "6(12-14-34-40-47-72)"
      }
    },
    {
      "type": "Feature",
      "id": "13546535080",
      "geometry": {
        "type": "Point",
        "coordinates": [
          -79.0125645,
          -8.0895518
        ]
      },
      "properties": {
        "id": "13546535080",
        "name": "",
        "type": "bus_stop",
        "category": "transport",
        "subcategory": "bus_stop",
        "description": "9(12-14-25-34-36-40-47-58-72)"
      }
    },
    {
      "type": "Feature",
      "id": "13546535084",
      "geometry": {
        "type": "Point",
        "coordinates": [
          -79.0050238,
          -8.0880252
        ]
      },
      "properties": {
        "id": "13546535084",
        "name": "",
        "type": "bus_stop",
        "category": "transport",
        "subcategory": "bus_stop",
        "description": "22(12-13-15-48-49-50-51-52-54-60-61-64-69-71-73-74-75-76-77-79-82-83)"
      }
    },
    {
      "type": "Feature",
      "id": "13546545433",
      "geometry": {
        "type": "Point",
        "coordinates": [
          -79.0013315,
          -8.0871914
        ]
      },
      "properties": {
        "id": "13546545433",
        "name": "",
        "type": "bus_stop",
        "category": "transport",
        "subcategory": "bus_stop",
        "description": "16(12-13-50-51-60-61-69-71-73-74-75-76-77-79-82-83)"
      }
    },
    {
      "type": "Feature",
      "id": "13546545434",
      "geometry": {
        "type": "Point",
        "coordinates": [
          -78.9981133,
          -8.0881309
        ]
      },
      "properties": {
        "id": "13546545434",
        "name": "",
        "type": "bus_stop",
        "category": "transport",
        "subcategory": "bus_stop",
        "description": "15(12-50-51-60-61-69-71-73-74-75-76-77-79-82-83)"
      }
    },
    {
      "type": "Feature",
      "id": "13546546212",
      "geometry": {
        "type": "Point",
        "coordinates": [
          -78.9941117,
          -8.0891372
        ]
      },
      "properties": {
        "id": "13546546212",
        "name": "",
        "type": "bus_stop",
        "category": "transport",
        "subcategory": "bus_stop",
        "description": "16(12-50-51-52-60-61-69-71-73-74-75-76-77-79-82-83)"
      }
    },
    {
      "type": "Feature",
      "id": "13546545367",
      "geometry": {
        "type": "Point",
        "coordinates": [
          -78.9910364,
          -8.0869308
        ]
      },
      "properties": {
        "id": "13546545367",
        "name": "",
        "type": "bus_stop",
        "category": "transport",
        "subcategory": "bus_stop",
        "description": "15(12-50-51-60-61-69-71-73-74-75-76-77-79-82-83)"
      }
    },
    {
      "type": "Feature",
      "id": "13546546157",
      "geometry": {
        "type": "Point",
        "coordinates": [
          -78.9889824,
          -8.0849172
        ]
      },
      "properties": {
        "id": "13546546157",
        "name": "",
        "type": "bus_stop",
        "category": "transport",
        "subcategory": "bus_stop",
        "description": "15(12-50-51-60-61-69-71-73-74-75-76-77-79-82-83)"
      }
    },
    {
      "type": "Feature",
      "id": "13546546160",
      "geometry": {
        "type": "Point",
        "coordinates": [
          -78.981161,
          -8.0881891
        ]
      },
      "properties": {
        "id": "13546546160",
        "name": "",
        "type": "bus_stop",
        "category": "transport",
        "subcategory": "bus_stop",
        "description": "15(12-50-51-60-61-69-71-73-74-75-76-77-79-82-83)"
      }
    },
    {
      "type": "Feature",
      "id": "13546546153",
      "geometry": {
        "type": "Point",
        "coordinates": [
          -78.9784444,
          -8.0889783
        ]
      },
      "properties": {
        "id": "13546546153",
        "name": "",
        "type": "bus_stop",
        "category": "transport",
        "subcategory": "bus_stop",
        "description": "15(12-50-51-60-61-69-71-73-74-75-76-77-79-82-83)"
      }
    },
    {
      "type": "Feature",
      "id": "13546545369",
      "geometry": {
        "type": "Point",
        "coordinates": [
          -78.9750568,
          -8.0903817
        ]
      },
      "properties": {
        "id": "13546545369",
        "name": "",
        "type": "bus_stop",
        "category": "transport",
        "subcategory": "bus_stop",
        "description": "15(12-50-51-60-61-69-71-73-74-75-76-77-79-82-83)"
      }
    },
    {
      "type": "Feature",
      "id": "13546546150",
      "geometry": {
        "type": "Point",
        "coordinates": [
          -78.9681419,
          -8.0924901
        ]
      },
      "properties": {
        "id": "13546546150",
        "name": "",
        "type": "bus_stop",
        "category": "transport",
        "subcategory": "bus_stop",
        "description": "15(12-50-51-60-61-69-71-73-74-75-76-77-79-82-83)"
      }
    },
    {
      "type": "Feature",
      "id": "13546546130",
      "geometry": {
        "type": "Point",
        "coordinates": [
          -78.9672582,
          -8.0927534
        ]
      },
      "properties": {
        "id": "13546546130",
        "name": "",
        "type": "bus_stop",
        "category": "transport",
        "subcategory": "bus_stop",
        "description": "8(12-50-51-60-61-73-75-77)"
      }
    },
    {
      "type": "Feature",
      "id": "13546545371",
      "geometry": {
        "type": "Point",
        "coordinates": [
          -78.9647742,
          -8.0918651
        ]
      },
      "properties": {
        "id": "13546545371",
        "name": "",
        "type": "bus_stop",
        "category": "transport",
        "subcategory": "bus_stop",
        "description": "8(12-50-51-60-61-73-75-77)"
      }
    },
    {
      "type": "Feature",
      "id": "13546545374",
      "geometry": {
        "type": "Point",
        "coordinates": [
          -78.9566525,
          -8.0895382
        ]
      },
      "properties": {
        "id": "13546545374",
        "name": "",
        "type": "bus_stop",
        "category": "transport",
        "subcategory": "bus_stop",
        "description": "2(12-51)"
      }
    },
    {
      "type": "Feature",
      "id": "13546546161",
      "geometry": {
        "type": "Point",
        "coordinates": [
          -78.9554197,
          -8.0882486
        ]
      },
      "properties": {
        "id": "13546546161",
        "name": "",
        "type": "bus_stop",
        "category": "transport",
        "subcategory": "bus_stop",
        "description": "7(12-51-60-61-73-75-77)"
      }
    },
    {
      "type": "Feature",
      "id": "13546545368",
      "geometry": {
        "type": "Point",
        "coordinates": [
          -78.9553352,
          -8.0823828
        ]
      },
      "properties": {
        "id": "13546545368",
        "name": "",
        "type": "bus_stop",
        "category": "transport",
        "subcategory": "bus_stop",
        "description": "1(12)"
      }
    },
    {
      "type": "Feature",
      "id": "13546545372",
      "geometry": {
        "type": "Point",
        "coordinates": [
          -78.9527258,
          -8.0833038
        ]
      },
      "properties": {
        "id": "13546545372",
        "name": "",
        "type": "bus_stop",
        "category": "transport",
        "subcategory": "bus_stop",
        "description": "1(12)"
      }
    },
    {
      "type": "Feature",
      "id": "13546546164",
      "geometry": {
        "type": "Point",
        "coordinates": [
          -78.950695,
          -8.0798557
        ]
      },
      "properties": {
        "id": "13546546164",
        "name": "",
        "type": "bus_stop",
        "category": "transport",
        "subcategory": "bus_stop",
        "description": "1(12)"
      }
    },
    {
      "type": "Feature",
      "id": "13546545373",
      "geometry": {
        "type": "Point",
        "coordinates": [
          -78.949614,
          -8.0777548
        ]
      },
      "properties": {
        "id": "13546545373",
        "name": "",
        "type": "bus_stop",
        "category": "transport",
        "subcategory": "bus_stop",
        "description": "1(12)"
      }
    },
    {
      "type": "Feature",
      "id": "13546546172",
      "geometry": {
        "type": "Point",
        "coordinates": [
          -78.9482263,
          -8.0758886
        ]
      },
      "properties": {
        "id": "13546546172",
        "name": "",
        "type": "bus_stop",
        "category": "transport",
        "subcategory": "bus_stop",
        "description": "1(12)"
      }
    },
    {
      "type": "Feature",
      "id": "1098625858",
      "geometry": {
        "type": "Point",
        "coordinates": [
          -78.9911182,
          -8.0638086
        ]
      },
      "properties": {
        "id": "1098625858",
        "name": "Calle Luis Alberto Sanchez",
        "type": "bus_stop",
        "category": "transport",
        "subcategory": "bus_stop",
        "description": "3(13-55-56)"
      }
    },
    {
      "type": "Feature",
      "id": "13546545414",
      "geometry": {
        "type": "Point",
        "coordinates": [
          -78.9903686,
          -8.0640607
        ]
      },
      "properties": {
        "id": "13546545414",
        "name": "",
        "type": "bus_stop",
        "category": "transport",
        "subcategory": "bus_stop",
        "description": "3(13-55-56)"
      }
    },
    {
      "type": "Feature",
      "id": "13546546215",
      "geometry": {
        "type": "Point",
        "coordinates": [
          -78.9887117,
          -8.0657022
        ]
      },
      "properties": {
        "id": "13546546215",
        "name": "",
        "type": "bus_stop",
        "category": "transport",
        "subcategory": "bus_stop",
        "description": "3(13-55-56)"
      }
    },
    {
      "type": "Feature",
      "id": "13546545437",
      "geometry": {
        "type": "Point",
        "coordinates": [
          -78.9859549,
          -8.06669
        ]
      },
      "properties": {
        "id": "13546545437",
        "name": "",
        "type": "bus_stop",
        "category": "transport",
        "subcategory": "bus_stop",
        "description": "3(13-55-56)"
      }
    },
    {
      "type": "Feature",
      "id": "13546546204",
      "geometry": {
        "type": "Point",
        "coordinates": [
          -78.9885965,
          -8.0703517
        ]
      },
      "properties": {
        "id": "13546546204",
        "name": "",
        "type": "bus_stop",
        "category": "transport",
        "subcategory": "bus_stop",
        "description": "4(13-54-55-56)"
      }
    },
    {
      "type": "Feature",
      "id": "13546546219",
      "geometry": {
        "type": "Point",
        "coordinates": [
          -78.9922652,
          -8.0711607
        ]
      },
      "properties": {
        "id": "13546546219",
        "name": "",
        "type": "bus_stop",
        "category": "transport",
        "subcategory": "bus_stop",
        "description": "2(13-55)"
      }
    },
    {
      "type": "Feature",
      "id": "13546545427",
      "geometry": {
        "type": "Point",
        "coordinates": [
          -78.9941149,
          -8.0721004
        ]
      },
      "properties": {
        "id": "13546545427",
        "name": "",
        "type": "bus_stop",
        "category": "transport",
        "subcategory": "bus_stop",
        "description": "3(13-55-56)"
      }
    },
    {
      "type": "Feature",
      "id": "13546545426",
      "geometry": {
        "type": "Point",
        "coordinates": [
          -78.9950369,
          -8.0744037
        ]
      },
      "properties": {
        "id": "13546545426",
        "name": "",
        "type": "bus_stop",
        "category": "transport",
        "subcategory": "bus_stop",
        "description": "3(13-55-56)"
      }
    },
    {
      "type": "Feature",
      "id": "13546545425",
      "geometry": {
        "type": "Point",
        "coordinates": [
          -78.9961574,
          -8.0772027
        ]
      },
      "properties": {
        "id": "13546545425",
        "name": "",
        "type": "bus_stop",
        "category": "transport",
        "subcategory": "bus_stop",
        "description": "3(13-55-56)"
      }
    },
    {
      "type": "Feature",
      "id": "13546545480",
      "geometry": {
        "type": "Point",
        "coordinates": [
          -78.9942742,
          -8.0787205
        ]
      },
      "properties": {
        "id": "13546545480",
        "name": "",
        "type": "bus_stop",
        "category": "transport",
        "subcategory": "bus_stop",
        "description": "2(13-56)"
      }
    },
    {
      "type": "Feature",
      "id": "13546546208",
      "geometry": {
        "type": "Point",
        "coordinates": [
          -78.9937284,
          -8.0799968
        ]
      },
      "properties": {
        "id": "13546546208",
        "name": "",
        "type": "bus_stop",
        "category": "transport",
        "subcategory": "bus_stop",
        "description": "1(13)"
      }
    },
    {
      "type": "Feature",
      "id": "13546546135",
      "geometry": {
        "type": "Point",
        "coordinates": [
          -78.9927396,
          -8.0827218
        ]
      },
      "properties": {
        "id": "13546546135",
        "name": "",
        "type": "bus_stop",
        "category": "transport",
        "subcategory": "bus_stop",
        "description": "2(13-35)"
      }
    },
    {
      "type": "Feature",
      "id": "13546546230",
      "geometry": {
        "type": "Point",
        "coordinates": [
          -78.9928229,
          -8.0829353
        ]
      },
      "properties": {
        "id": "13546546230",
        "name": "",
        "type": "bus_stop",
        "category": "transport",
        "subcategory": "bus_stop",
        "description": "1(13)"
      }
    },
    {
      "type": "Feature",
      "id": "13546545355",
      "geometry": {
        "type": "Point",
        "coordinates": [
          -78.9918826,
          -8.0868701
        ]
      },
      "properties": {
        "id": "13546545355",
        "name": "",
        "type": "bus_stop",
        "category": "transport",
        "subcategory": "bus_stop",
        "description": "1(13)"
      }
    },
    {
      "type": "Feature",
      "id": "13546546012",
      "geometry": {
        "type": "Point",
        "coordinates": [
          -78.9997599,
          -8.0890569
        ]
      },
      "properties": {
        "id": "13546546012",
        "name": "",
        "type": "bus_stop",
        "category": "transport",
        "subcategory": "bus_stop",
        "description": "6(13-16-33-56-62-80)"
      }
    },
    {
      "type": "Feature",
      "id": "13546545213",
      "geometry": {
        "type": "Point",
        "coordinates": [
          -79.0027888,
          -8.0908633
        ]
      },
      "properties": {
        "id": "13546545213",
        "name": "",
        "type": "bus_stop",
        "category": "transport",
        "subcategory": "bus_stop",
        "description": "6(13-16-33-56-62-80)"
      }
    },
    {
      "type": "Feature",
      "id": "13546545212",
      "geometry": {
        "type": "Point",
        "coordinates": [
          -79.0038956,
          -8.0925258
        ]
      },
      "properties": {
        "id": "13546545212",
        "name": "",
        "type": "bus_stop",
        "category": "transport",
        "subcategory": "bus_stop",
        "description": "7(13-16-33-51-56-62-80)"
      }
    },
    {
      "type": "Feature",
      "id": "13546546015",
      "geometry": {
        "type": "Point",
        "coordinates": [
          -79.0055367,
          -8.0959599
        ]
      },
      "properties": {
        "id": "13546546015",
        "name": "",
        "type": "bus_stop",
        "category": "transport",
        "subcategory": "bus_stop",
        "description": "8(13-16-33-51-52-56-62-80)"
      }
    },
    {
      "type": "Feature",
      "id": "316254453",
      "geometry": {
        "type": "Point",
        "coordinates": [
          -79.038706,
          -8.124188
        ]
      },
      "properties": {
        "id": "316254453",
        "name": "Óvalo Larco y Avenida Victor Larco Herrera",
        "type": "bus_stop",
        "category": "transport",
        "subcategory": "bus_stop",
        "description": "1(13)"
      }
    },
    {
      "type": "Feature",
      "id": "1098617000",
      "geometry": {
        "type": "Point",
        "coordinates": [
          -79.0705632,
          -8.047702
        ]
      },
      "properties": {
        "id": "1098617000",
        "name": "Jirón Brasil",
        "type": "bus_stop",
        "category": "transport",
        "subcategory": "bus_stop",
        "description": "1(14)"
      }
    },
    {
      "type": "Feature",
      "id": "13546545781",
      "geometry": {
        "type": "Point",
        "coordinates": [
          -79.0704958,
          -8.0490054
        ]
      },
      "properties": {
        "id": "13546545781",
        "name": "",
        "type": "bus_stop",
        "category": "transport",
        "subcategory": "bus_stop",
        "description": "3(14-78-81)"
      }
    },
    {
      "type": "Feature",
      "id": "13546545770",
      "geometry": {
        "type": "Point",
        "coordinates": [
          -79.0727634,
          -8.0509744
        ]
      },
      "properties": {
        "id": "13546545770",
        "name": "",
        "type": "bus_stop",
        "category": "transport",
        "subcategory": "bus_stop",
        "description": "3(14-78-81)"
      }
    },
    {
      "type": "Feature",
      "id": "13546545761",
      "geometry": {
        "type": "Point",
        "coordinates": [
          -79.0710316,
          -8.0510125
        ]
      },
      "properties": {
        "id": "13546545761",
        "name": "",
        "type": "bus_stop",
        "category": "transport",
        "subcategory": "bus_stop",
        "description": "1(14)"
      }
    },
    {
      "type": "Feature",
      "id": "13546545759",
      "geometry": {
        "type": "Point",
        "coordinates": [
          -79.0688696,
          -8.0491648
        ]
      },
      "properties": {
        "id": "13546545759",
        "name": "",
        "type": "bus_stop",
        "category": "transport",
        "subcategory": "bus_stop",
        "description": "1(14)"
      }
    },
    {
      "type": "Feature",
      "id": "13546546370",
      "geometry": {
        "type": "Point",
        "coordinates": [
          -79.0658456,
          -8.0488078
        ]
      },
      "properties": {
        "id": "13546546370",
        "name": "",
        "type": "bus_stop",
        "category": "transport",
        "subcategory": "bus_stop",
        "description": "4(14-59-78-81)"
      }
    },
    {
      "type": "Feature",
      "id": "13546546369",
      "geometry": {
        "type": "Point",
        "coordinates": [
          -79.0609876,
          -8.0512635
        ]
      },
      "properties": {
        "id": "13546546369",
        "name": "",
        "type": "bus_stop",
        "category": "transport",
        "subcategory": "bus_stop",
        "description": "5(14-32-59-78-81)"
      }
    },
    {
      "type": "Feature",
      "id": "13546545753",
      "geometry": {
        "type": "Point",
        "coordinates": [
          -79.0587036,
          -8.0525261
        ]
      },
      "properties": {
        "id": "13546545753",
        "name": "",
        "type": "bus_stop",
        "category": "transport",
        "subcategory": "bus_stop",
        "description": "6(14-27-32-59-78-81)"
      }
    },
    {
      "type": "Feature",
      "id": "13546545679",
      "geometry": {
        "type": "Point",
        "coordinates": [
          -79.0558007,
          -8.0539729
        ]
      },
      "properties": {
        "id": "13546545679",
        "name": "",
        "type": "bus_stop",
        "category": "transport",
        "subcategory": "bus_stop",
        "description": "6(14-27-32-59-78-81)"
      }
    },
    {
      "type": "Feature",
      "id": "13546546363",
      "geometry": {
        "type": "Point",
        "coordinates": [
          -79.0492706,
          -8.0625638
        ]
      },
      "properties": {
        "id": "13546546363",
        "name": "",
        "type": "bus_stop",
        "category": "transport",
        "subcategory": "bus_stop",
        "description": "1(14)"
      }
    },
    {
      "type": "Feature",
      "id": "13546546316",
      "geometry": {
        "type": "Point",
        "coordinates": [
          -79.0491893,
          -8.0627464
        ]
      },
      "properties": {
        "id": "13546546316",
        "name": "",
        "type": "bus_stop",
        "category": "transport",
        "subcategory": "bus_stop",
        "description": "1(14)"
      }
    },
    {
      "type": "Feature",
      "id": "13546545719",
      "geometry": {
        "type": "Point",
        "coordinates": [
          -79.0484622,
          -8.0654313
        ]
      },
      "properties": {
        "id": "13546545719",
        "name": "",
        "type": "bus_stop",
        "category": "transport",
        "subcategory": "bus_stop",
        "description": "1(14)"
      }
    },
    {
      "type": "Feature",
      "id": "13546545624",
      "geometry": {
        "type": "Point",
        "coordinates": [
          -79.0469714,
          -8.0684346
        ]
      },
      "properties": {
        "id": "13546545624",
        "name": "",
        "type": "bus_stop",
        "category": "transport",
        "subcategory": "bus_stop",
        "description": "1(14)"
      }
    },
    {
      "type": "Feature",
      "id": "13546545623",
      "geometry": {
        "type": "Point",
        "coordinates": [
          -79.0445185,
          -8.0728895
        ]
      },
      "properties": {
        "id": "13546545623",
        "name": "",
        "type": "bus_stop",
        "category": "transport",
        "subcategory": "bus_stop",
        "description": "1(14)"
      }
    },
    {
      "type": "Feature",
      "id": "13546545622",
      "geometry": {
        "type": "Point",
        "coordinates": [
          -79.0419606,
          -8.0775935
        ]
      },
      "properties": {
        "id": "13546545622",
        "name": "",
        "type": "bus_stop",
        "category": "transport",
        "subcategory": "bus_stop",
        "description": "1(14)"
      }
    },
    {
      "type": "Feature",
      "id": "13546545731",
      "geometry": {
        "type": "Point",
        "coordinates": [
          -79.0418937,
          -8.0778052
        ]
      },
      "properties": {
        "id": "13546545731",
        "name": "",
        "type": "bus_stop",
        "category": "transport",
        "subcategory": "bus_stop",
        "description": "1(14)"
      }
    },
    {
      "type": "Feature",
      "id": "13546545642",
      "geometry": {
        "type": "Point",
        "coordinates": [
          -79.0418507,
          -8.0807456
        ]
      },
      "properties": {
        "id": "13546545642",
        "name": "",
        "type": "bus_stop",
        "category": "transport",
        "subcategory": "bus_stop",
        "description": "1(14)"
      }
    },
    {
      "type": "Feature",
      "id": "13546545677",
      "geometry": {
        "type": "Point",
        "coordinates": [
          -79.0400441,
          -8.0818227
        ]
      },
      "properties": {
        "id": "13546545677",
        "name": "",
        "type": "bus_stop",
        "category": "transport",
        "subcategory": "bus_stop",
        "description": "2(14-58)"
      }
    },
    {
      "type": "Feature",
      "id": "13546545663",
      "geometry": {
        "type": "Point",
        "coordinates": [
          -79.0369042,
          -8.0806425
        ]
      },
      "properties": {
        "id": "13546545663",
        "name": "",
        "type": "bus_stop",
        "category": "transport",
        "subcategory": "bus_stop",
        "description": "4(14-20-24-53)"
      }
    },
    {
      "type": "Feature",
      "id": "13546545661",
      "geometry": {
        "type": "Point",
        "coordinates": [
          -79.0335426,
          -8.0865085
        ]
      },
      "properties": {
        "id": "13546545661",
        "name": "",
        "type": "bus_stop",
        "category": "transport",
        "subcategory": "bus_stop",
        "description": "4(14-20-24-53)"
      }
    },
    {
      "type": "Feature",
      "id": "13546545574",
      "geometry": {
        "type": "Point",
        "coordinates": [
          -79.0300744,
          -8.0876268
        ]
      },
      "properties": {
        "id": "13546545574",
        "name": "",
        "type": "bus_stop",
        "category": "transport",
        "subcategory": "bus_stop",
        "description": "5(14-20-24-53-58)"
      }
    },
    {
      "type": "Feature",
      "id": "13546545586",
      "geometry": {
        "type": "Point",
        "coordinates": [
          -79.0263612,
          -8.0872923
        ]
      },
      "properties": {
        "id": "13546545586",
        "name": "",
        "type": "bus_stop",
        "category": "transport",
        "subcategory": "bus_stop",
        "description": "5(14-20-24-53-58)"
      }
    },
    {
      "type": "Feature",
      "id": "13546545585",
      "geometry": {
        "type": "Point",
        "coordinates": [
          -79.0227141,
          -8.0868668
        ]
      },
      "properties": {
        "id": "13546545585",
        "name": "",
        "type": "bus_stop",
        "category": "transport",
        "subcategory": "bus_stop",
        "description": "12(14-23-24-25-41-42-43-45-58-62-67-84)"
      }
    },
    {
      "type": "Feature",
      "id": "13546545584",
      "geometry": {
        "type": "Point",
        "coordinates": [
          -79.0200443,
          -8.08641
        ]
      },
      "properties": {
        "id": "13546545584",
        "name": "",
        "type": "bus_stop",
        "category": "transport",
        "subcategory": "bus_stop",
        "description": "8(14-23-24-25-43-58-62-84)"
      }
    },
    {
      "type": "Feature",
      "id": "13546545587",
      "geometry": {
        "type": "Point",
        "coordinates": [
          -79.0166589,
          -8.0858925
        ]
      },
      "properties": {
        "id": "13546545587",
        "name": "",
        "type": "bus_stop",
        "category": "transport",
        "subcategory": "bus_stop",
        "description": "9(14-21-22-24-25-34-36-58-62)"
      }
    },
    {
      "type": "Feature",
      "id": "13546545468",
      "geometry": {
        "type": "Point",
        "coordinates": [
          -79.0122007,
          -8.0855788
        ]
      },
      "properties": {
        "id": "13546545468",
        "name": "",
        "type": "bus_stop",
        "category": "transport",
        "subcategory": "bus_stop",
        "description": "6(14-25-34-36-58-62)"
      }
    },
    {
      "type": "Feature",
      "id": "13546535081",
      "geometry": {
        "type": "Point",
        "coordinates": [
          -79.0113096,
          -8.0868279
        ]
      },
      "properties": {
        "id": "13546535081",
        "name": "",
        "type": "bus_stop",
        "category": "transport",
        "subcategory": "bus_stop",
        "description": "8(14-25-34-36-40-47-58-72)"
      }
    },
    {
      "type": "Feature",
      "id": "13546535098",
      "geometry": {
        "type": "Point",
        "coordinates": [
          -79.0153155,
          -8.1005072
        ]
      },
      "properties": {
        "id": "13546535098",
        "name": "",
        "type": "bus_stop",
        "category": "transport",
        "subcategory": "bus_stop",
        "description": "26(14-15-20-22-34-36-40-48-50-52-53-55-60-61-64-69-71-72-73-74-75-76-77-79-82-83)"
      }
    },
    {
      "type": "Feature",
      "id": "13546545902",
      "geometry": {
        "type": "Point",
        "coordinates": [
          -79.017311,
          -8.1023748
        ]
      },
      "properties": {
        "id": "13546545902",
        "name": "",
        "type": "bus_stop",
        "category": "transport",
        "subcategory": "bus_stop",
        "description": "26(14-15-20-22-34-36-40-48-50-52-53-55-60-61-64-69-71-72-73-74-75-76-77-79-82-83)"
      }
    },
    {
      "type": "Feature",
      "id": "13546535099",
      "geometry": {
        "type": "Point",
        "coordinates": [
          -79.0193401,
          -8.1042749
        ]
      },
      "properties": {
        "id": "13546535099",
        "name": "",
        "type": "bus_stop",
        "category": "transport",
        "subcategory": "bus_stop",
        "description": "31(14-15-18-20-22-24-26-29-34-36-40-48-50-52-53-55-60-61-63-64-69-71-72-73-74-75-76-77-79-82-83)"
      }
    },
    {
      "type": "Feature",
      "id": "13546545905",
      "geometry": {
        "type": "Point",
        "coordinates": [
          -79.0213554,
          -8.1062447
        ]
      },
      "properties": {
        "id": "13546545905",
        "name": "",
        "type": "bus_stop",
        "category": "transport",
        "subcategory": "bus_stop",
        "description": "31(14-15-18-20-22-24-26-29-34-36-40-48-50-52-53-55-60-61-63-64-69-71-72-73-74-75-76-77-79-82-83)"
      }
    },
    {
      "type": "Feature",
      "id": "5099494791",
      "geometry": {
        "type": "Point",
        "coordinates": [
          -79.02188,
          -8.1080252
        ]
      },
      "properties": {
        "id": "5099494791",
        "name": "Jirón Unión",
        "type": "bus_stop",
        "category": "transport",
        "subcategory": "bus_stop",
        "description": "17(14-15-18-20-22-24-26-29-33-34-48-50-52-53-60-75-77)"
      }
    },
    {
      "type": "Feature",
      "id": "13546545943",
      "geometry": {
        "type": "Point",
        "coordinates": [
          -79.0212133,
          -8.1078563
        ]
      },
      "properties": {
        "id": "13546545943",
        "name": "",
        "type": "bus_stop",
        "category": "transport",
        "subcategory": "bus_stop",
        "description": "26(13-14-15-18-20-22-24-26-29-33-34-36-48-49-50-52-53-60-61-63-69-71-73-74-75-77)"
      }
    },
    {
      "type": "Feature",
      "id": "13546545146",
      "geometry": {
        "type": "Point",
        "coordinates": [
          -79.0187745,
          -8.1058153
        ]
      },
      "properties": {
        "id": "13546545146",
        "name": "",
        "type": "bus_stop",
        "category": "transport",
        "subcategory": "bus_stop",
        "description": "19(13-14-18-20-22-24-26-29-33-49-50-52-53-60-61-63-73-75-77)"
      }
    },
    {
      "type": "Feature",
      "id": "13546545161",
      "geometry": {
        "type": "Point",
        "coordinates": [
          -79.0171172,
          -8.1064512
        ]
      },
      "properties": {
        "id": "13546545161",
        "name": "",
        "type": "bus_stop",
        "category": "transport",
        "subcategory": "bus_stop",
        "description": "10(14-18-20-22-24-26-29-33-53-63)"
      }
    },
    {
      "type": "Feature",
      "id": "13546546019",
      "geometry": {
        "type": "Point",
        "coordinates": [
          -79.0156336,
          -8.1079156
        ]
      },
      "properties": {
        "id": "13546546019",
        "name": "",
        "type": "bus_stop",
        "category": "transport",
        "subcategory": "bus_stop",
        "description": "27(14-16-18-19-20-22-23-24-25-26-29-31-33-39-41-42-45-51-52-53-54-56-62-63-66-67-70)"
      }
    },
    {
      "type": "Feature",
      "id": "13546546016",
      "geometry": {
        "type": "Point",
        "coordinates": [
          -79.0181023,
          -8.1106886
        ]
      },
      "properties": {
        "id": "13546546016",
        "name": "",
        "type": "bus_stop",
        "category": "transport",
        "subcategory": "bus_stop",
        "description": "22(14-16-18-19-20-23-25-26-31-33-39-41-42-45-51-52-53-54-56-66-67-70)"
      }
    },
    {
      "type": "Feature",
      "id": "13546545962",
      "geometry": {
        "type": "Point",
        "coordinates": [
          -79.0201808,
          -8.1130933
        ]
      },
      "properties": {
        "id": "13546545962",
        "name": "",
        "type": "bus_stop",
        "category": "transport",
        "subcategory": "bus_stop",
        "description": "21(14-16-18-19-20-23-25-26-31-39-41-42-45-51-52-53-54-56-66-67-70)"
      }
    },
    {
      "type": "Feature",
      "id": "13546545945",
      "geometry": {
        "type": "Point",
        "coordinates": [
          -79.0264409,
          -8.1195518
        ]
      },
      "properties": {
        "id": "13546545945",
        "name": "",
        "type": "bus_stop",
        "category": "transport",
        "subcategory": "bus_stop",
        "description": "9(14-17-23-28-47-52-54-64-84)"
      }
    },
    {
      "type": "Feature",
      "id": "13546545947",
      "geometry": {
        "type": "Point",
        "coordinates": [
          -79.033657,
          -8.1117328
        ]
      },
      "properties": {
        "id": "13546545947",
        "name": "",
        "type": "bus_stop",
        "category": "transport",
        "subcategory": "bus_stop",
        "description": "7(13-14-17-24-4-57-58)"
      }
    },
    {
      "type": "Feature",
      "id": "13546545960",
      "geometry": {
        "type": "Point",
        "coordinates": [
          -79.0366373,
          -8.1109036
        ]
      },
      "properties": {
        "id": "13546545960",
        "name": "",
        "type": "bus_stop",
        "category": "transport",
        "subcategory": "bus_stop",
        "description": "12(14-16-17-20-24-3-40-53-61-62-72-75)"
      }
    },
    {
      "type": "Feature",
      "id": "13546545958",
      "geometry": {
        "type": "Point",
        "coordinates": [
          -79.0413452,
          -8.1086167
        ]
      },
      "properties": {
        "id": "13546545958",
        "name": "",
        "type": "bus_stop",
        "category": "transport",
        "subcategory": "bus_stop",
        "description": "6(14-16-20-24-3-53)"
      }
    },
    {
      "type": "Feature",
      "id": "13546545157",
      "geometry": {
        "type": "Point",
        "coordinates": [
          -79.0435754,
          -8.1078204
        ]
      },
      "properties": {
        "id": "13546545157",
        "name": "",
        "type": "bus_stop",
        "category": "transport",
        "subcategory": "bus_stop",
        "description": "3(14-16-3)"
      }
    },
    {
      "type": "Feature",
      "id": "13546545205",
      "geometry": {
        "type": "Point",
        "coordinates": [
          -79.0470569,
          -8.1118344
        ]
      },
      "properties": {
        "id": "13546545205",
        "name": "",
        "type": "bus_stop",
        "category": "transport",
        "subcategory": "bus_stop",
        "description": "1(14)"
      }
    },
    {
      "type": "Feature",
      "id": "1098595837",
      "geometry": {
        "type": "Point",
        "coordinates": [
          -79.0461236,
          -8.1133038
        ]
      },
      "properties": {
        "id": "1098595837",
        "name": "Calle 3 y Calle 8",
        "type": "bus_stop",
        "category": "transport",
        "subcategory": "bus_stop",
        "description": "1(14)"
      }
    },
    {
      "type": "Feature",
      "id": "13546546003",
      "geometry": {
        "type": "Point",
        "coordinates": [
          -79.0449609,
          -8.1118251
        ]
      },
      "properties": {
        "id": "13546546003",
        "name": "",
        "type": "bus_stop",
        "category": "transport",
        "subcategory": "bus_stop",
        "description": "4(14-15-16-80)"
      }
    },
    {
      "type": "Feature",
      "id": "13546545203",
      "geometry": {
        "type": "Point",
        "coordinates": [
          -79.0439278,
          -8.1080865
        ]
      },
      "properties": {
        "id": "13546545203",
        "name": "",
        "type": "bus_stop",
        "category": "transport",
        "subcategory": "bus_stop",
        "description": "3(14-15-80)"
      }
    },
    {
      "type": "Feature",
      "id": "13546545922",
      "geometry": {
        "type": "Point",
        "coordinates": [
          -79.0234629,
          -8.1224238
        ]
      },
      "properties": {
        "id": "13546545922",
        "name": "",
        "type": "bus_stop",
        "category": "transport",
        "subcategory": "bus_stop",
        "description": "16(14-17-18-19-22-3-40-41-46-52-60-61-72-73-77-78)"
      }
    },
    {
      "type": "Feature",
      "id": "13546535077",
      "geometry": {
        "type": "Point",
        "coordinates": [
          -79.0176218,
          -8.1049147
        ]
      },
      "properties": {
        "id": "13546535077",
        "name": "",
        "type": "bus_stop",
        "category": "transport",
        "subcategory": "bus_stop",
        "description": "9(14-18-20-22-24-26-29-53-63)"
      }
    },
    {
      "type": "Feature",
      "id": "13546545904",
      "geometry": {
        "type": "Point",
        "coordinates": [
          -79.0194718,
          -8.1047149
        ]
      },
      "properties": {
        "id": "13546545904",
        "name": "",
        "type": "bus_stop",
        "category": "transport",
        "subcategory": "bus_stop",
        "description": "13(14-15-20-34-36-40-48-53-64-69-71-72-74)"
      }
    },
    {
      "type": "Feature",
      "id": "13546545903",
      "geometry": {
        "type": "Point",
        "coordinates": [
          -79.0176466,
          -8.1029616
        ]
      },
      "properties": {
        "id": "13546545903",
        "name": "",
        "type": "bus_stop",
        "category": "transport",
        "subcategory": "bus_stop",
        "description": "10(14-15-20-34-36-40-48-53-64-72)"
      }
    },
    {
      "type": "Feature",
      "id": "13546545901",
      "geometry": {
        "type": "Point",
        "coordinates": [
          -79.0155783,
          -8.1009813
        ]
      },
      "properties": {
        "id": "13546545901",
        "name": "",
        "type": "bus_stop",
        "category": "transport",
        "subcategory": "bus_stop",
        "description": "13(14-15-20-34-36-40-48-53-64-69-71-72-74)"
      }
    },
    {
      "type": "Feature",
      "id": "13546545595",
      "geometry": {
        "type": "Point",
        "coordinates": [
          -79.0165788,
          -8.0857796
        ]
      },
      "properties": {
        "id": "13546545595",
        "name": "",
        "type": "bus_stop",
        "category": "transport",
        "subcategory": "bus_stop",
        "description": "9(14-21-22-24-25-34-36-46-58)"
      }
    },
    {
      "type": "Feature",
      "id": "13546545592",
      "geometry": {
        "type": "Point",
        "coordinates": [
          -79.0199551,
          -8.0863014
        ]
      },
      "properties": {
        "id": "13546545592",
        "name": "",
        "type": "bus_stop",
        "category": "transport",
        "subcategory": "bus_stop",
        "description": "8(14-23-24-25-43-46-58-84)"
      }
    },
    {
      "type": "Feature",
      "id": "13546545593",
      "geometry": {
        "type": "Point",
        "coordinates": [
          -79.0226753,
          -8.086695
        ]
      },
      "properties": {
        "id": "13546545593",
        "name": "",
        "type": "bus_stop",
        "category": "transport",
        "subcategory": "bus_stop",
        "description": "12(14-23-24-25-41-42-43-45-46-58-67-84)"
      }
    },
    {
      "type": "Feature",
      "id": "13546545594",
      "geometry": {
        "type": "Point",
        "coordinates": [
          -79.0263157,
          -8.0872126
        ]
      },
      "properties": {
        "id": "13546545594",
        "name": "",
        "type": "bus_stop",
        "category": "transport",
        "subcategory": "bus_stop",
        "description": "5(14-20-24-53-58)"
      }
    },
    {
      "type": "Feature",
      "id": "13546545662",
      "geometry": {
        "type": "Point",
        "coordinates": [
          -79.0351573,
          -8.0836553
        ]
      },
      "properties": {
        "id": "13546545662",
        "name": "",
        "type": "bus_stop",
        "category": "transport",
        "subcategory": "bus_stop",
        "description": "4(14-20-24-53)"
      }
    },
    {
      "type": "Feature",
      "id": "13546545675",
      "geometry": {
        "type": "Point",
        "coordinates": [
          -79.0399579,
          -8.0817259
        ]
      },
      "properties": {
        "id": "13546545675",
        "name": "",
        "type": "bus_stop",
        "category": "transport",
        "subcategory": "bus_stop",
        "description": "2(14-58)"
      }
    },
    {
      "type": "Feature",
      "id": "13546545643",
      "geometry": {
        "type": "Point",
        "coordinates": [
          -79.0418945,
          -8.0805898
        ]
      },
      "properties": {
        "id": "13546545643",
        "name": "",
        "type": "bus_stop",
        "category": "transport",
        "subcategory": "bus_stop",
        "description": "1(14)"
      }
    },
    {
      "type": "Feature",
      "id": "13546545717",
      "geometry": {
        "type": "Point",
        "coordinates": [
          -79.0444167,
          -8.0729478
        ]
      },
      "properties": {
        "id": "13546545717",
        "name": "",
        "type": "bus_stop",
        "category": "transport",
        "subcategory": "bus_stop",
        "description": "1(14)"
      }
    },
    {
      "type": "Feature",
      "id": "13546545718",
      "geometry": {
        "type": "Point",
        "coordinates": [
          -79.0469998,
          -8.0683102
        ]
      },
      "properties": {
        "id": "13546545718",
        "name": "",
        "type": "bus_stop",
        "category": "transport",
        "subcategory": "bus_stop",
        "description": "1(14)"
      }
    },
    {
      "type": "Feature",
      "id": "13546545625",
      "geometry": {
        "type": "Point",
        "coordinates": [
          -79.0483987,
          -8.0655458
        ]
      },
      "properties": {
        "id": "13546545625",
        "name": "",
        "type": "bus_stop",
        "category": "transport",
        "subcategory": "bus_stop",
        "description": "1(14)"
      }
    },
    {
      "type": "Feature",
      "id": "13546546311",
      "geometry": {
        "type": "Point",
        "coordinates": [
          -79.0517523,
          -8.0621145
        ]
      },
      "properties": {
        "id": "13546546311",
        "name": "",
        "type": "bus_stop",
        "category": "transport",
        "subcategory": "bus_stop",
        "description": "1(14)"
      }
    },
    {
      "type": "Feature",
      "id": "13546546352",
      "geometry": {
        "type": "Point",
        "coordinates": [
          -79.0520178,
          -8.0621381
        ]
      },
      "properties": {
        "id": "13546546352",
        "name": "",
        "type": "bus_stop",
        "category": "transport",
        "subcategory": "bus_stop",
        "description": "1(14)"
      }
    },
    {
      "type": "Feature",
      "id": "13546545611",
      "geometry": {
        "type": "Point",
        "coordinates": [
          -79.0573379,
          -8.0517147
        ]
      },
      "properties": {
        "id": "13546545611",
        "name": "",
        "type": "bus_stop",
        "category": "transport",
        "subcategory": "bus_stop",
        "description": "6(14-27-32-59-78-81)"
      }
    },
    {
      "type": "Feature",
      "id": "13546546330",
      "geometry": {
        "type": "Point",
        "coordinates": [
          -79.0629984,
          -8.0498996
        ]
      },
      "properties": {
        "id": "13546546330",
        "name": "",
        "type": "bus_stop",
        "category": "transport",
        "subcategory": "bus_stop",
        "description": "6(14-27-32-59-78-81)"
      }
    },
    {
      "type": "Feature",
      "id": "13546546320",
      "geometry": {
        "type": "Point",
        "coordinates": [
          -79.0659481,
          -8.0483851
        ]
      },
      "properties": {
        "id": "13546546320",
        "name": "",
        "type": "bus_stop",
        "category": "transport",
        "subcategory": "bus_stop",
        "description": "6(14-27-32-59-78-81)"
      }
    },
    {
      "type": "Feature",
      "id": "13546545746",
      "geometry": {
        "type": "Point",
        "coordinates": [
          -79.0688042,
          -8.0489622
        ]
      },
      "properties": {
        "id": "13546545746",
        "name": "",
        "type": "bus_stop",
        "category": "transport",
        "subcategory": "bus_stop",
        "description": "1(14)"
      }
    },
    {
      "type": "Feature",
      "id": "13546545737",
      "geometry": {
        "type": "Point",
        "coordinates": [
          -79.0712378,
          -8.0510423
        ]
      },
      "properties": {
        "id": "13546545737",
        "name": "",
        "type": "bus_stop",
        "category": "transport",
        "subcategory": "bus_stop",
        "description": "1(14)"
      }
    },
    {
      "type": "Feature",
      "id": "13546545764",
      "geometry": {
        "type": "Point",
        "coordinates": [
          -79.0724825,
          -8.0508513
        ]
      },
      "properties": {
        "id": "13546545764",
        "name": "",
        "type": "bus_stop",
        "category": "transport",
        "subcategory": "bus_stop",
        "description": "3(14-78-81)"
      }
    },
    {
      "type": "Feature",
      "id": "13546545763",
      "geometry": {
        "type": "Point",
        "coordinates": [
          -79.0703605,
          -8.0490266
        ]
      },
      "properties": {
        "id": "13546545763",
        "name": "",
        "type": "bus_stop",
        "category": "transport",
        "subcategory": "bus_stop",
        "description": "3(14-78-81)"
      }
    },
    {
      "type": "Feature",
      "id": "3233772454",
      "geometry": {
        "type": "Point",
        "coordinates": [
          -79.0081578,
          -8.0482441
        ]
      },
      "properties": {
        "id": "3233772454",
        "name": "Sin nombre",
        "type": "bus_stop",
        "category": "transport",
        "subcategory": "bus_stop",
        "description": "1(15)"
      }
    },
    {
      "type": "Feature",
      "id": "13546545819",
      "geometry": {
        "type": "Point",
        "coordinates": [
          -79.0079629,
          -8.0506135
        ]
      },
      "properties": {
        "id": "13546545819",
        "name": "",
        "type": "bus_stop",
        "category": "transport",
        "subcategory": "bus_stop",
        "description": "2(15-49)"
      }
    },
    {
      "type": "Feature",
      "id": "13546545818",
      "geometry": {
        "type": "Point",
        "coordinates": [
          -79.009035,
          -8.0538782
        ]
      },
      "properties": {
        "id": "13546545818",
        "name": "",
        "type": "bus_stop",
        "category": "transport",
        "subcategory": "bus_stop",
        "description": "2(15-49)"
      }
    },
    {
      "type": "Feature",
      "id": "13546546395",
      "geometry": {
        "type": "Point",
        "coordinates": [
          -79.0100296,
          -8.0572958
        ]
      },
      "properties": {
        "id": "13546546395",
        "name": "",
        "type": "bus_stop",
        "category": "transport",
        "subcategory": "bus_stop",
        "description": "2(15-49)"
      }
    },
    {
      "type": "Feature",
      "id": "13546546394",
      "geometry": {
        "type": "Point",
        "coordinates": [
          -79.0080298,
          -8.0590833
        ]
      },
      "properties": {
        "id": "13546546394",
        "name": "",
        "type": "bus_stop",
        "category": "transport",
        "subcategory": "bus_stop",
        "description": "1(15)"
      }
    },
    {
      "type": "Feature",
      "id": "13546545828",
      "geometry": {
        "type": "Point",
        "coordinates": [
          -79.0069872,
          -8.0660699
        ]
      },
      "properties": {
        "id": "13546545828",
        "name": "",
        "type": "bus_stop",
        "category": "transport",
        "subcategory": "bus_stop",
        "description": "1(15)"
      }
    },
    {
      "type": "Feature",
      "id": "13546545472",
      "geometry": {
        "type": "Point",
        "coordinates": [
          -79.0063738,
          -8.0716978
        ]
      },
      "properties": {
        "id": "13546545472",
        "name": "",
        "type": "bus_stop",
        "category": "transport",
        "subcategory": "bus_stop",
        "description": "2(15-72)"
      }
    },
    {
      "type": "Feature",
      "id": "13546546231",
      "geometry": {
        "type": "Point",
        "coordinates": [
          -79.0057421,
          -8.0754198
        ]
      },
      "properties": {
        "id": "13546546231",
        "name": "",
        "type": "bus_stop",
        "category": "transport",
        "subcategory": "bus_stop",
        "description": "3(15-40-72)"
      }
    },
    {
      "type": "Feature",
      "id": "13546545410",
      "geometry": {
        "type": "Point",
        "coordinates": [
          -79.0060677,
          -8.0770288
        ]
      },
      "properties": {
        "id": "13546545410",
        "name": "",
        "type": "bus_stop",
        "category": "transport",
        "subcategory": "bus_stop",
        "description": "1(15)"
      }
    },
    {
      "type": "Feature",
      "id": "13546545411",
      "geometry": {
        "type": "Point",
        "coordinates": [
          -79.0020381,
          -8.0806798
        ]
      },
      "properties": {
        "id": "13546545411",
        "name": "",
        "type": "bus_stop",
        "category": "transport",
        "subcategory": "bus_stop",
        "description": "1(15)"
      }
    },
    {
      "type": "Feature",
      "id": "13546545417",
      "geometry": {
        "type": "Point",
        "coordinates": [
          -79.003099,
          -8.0834559
        ]
      },
      "properties": {
        "id": "13546545417",
        "name": "",
        "type": "bus_stop",
        "category": "transport",
        "subcategory": "bus_stop",
        "description": "6(15-47-48-49-54-64)"
      }
    },
    {
      "type": "Feature",
      "id": "13546535085",
      "geometry": {
        "type": "Point",
        "coordinates": [
          -79.0073701,
          -8.0912816
        ]
      },
      "properties": {
        "id": "13546535085",
        "name": "",
        "type": "bus_stop",
        "category": "transport",
        "subcategory": "bus_stop",
        "description": "22(15-34-48-49-50-51-52-54-55-60-61-64-69-71-73-74-75-76-77-79-82-83)"
      }
    },
    {
      "type": "Feature",
      "id": "13546545892",
      "geometry": {
        "type": "Point",
        "coordinates": [
          -79.0093784,
          -8.09436
        ]
      },
      "properties": {
        "id": "13546545892",
        "name": "",
        "type": "bus_stop",
        "category": "transport",
        "subcategory": "bus_stop",
        "description": "24(15-25-34-48-49-50-51-52-54-55-58-60-61-64-69-71-73-74-75-76-77-79-82-83)"
      }
    },
    {
      "type": "Feature",
      "id": "13546545894",
      "geometry": {
        "type": "Point",
        "coordinates": [
          -79.0115033,
          -8.0976468
        ]
      },
      "properties": {
        "id": "13546545894",
        "name": "",
        "type": "bus_stop",
        "category": "transport",
        "subcategory": "bus_stop",
        "description": "2(15-51)"
      }
    },
    {
      "type": "Feature",
      "id": "1098595196",
      "geometry": {
        "type": "Point",
        "coordinates": [
          -79.0468541,
          -8.1141713
        ]
      },
      "properties": {
        "id": "1098595196",
        "name": "Avenida América Oeste y Calle 8",
        "type": "bus_stop",
        "category": "transport",
        "subcategory": "bus_stop",
        "description": "1(15)"
      }
    },
    {
      "type": "Feature",
      "id": "1098586293",
      "geometry": {
        "type": "Point",
        "coordinates": [
          -79.0169131,
          -8.0649822
        ]
      },
      "properties": {
        "id": "1098586293",
        "name": "Avenida Dos",
        "type": "bus_stop",
        "category": "transport",
        "subcategory": "bus_stop",
        "description": "2(16-80)"
      }
    },
    {
      "type": "Feature",
      "id": "13546545794",
      "geometry": {
        "type": "Point",
        "coordinates": [
          -79.017666,
          -8.0651038
        ]
      },
      "properties": {
        "id": "13546545794",
        "name": "",
        "type": "bus_stop",
        "category": "transport",
        "subcategory": "bus_stop",
        "description": "3(16-41-80)"
      }
    },
    {
      "type": "Feature",
      "id": "13546545798",
      "geometry": {
        "type": "Point",
        "coordinates": [
          -79.0182907,
          -8.0667933
        ]
      },
      "properties": {
        "id": "13546545798",
        "name": "",
        "type": "bus_stop",
        "category": "transport",
        "subcategory": "bus_stop",
        "description": "3(16-22-80)"
      }
    },
    {
      "type": "Feature",
      "id": "13546546385",
      "geometry": {
        "type": "Point",
        "coordinates": [
          -79.0149551,
          -8.066164
        ]
      },
      "properties": {
        "id": "13546546385",
        "name": "",
        "type": "bus_stop",
        "category": "transport",
        "subcategory": "bus_stop",
        "description": "3(16-23-80)"
      }
    },
    {
      "type": "Feature",
      "id": "13546545816",
      "geometry": {
        "type": "Point",
        "coordinates": [
          -79.0119513,
          -8.0656067
        ]
      },
      "properties": {
        "id": "13546545816",
        "name": "",
        "type": "bus_stop",
        "category": "transport",
        "subcategory": "bus_stop",
        "description": "2(16-23)"
      }
    },
    {
      "type": "Feature",
      "id": "13546545813",
      "geometry": {
        "type": "Point",
        "coordinates": [
          -79.0108015,
          -8.0635656
        ]
      },
      "properties": {
        "id": "13546545813",
        "name": "",
        "type": "bus_stop",
        "category": "transport",
        "subcategory": "bus_stop",
        "description": "2(16-23)"
      }
    },
    {
      "type": "Feature",
      "id": "13546545812",
      "geometry": {
        "type": "Point",
        "coordinates": [
          -79.0104009,
          -8.059434
        ]
      },
      "properties": {
        "id": "13546545812",
        "name": "",
        "type": "bus_stop",
        "category": "transport",
        "subcategory": "bus_stop",
        "description": "1(16)"
      }
    },
    {
      "type": "Feature",
      "id": "13546546390",
      "geometry": {
        "type": "Point",
        "coordinates": [
          -79.0083312,
          -8.0600403
        ]
      },
      "properties": {
        "id": "13546546390",
        "name": "",
        "type": "bus_stop",
        "category": "transport",
        "subcategory": "bus_stop",
        "description": "2(16-49)"
      }
    },
    {
      "type": "Feature",
      "id": "13546545858",
      "geometry": {
        "type": "Point",
        "coordinates": [
          -79.0063929,
          -8.0645856
        ]
      },
      "properties": {
        "id": "13546545858",
        "name": "",
        "type": "bus_stop",
        "category": "transport",
        "subcategory": "bus_stop",
        "description": "3(15-16-49)"
      }
    },
    {
      "type": "Feature",
      "id": "13546545489",
      "geometry": {
        "type": "Point",
        "coordinates": [
          -79.0041567,
          -8.0668866
        ]
      },
      "properties": {
        "id": "13546545489",
        "name": "",
        "type": "bus_stop",
        "category": "transport",
        "subcategory": "bus_stop",
        "description": "2(16-49)"
      }
    },
    {
      "type": "Feature",
      "id": "13546546222",
      "geometry": {
        "type": "Point",
        "coordinates": [
          -79.0027052,
          -8.0725658
        ]
      },
      "properties": {
        "id": "13546546222",
        "name": "",
        "type": "bus_stop",
        "category": "transport",
        "subcategory": "bus_stop",
        "description": "5(16-54-62-64-80)"
      }
    },
    {
      "type": "Feature",
      "id": "13546545466",
      "geometry": {
        "type": "Point",
        "coordinates": [
          -78.9995544,
          -8.0733307
        ]
      },
      "properties": {
        "id": "13546545466",
        "name": "",
        "type": "bus_stop",
        "category": "transport",
        "subcategory": "bus_stop",
        "description": "2(16-80)"
      }
    },
    {
      "type": "Feature",
      "id": "13546546203",
      "geometry": {
        "type": "Point",
        "coordinates": [
          -79.0000633,
          -8.0794839
        ]
      },
      "properties": {
        "id": "13546546203",
        "name": "",
        "type": "bus_stop",
        "category": "transport",
        "subcategory": "bus_stop",
        "description": "10(16-46-47-48-54-55-56-62-64-80)"
      }
    },
    {
      "type": "Feature",
      "id": "13546545430",
      "geometry": {
        "type": "Point",
        "coordinates": [
          -79.0001983,
          -8.0840205
        ]
      },
      "properties": {
        "id": "13546545430",
        "name": "",
        "type": "bus_stop",
        "category": "transport",
        "subcategory": "bus_stop",
        "description": "6(16-33-46-55-56-80)"
      }
    },
    {
      "type": "Feature",
      "id": "13546546023",
      "geometry": {
        "type": "Point",
        "coordinates": [
          -79.0126094,
          -8.1043873
        ]
      },
      "properties": {
        "id": "13546546023",
        "name": "",
        "type": "bus_stop",
        "category": "transport",
        "subcategory": "bus_stop",
        "description": "16(16-19-23-25-33-39-41-42-45-51-52-54-56-62-67-70)"
      }
    },
    {
      "type": "Feature",
      "id": "13546546021",
      "geometry": {
        "type": "Point",
        "coordinates": [
          -79.0145716,
          -8.1067384
        ]
      },
      "properties": {
        "id": "13546546021",
        "name": "",
        "type": "bus_stop",
        "category": "transport",
        "subcategory": "bus_stop",
        "description": "16(16-19-23-25-33-39-41-42-45-51-52-54-56-62-67-70)"
      }
    },
    {
      "type": "Feature",
      "id": "13546546002",
      "geometry": {
        "type": "Point",
        "coordinates": [
          -79.0465531,
          -8.1138368
        ]
      },
      "properties": {
        "id": "13546546002",
        "name": "",
        "type": "bus_stop",
        "category": "transport",
        "subcategory": "bus_stop",
        "description": "3(15-16-80)"
      }
    },
    {
      "type": "Feature",
      "id": "13546545204",
      "geometry": {
        "type": "Point",
        "coordinates": [
          -79.0445829,
          -8.1107368
        ]
      },
      "properties": {
        "id": "13546545204",
        "name": "",
        "type": "bus_stop",
        "category": "transport",
        "subcategory": "bus_stop",
        "description": "3(15-16-80)"
      }
    },
    {
      "type": "Feature",
      "id": "13546546018",
      "geometry": {
        "type": "Point",
        "coordinates": [
          -79.005462,
          -8.0962709
        ]
      },
      "properties": {
        "id": "13546546018",
        "name": "",
        "type": "bus_stop",
        "category": "transport",
        "subcategory": "bus_stop",
        "description": "9(16-33-35-46-51-52-55-56-80)"
      }
    },
    {
      "type": "Feature",
      "id": "13546545214",
      "geometry": {
        "type": "Point",
        "coordinates": [
          -79.0026628,
          -8.0929774
        ]
      },
      "properties": {
        "id": "13546545214",
        "name": "",
        "type": "bus_stop",
        "category": "transport",
        "subcategory": "bus_stop",
        "description": "9(16-33-35-46-51-52-55-56-80)"
      }
    },
    {
      "type": "Feature",
      "id": "13546546013",
      "geometry": {
        "type": "Point",
        "coordinates": [
          -78.9996426,
          -8.0893785
        ]
      },
      "properties": {
        "id": "13546546013",
        "name": "",
        "type": "bus_stop",
        "category": "transport",
        "subcategory": "bus_stop",
        "description": "7(16-33-35-46-55-56-80)"
      }
    },
    {
      "type": "Feature",
      "id": "13546545431",
      "geometry": {
        "type": "Point",
        "coordinates": [
          -79.0001625,
          -8.0842065
        ]
      },
      "properties": {
        "id": "13546545431",
        "name": "",
        "type": "bus_stop",
        "category": "transport",
        "subcategory": "bus_stop",
        "description": "6(16-33-46-55-56-80)"
      }
    },
    {
      "type": "Feature",
      "id": "13546546214",
      "geometry": {
        "type": "Point",
        "coordinates": [
          -78.9998016,
          -8.0795148
        ]
      },
      "properties": {
        "id": "13546546214",
        "name": "",
        "type": "bus_stop",
        "category": "transport",
        "subcategory": "bus_stop",
        "description": "10(16-46-47-48-54-55-56-62-64-80)"
      }
    },
    {
      "type": "Feature",
      "id": "13546545477",
      "geometry": {
        "type": "Point",
        "coordinates": [
          -79.0089952,
          -8.0785325
        ]
      },
      "properties": {
        "id": "13546545477",
        "name": "",
        "type": "bus_stop",
        "category": "transport",
        "subcategory": "bus_stop",
        "description": "1(16)"
      }
    },
    {
      "type": "Feature",
      "id": "13546545478",
      "geometry": {
        "type": "Point",
        "coordinates": [
          -79.0070694,
          -8.0749659
        ]
      },
      "properties": {
        "id": "13546545478",
        "name": "",
        "type": "bus_stop",
        "category": "transport",
        "subcategory": "bus_stop",
        "description": "2(16-80)"
      }
    },
    {
      "type": "Feature",
      "id": "13546545809",
      "geometry": {
        "type": "Point",
        "coordinates": [
          -79.0214493,
          -8.0690621
        ]
      },
      "properties": {
        "id": "13546545809",
        "name": "",
        "type": "bus_stop",
        "category": "transport",
        "subcategory": "bus_stop",
        "description": "11(16-17-21-22-36-41-42-43-45-67-84)"
      }
    },
    {
      "type": "Feature",
      "id": "13546545852",
      "geometry": {
        "type": "Point",
        "coordinates": [
          -79.0193897,
          -8.0663008
        ]
      },
      "properties": {
        "id": "13546545852",
        "name": "",
        "type": "bus_stop",
        "category": "transport",
        "subcategory": "bus_stop",
        "description": "2(16-23)"
      }
    },
    {
      "type": "Feature",
      "id": "13546545850",
      "geometry": {
        "type": "Point",
        "coordinates": [
          -79.0196725,
          -8.061355
        ]
      },
      "properties": {
        "id": "13546545850",
        "name": "",
        "type": "bus_stop",
        "category": "transport",
        "subcategory": "bus_stop",
        "description": "1(16)"
      }
    },
    {
      "type": "Feature",
      "id": "4699230346",
      "geometry": {
        "type": "Point",
        "coordinates": [
          -78.9703683,
          -8.219117
        ]
      },
      "properties": {
        "id": "4699230346",
        "name": "Sin nombre",
        "type": "bus_stop",
        "category": "transport",
        "subcategory": "bus_stop",
        "description": "2(17-18)"
      }
    },
    {
      "type": "Feature",
      "id": "13546546080",
      "geometry": {
        "type": "Point",
        "coordinates": [
          -78.9714552,
          -8.2191521
        ]
      },
      "properties": {
        "id": "13546546080",
        "name": "",
        "type": "bus_stop",
        "category": "transport",
        "subcategory": "bus_stop",
        "description": "2(17-18)"
      }
    },
    {
      "type": "Feature",
      "id": "13546545281",
      "geometry": {
        "type": "Point",
        "coordinates": [
          -78.973959,
          -8.2202604
        ]
      },
      "properties": {
        "id": "13546545281",
        "name": "",
        "type": "bus_stop",
        "category": "transport",
        "subcategory": "bus_stop",
        "description": "2(17-18)"
      }
    },
    {
      "type": "Feature",
      "id": "13546545288",
      "geometry": {
        "type": "Point",
        "coordinates": [
          -78.9743363,
          -8.2229612
        ]
      },
      "properties": {
        "id": "13546545288",
        "name": "",
        "type": "bus_stop",
        "category": "transport",
        "subcategory": "bus_stop",
        "description": "2(17-18)"
      }
    },
    {
      "type": "Feature",
      "id": "13546545278",
      "geometry": {
        "type": "Point",
        "coordinates": [
          -78.980826,
          -8.2114573
        ]
      },
      "properties": {
        "id": "13546545278",
        "name": "",
        "type": "bus_stop",
        "category": "transport",
        "subcategory": "bus_stop",
        "description": "2(17-18)"
      }
    },
    {
      "type": "Feature",
      "id": "13546546078",
      "geometry": {
        "type": "Point",
        "coordinates": [
          -78.9816996,
          -8.2079615
        ]
      },
      "properties": {
        "id": "13546546078",
        "name": "",
        "type": "bus_stop",
        "category": "transport",
        "subcategory": "bus_stop",
        "description": "2(17-18)"
      }
    },
    {
      "type": "Feature",
      "id": "12121157807",
      "geometry": {
        "type": "Point",
        "coordinates": [
          -78.984132,
          -8.2042044
        ]
      },
      "properties": {
        "id": "12121157807",
        "name": "Avenida de La Marina",
        "type": "bus_stop",
        "category": "transport",
        "subcategory": "bus_stop",
        "description": "2(17-18)"
      }
    },
    {
      "type": "Feature",
      "id": "13546545277",
      "geometry": {
        "type": "Point",
        "coordinates": [
          -78.9855134,
          -8.2021158
        ]
      },
      "properties": {
        "id": "13546545277",
        "name": "",
        "type": "bus_stop",
        "category": "transport",
        "subcategory": "bus_stop",
        "description": "2(17-18)"
      }
    },
    {
      "type": "Feature",
      "id": "13546545343",
      "geometry": {
        "type": "Point",
        "coordinates": [
          -78.9952018,
          -8.1853436
        ]
      },
      "properties": {
        "id": "13546545343",
        "name": "",
        "type": "bus_stop",
        "category": "transport",
        "subcategory": "bus_stop",
        "description": "2(17-18)"
      }
    },
    {
      "type": "Feature",
      "id": "13546545342",
      "geometry": {
        "type": "Point",
        "coordinates": [
          -78.9962412,
          -8.1822015
        ]
      },
      "properties": {
        "id": "13546545342",
        "name": "",
        "type": "bus_stop",
        "category": "transport",
        "subcategory": "bus_stop",
        "description": "2(17-18)"
      }
    },
    {
      "type": "Feature",
      "id": "13546546105",
      "geometry": {
        "type": "Point",
        "coordinates": [
          -78.9965678,
          -8.1758114
        ]
      },
      "properties": {
        "id": "13546546105",
        "name": "",
        "type": "bus_stop",
        "category": "transport",
        "subcategory": "bus_stop",
        "description": "5(17-18-19-40-72)"
      }
    },
    {
      "type": "Feature",
      "id": "13546546106",
      "geometry": {
        "type": "Point",
        "coordinates": [
          -78.9966442,
          -8.1750777
        ]
      },
      "properties": {
        "id": "13546546106",
        "name": "",
        "type": "bus_stop",
        "category": "transport",
        "subcategory": "bus_stop",
        "description": "8(17-18-19-39-40-68-70-72)"
      }
    },
    {
      "type": "Feature",
      "id": "13546545333",
      "geometry": {
        "type": "Point",
        "coordinates": [
          -78.9988574,
          -8.1734734
        ]
      },
      "properties": {
        "id": "13546545333",
        "name": "",
        "type": "bus_stop",
        "category": "transport",
        "subcategory": "bus_stop",
        "description": "8(17-18-19-39-40-68-70-72)"
      }
    },
    {
      "type": "Feature",
      "id": "13546546110",
      "geometry": {
        "type": "Point",
        "coordinates": [
          -79.0060541,
          -8.1678853
        ]
      },
      "properties": {
        "id": "13546546110",
        "name": "",
        "type": "bus_stop",
        "category": "transport",
        "subcategory": "bus_stop",
        "description": "8(17-18-19-39-40-68-70-72)"
      }
    },
    {
      "type": "Feature",
      "id": "13546546112",
      "geometry": {
        "type": "Point",
        "coordinates": [
          -79.0069362,
          -8.1691962
        ]
      },
      "properties": {
        "id": "13546546112",
        "name": "",
        "type": "bus_stop",
        "category": "transport",
        "subcategory": "bus_stop",
        "description": "1(17)"
      }
    },
    {
      "type": "Feature",
      "id": "13546546117",
      "geometry": {
        "type": "Point",
        "coordinates": [
          -79.0096191,
          -8.169849
        ]
      },
      "properties": {
        "id": "13546546117",
        "name": "",
        "type": "bus_stop",
        "category": "transport",
        "subcategory": "bus_stop",
        "description": "7(17-41-42-43-45-67-84)"
      }
    },
    {
      "type": "Feature",
      "id": "12121157801",
      "geometry": {
        "type": "Point",
        "coordinates": [
          -79.0107644,
          -8.1694508
        ]
      },
      "properties": {
        "id": "12121157801",
        "name": "Jirón José Galvez",
        "type": "bus_stop",
        "category": "transport",
        "subcategory": "bus_stop",
        "description": "7(17-41-42-43-45-67-84)"
      }
    },
    {
      "type": "Feature",
      "id": "13546546090",
      "geometry": {
        "type": "Point",
        "coordinates": [
          -79.0116043,
          -8.1608797
        ]
      },
      "properties": {
        "id": "13546546090",
        "name": "",
        "type": "bus_stop",
        "category": "transport",
        "subcategory": "bus_stop",
        "description": "14(17-18-19-39-40-41-42-43-45-67-68-70-72-84)"
      }
    },
    {
      "type": "Feature",
      "id": "13546546103",
      "geometry": {
        "type": "Point",
        "coordinates": [
          -79.0121467,
          -8.1564809
        ]
      },
      "properties": {
        "id": "13546546103",
        "name": "",
        "type": "bus_stop",
        "category": "transport",
        "subcategory": "bus_stop",
        "description": "14(17-18-19-39-40-41-42-43-45-67-68-70-72-84)"
      }
    },
    {
      "type": "Feature",
      "id": "13546545325",
      "geometry": {
        "type": "Point",
        "coordinates": [
          -79.0118688,
          -8.1528574
        ]
      },
      "properties": {
        "id": "13546545325",
        "name": "",
        "type": "bus_stop",
        "category": "transport",
        "subcategory": "bus_stop",
        "description": "14(17-18-19-39-40-41-42-43-45-67-68-70-72-84)"
      }
    },
    {
      "type": "Feature",
      "id": "13546545332",
      "geometry": {
        "type": "Point",
        "coordinates": [
          -79.0116854,
          -8.1487098
        ]
      },
      "properties": {
        "id": "13546545332",
        "name": "",
        "type": "bus_stop",
        "category": "transport",
        "subcategory": "bus_stop",
        "description": "16(17-18-19-38-39-40-41-42-43-44-45-67-68-70-72-84)"
      }
    },
    {
      "type": "Feature",
      "id": "13546546109",
      "geometry": {
        "type": "Point",
        "coordinates": [
          -79.0125973,
          -8.1442256
        ]
      },
      "properties": {
        "id": "13546546109",
        "name": "",
        "type": "bus_stop",
        "category": "transport",
        "subcategory": "bus_stop",
        "description": "16(17-18-19-38-39-40-41-42-43-44-45-67-68-70-72-84)"
      }
    },
    {
      "type": "Feature",
      "id": "13546545298",
      "geometry": {
        "type": "Point",
        "coordinates": [
          -79.0142003,
          -8.1399451
        ]
      },
      "properties": {
        "id": "13546545298",
        "name": "",
        "type": "bus_stop",
        "category": "transport",
        "subcategory": "bus_stop",
        "description": "16(17-18-19-38-39-40-41-42-43-44-45-67-68-70-72-84)"
      }
    },
    {
      "type": "Feature",
      "id": "13546545338",
      "geometry": {
        "type": "Point",
        "coordinates": [
          -79.0164493,
          -8.1369074
        ]
      },
      "properties": {
        "id": "13546545338",
        "name": "",
        "type": "bus_stop",
        "category": "transport",
        "subcategory": "bus_stop",
        "description": "16(17-18-19-38-39-40-41-42-43-44-45-67-68-70-72-84)"
      }
    },
    {
      "type": "Feature",
      "id": "5082686253",
      "geometry": {
        "type": "Point",
        "coordinates": [
          -79.0190363,
          -8.1336578
        ]
      },
      "properties": {
        "id": "5082686253",
        "name": "Panamericana Norte",
        "type": "bus_stop",
        "category": "transport",
        "subcategory": "bus_stop",
        "description": "16(17-18-19-38-39-40-41-42-43-44-45-67-68-70-72-84)"
      }
    },
    {
      "type": "Feature",
      "id": "13546546120",
      "geometry": {
        "type": "Point",
        "coordinates": [
          -79.0204793,
          -8.1317103
        ]
      },
      "properties": {
        "id": "13546546120",
        "name": "",
        "type": "bus_stop",
        "category": "transport",
        "subcategory": "bus_stop",
        "description": "16(17-18-19-38-39-40-41-42-43-44-45-67-68-70-72-84)"
      }
    },
    {
      "type": "Feature",
      "id": "13546545143",
      "geometry": {
        "type": "Point",
        "coordinates": [
          -79.0213849,
          -8.1292768
        ]
      },
      "properties": {
        "id": "13546545143",
        "name": "",
        "type": "bus_stop",
        "category": "transport",
        "subcategory": "bus_stop",
        "description": "18(17-18-19-3-38-39-40-41-42-43-44-45-50-67-68-70-72-84)"
      }
    },
    {
      "type": "Feature",
      "id": "13546545942",
      "geometry": {
        "type": "Point",
        "coordinates": [
          -79.0221161,
          -8.1268947
        ]
      },
      "properties": {
        "id": "13546545942",
        "name": "",
        "type": "bus_stop",
        "category": "transport",
        "subcategory": "bus_stop",
        "description": "18(17-18-19-3-38-39-40-41-42-43-44-45-50-67-68-70-72-84)"
      }
    },
    {
      "type": "Feature",
      "id": "13546545940",
      "geometry": {
        "type": "Point",
        "coordinates": [
          -79.0228417,
          -8.1243768
        ]
      },
      "properties": {
        "id": "13546545940",
        "name": "",
        "type": "bus_stop",
        "category": "transport",
        "subcategory": "bus_stop",
        "description": "18(17-18-19-3-38-39-40-41-42-43-44-45-50-67-68-70-72-84)"
      }
    },
    {
      "type": "Feature",
      "id": "13546546005",
      "geometry": {
        "type": "Point",
        "coordinates": [
          -79.0265009,
          -8.1197406
        ]
      },
      "properties": {
        "id": "13546546005",
        "name": "",
        "type": "bus_stop",
        "category": "transport",
        "subcategory": "bus_stop",
        "description": "8(17-23-28-43-47-54-64-84)"
      }
    },
    {
      "type": "Feature",
      "id": "13546546007",
      "geometry": {
        "type": "Point",
        "coordinates": [
          -79.0303192,
          -8.1250829
        ]
      },
      "properties": {
        "id": "13546546007",
        "name": "",
        "type": "bus_stop",
        "category": "transport",
        "subcategory": "bus_stop",
        "description": "8(17-23-28-43-47-54-64-84)"
      }
    },
    {
      "type": "Feature",
      "id": "13546545881",
      "geometry": {
        "type": "Point",
        "coordinates": [
          -79.0367121,
          -8.107821
        ]
      },
      "properties": {
        "id": "13546545881",
        "name": "",
        "type": "bus_stop",
        "category": "transport",
        "subcategory": "bus_stop",
        "description": "12(15-17-21-40-51-54-58-61-62-65-72-75)"
      }
    },
    {
      "type": "Feature",
      "id": "11910518834",
      "geometry": {
        "type": "Point",
        "coordinates": [
          -79.0360898,
          -8.1062889
        ]
      },
      "properties": {
        "id": "11910518834",
        "name": "Calle Salaverry",
        "type": "bus_stop",
        "category": "transport",
        "subcategory": "bus_stop",
        "description": "12(15-17-21-40-51-54-58-61-62-65-72-75)"
      }
    },
    {
      "type": "Feature",
      "id": "13546545664",
      "geometry": {
        "type": "Point",
        "coordinates": [
          -79.0375019,
          -8.0768933
        ]
      },
      "properties": {
        "id": "13546545664",
        "name": "",
        "type": "bus_stop",
        "category": "transport",
        "subcategory": "bus_stop",
        "description": "3(17-25-58)"
      }
    },
    {
      "type": "Feature",
      "id": "13546545559",
      "geometry": {
        "type": "Point",
        "coordinates": [
          -79.0294089,
          -8.0812042
        ]
      },
      "properties": {
        "id": "13546545559",
        "name": "",
        "type": "bus_stop",
        "category": "transport",
        "subcategory": "bus_stop",
        "description": "3(17-25-58)"
      }
    },
    {
      "type": "Feature",
      "id": "13546545561",
      "geometry": {
        "type": "Point",
        "coordinates": [
          -79.0256418,
          -8.0808623
        ]
      },
      "properties": {
        "id": "13546545561",
        "name": "",
        "type": "bus_stop",
        "category": "transport",
        "subcategory": "bus_stop",
        "description": "3(17-25-58)"
      }
    },
    {
      "type": "Feature",
      "id": "13546546299",
      "geometry": {
        "type": "Point",
        "coordinates": [
          -79.0245255,
          -8.0804396
        ]
      },
      "properties": {
        "id": "13546546299",
        "name": "",
        "type": "bus_stop",
        "category": "transport",
        "subcategory": "bus_stop",
        "description": "8(17-18-21-34-41-42-45-67)"
      }
    },
    {
      "type": "Feature",
      "id": "13546545602",
      "geometry": {
        "type": "Point",
        "coordinates": [
          -79.0248784,
          -8.0776594
        ]
      },
      "properties": {
        "id": "13546545602",
        "name": "",
        "type": "bus_stop",
        "category": "transport",
        "subcategory": "bus_stop",
        "description": "8(17-19-21-36-41-42-45-67)"
      }
    },
    {
      "type": "Feature",
      "id": "13546546380",
      "geometry": {
        "type": "Point",
        "coordinates": [
          -79.0222233,
          -8.0652866
        ]
      },
      "properties": {
        "id": "13546546380",
        "name": "",
        "type": "bus_stop",
        "category": "transport",
        "subcategory": "bus_stop",
        "description": "8(17-21-36-42-43-45-67-84)"
      }
    },
    {
      "type": "Feature",
      "id": "11030430154",
      "geometry": {
        "type": "Point",
        "coordinates": [
          -79.0223039,
          -8.0648636
        ]
      },
      "properties": {
        "id": "11030430154",
        "name": "Prolongación Avenida 12 de Noviembre y Avenida Albania",
        "type": "bus_stop",
        "category": "transport",
        "subcategory": "bus_stop",
        "description": "1(17)"
      }
    },
    {
      "type": "Feature",
      "id": "13546545120",
      "geometry": {
        "type": "Point",
        "coordinates": [
          -79.0167158,
          -8.090294
        ]
      },
      "properties": {
        "id": "13546545120",
        "name": "",
        "type": "bus_stop",
        "category": "transport",
        "subcategory": "bus_stop",
        "description": "4(17-21-22-24)"
      }
    },
    {
      "type": "Feature",
      "id": "13546545918",
      "geometry": {
        "type": "Point",
        "coordinates": [
          -79.015359,
          -8.0876677
        ]
      },
      "properties": {
        "id": "13546545918",
        "name": "",
        "type": "bus_stop",
        "category": "transport",
        "subcategory": "bus_stop",
        "description": "4(17-21-22-24)"
      }
    },
    {
      "type": "Feature",
      "id": "13546545453",
      "geometry": {
        "type": "Point",
        "coordinates": [
          -79.0122625,
          -8.0771916
        ]
      },
      "properties": {
        "id": "13546545453",
        "name": "",
        "type": "bus_stop",
        "category": "transport",
        "subcategory": "bus_stop",
        "description": "1(17)"
      }
    },
    {
      "type": "Feature",
      "id": "13546545597",
      "geometry": {
        "type": "Point",
        "coordinates": [
          -79.0136748,
          -8.0753421
        ]
      },
      "properties": {
        "id": "13546545597",
        "name": "",
        "type": "bus_stop",
        "category": "transport",
        "subcategory": "bus_stop",
        "description": "1(17)"
      }
    },
    {
      "type": "Feature",
      "id": "13546545451",
      "geometry": {
        "type": "Point",
        "coordinates": [
          -79.0146,
          -8.0717816
        ]
      },
      "properties": {
        "id": "13546545451",
        "name": "",
        "type": "bus_stop",
        "category": "transport",
        "subcategory": "bus_stop",
        "description": "1(17)"
      }
    },
    {
      "type": "Feature",
      "id": "13546545805",
      "geometry": {
        "type": "Point",
        "coordinates": [
          -79.0154661,
          -8.0674093
        ]
      },
      "properties": {
        "id": "13546545805",
        "name": "",
        "type": "bus_stop",
        "category": "transport",
        "subcategory": "bus_stop",
        "description": "1(17)"
      }
    },
    {
      "type": "Feature",
      "id": "13546545804",
      "geometry": {
        "type": "Point",
        "coordinates": [
          -79.0161769,
          -8.0636731
        ]
      },
      "properties": {
        "id": "13546545804",
        "name": "",
        "type": "bus_stop",
        "category": "transport",
        "subcategory": "bus_stop",
        "description": "3(16-17-23)"
      }
    },
    {
      "type": "Feature",
      "id": "13546546407",
      "geometry": {
        "type": "Point",
        "coordinates": [
          -79.0196195,
          -8.0595649
        ]
      },
      "properties": {
        "id": "13546546407",
        "name": "",
        "type": "bus_stop",
        "category": "transport",
        "subcategory": "bus_stop",
        "description": "3(17-23-41)"
      }
    },
    {
      "type": "Feature",
      "id": "13546545847",
      "geometry": {
        "type": "Point",
        "coordinates": [
          -79.021694,
          -8.0622371
        ]
      },
      "properties": {
        "id": "13546545847",
        "name": "",
        "type": "bus_stop",
        "category": "transport",
        "subcategory": "bus_stop",
        "description": "2(17-45)"
      }
    },
    {
      "type": "Feature",
      "id": "11794015159",
      "geometry": {
        "type": "Point",
        "coordinates": [
          -79.0225101,
          -8.0637021
        ]
      },
      "properties": {
        "id": "11794015159",
        "name": "Prolongación Avenida 12 de Noviembre",
        "type": "bus_stop",
        "category": "transport",
        "subcategory": "bus_stop",
        "description": "3(17-18-19)"
      }
    },
    {
      "type": "Feature",
      "id": "11794015160",
      "geometry": {
        "type": "Point",
        "coordinates": [
          -79.0225872,
          -8.0637159
        ]
      },
      "properties": {
        "id": "11794015160",
        "name": "Prolongación Avenida 12 de Noviembre",
        "type": "bus_stop",
        "category": "transport",
        "subcategory": "bus_stop",
        "description": "3(17-18-19)"
      }
    },
    {
      "type": "Feature",
      "id": "13546546379",
      "geometry": {
        "type": "Point",
        "coordinates": [
          -79.0223361,
          -8.0653032
        ]
      },
      "properties": {
        "id": "13546546379",
        "name": "",
        "type": "bus_stop",
        "category": "transport",
        "subcategory": "bus_stop",
        "description": "8(17-21-36-42-43-45-67-84)"
      }
    },
    {
      "type": "Feature",
      "id": "13546545589",
      "geometry": {
        "type": "Point",
        "coordinates": [
          -79.0209539,
          -8.0728582
        ]
      },
      "properties": {
        "id": "13546545589",
        "name": "",
        "type": "bus_stop",
        "category": "transport",
        "subcategory": "bus_stop",
        "description": "9(17-21-36-41-42-43-45-67-84)"
      }
    },
    {
      "type": "Feature",
      "id": "13546545610",
      "geometry": {
        "type": "Point",
        "coordinates": [
          -79.0229329,
          -8.075199
        ]
      },
      "properties": {
        "id": "13546545610",
        "name": "",
        "type": "bus_stop",
        "category": "transport",
        "subcategory": "bus_stop",
        "description": "2(17-36)"
      }
    },
    {
      "type": "Feature",
      "id": "13546546303",
      "geometry": {
        "type": "Point",
        "coordinates": [
          -79.0245885,
          -8.0803621
        ]
      },
      "properties": {
        "id": "13546546303",
        "name": "",
        "type": "bus_stop",
        "category": "transport",
        "subcategory": "bus_stop",
        "description": "7(17-18-21-41-42-45-67)"
      }
    },
    {
      "type": "Feature",
      "id": "13546546301",
      "geometry": {
        "type": "Point",
        "coordinates": [
          -79.0308157,
          -8.0797966
        ]
      },
      "properties": {
        "id": "13546546301",
        "name": "",
        "type": "bus_stop",
        "category": "transport",
        "subcategory": "bus_stop",
        "description": "3(17-39-70)"
      }
    },
    {
      "type": "Feature",
      "id": "13546545655",
      "geometry": {
        "type": "Point",
        "coordinates": [
          -79.0324188,
          -8.0788609
        ]
      },
      "properties": {
        "id": "13546545655",
        "name": "",
        "type": "bus_stop",
        "category": "transport",
        "subcategory": "bus_stop",
        "description": "1(17)"
      }
    },
    {
      "type": "Feature",
      "id": "13546545674",
      "geometry": {
        "type": "Point",
        "coordinates": [
          -79.0351317,
          -8.0775684
        ]
      },
      "properties": {
        "id": "13546545674",
        "name": "",
        "type": "bus_stop",
        "category": "transport",
        "subcategory": "bus_stop",
        "description": "2(17-18)"
      }
    },
    {
      "type": "Feature",
      "id": "13546545665",
      "geometry": {
        "type": "Point",
        "coordinates": [
          -79.0376102,
          -8.0768838
        ]
      },
      "properties": {
        "id": "13546545665",
        "name": "",
        "type": "bus_stop",
        "category": "transport",
        "subcategory": "bus_stop",
        "description": "3(17-25-58)"
      }
    },
    {
      "type": "Feature",
      "id": "13546535049",
      "geometry": {
        "type": "Point",
        "coordinates": [
          -79.0279424,
          -8.0994353
        ]
      },
      "properties": {
        "id": "13546535049",
        "name": "",
        "type": "bus_stop",
        "category": "transport",
        "subcategory": "bus_stop",
        "description": "2(17-33)"
      }
    },
    {
      "type": "Feature",
      "id": "13546535050",
      "geometry": {
        "type": "Point",
        "coordinates": [
          -79.0255256,
          -8.1017587
        ]
      },
      "properties": {
        "id": "13546535050",
        "name": "",
        "type": "bus_stop",
        "category": "transport",
        "subcategory": "bus_stop",
        "description": "2(17-68)"
      }
    },
    {
      "type": "Feature",
      "id": "13546546119",
      "geometry": {
        "type": "Point",
        "coordinates": [
          -79.0207452,
          -8.1317478
        ]
      },
      "properties": {
        "id": "13546546119",
        "name": "",
        "type": "bus_stop",
        "category": "transport",
        "subcategory": "bus_stop",
        "description": "16(17-18-19-30-39-40-41-42-43-44-45-67-68-70-72-84)"
      }
    },
    {
      "type": "Feature",
      "id": "13546545337",
      "geometry": {
        "type": "Point",
        "coordinates": [
          -79.0144407,
          -8.1400721
        ]
      },
      "properties": {
        "id": "13546545337",
        "name": "",
        "type": "bus_stop",
        "category": "transport",
        "subcategory": "bus_stop",
        "description": "16(17-18-19-30-39-40-41-42-43-44-45-67-68-70-72-84)"
      }
    },
    {
      "type": "Feature",
      "id": "13546546097",
      "geometry": {
        "type": "Point",
        "coordinates": [
          -79.012766,
          -8.1443587
        ]
      },
      "properties": {
        "id": "13546546097",
        "name": "",
        "type": "bus_stop",
        "category": "transport",
        "subcategory": "bus_stop",
        "description": "16(17-18-19-30-39-40-41-42-43-44-45-67-68-70-72-84)"
      }
    },
    {
      "type": "Feature",
      "id": "13546545313",
      "geometry": {
        "type": "Point",
        "coordinates": [
          -79.0118118,
          -8.1486869
        ]
      },
      "properties": {
        "id": "13546545313",
        "name": "",
        "type": "bus_stop",
        "category": "transport",
        "subcategory": "bus_stop",
        "description": "16(17-18-19-30-39-40-41-42-43-44-45-67-68-70-72-84)"
      }
    },
    {
      "type": "Feature",
      "id": "13546545351",
      "geometry": {
        "type": "Point",
        "coordinates": [
          -79.0120374,
          -8.1528521
        ]
      },
      "properties": {
        "id": "13546545351",
        "name": "",
        "type": "bus_stop",
        "category": "transport",
        "subcategory": "bus_stop",
        "description": "15(17-18-19-30-39-40-41-42-43-45-67-68-70-72-84)"
      }
    },
    {
      "type": "Feature",
      "id": "13546546115",
      "geometry": {
        "type": "Point",
        "coordinates": [
          -79.0123867,
          -8.1560445
        ]
      },
      "properties": {
        "id": "13546546115",
        "name": "",
        "type": "bus_stop",
        "category": "transport",
        "subcategory": "bus_stop",
        "description": "15(17-18-19-30-39-40-41-42-43-45-67-68-70-72-84)"
      }
    },
    {
      "type": "Feature",
      "id": "13546546102",
      "geometry": {
        "type": "Point",
        "coordinates": [
          -79.0118852,
          -8.160831
        ]
      },
      "properties": {
        "id": "13546546102",
        "name": "",
        "type": "bus_stop",
        "category": "transport",
        "subcategory": "bus_stop",
        "description": "15(17-18-19-30-39-40-41-42-43-45-67-68-70-72-84)"
      }
    },
    {
      "type": "Feature",
      "id": "13546546114",
      "geometry": {
        "type": "Point",
        "coordinates": [
          -79.0100556,
          -8.1657709
        ]
      },
      "properties": {
        "id": "13546546114",
        "name": "",
        "type": "bus_stop",
        "category": "transport",
        "subcategory": "bus_stop",
        "description": "7(17-41-42-43-45-67-84)"
      }
    },
    {
      "type": "Feature",
      "id": "13546546092",
      "geometry": {
        "type": "Point",
        "coordinates": [
          -79.0081707,
          -8.1719455
        ]
      },
      "properties": {
        "id": "13546546092",
        "name": "",
        "type": "bus_stop",
        "category": "transport",
        "subcategory": "bus_stop",
        "description": "7(17-41-42-43-45-67-84)"
      }
    },
    {
      "type": "Feature",
      "id": "13546546098",
      "geometry": {
        "type": "Point",
        "coordinates": [
          -79.0069315,
          -8.1693897
        ]
      },
      "properties": {
        "id": "13546546098",
        "name": "",
        "type": "bus_stop",
        "category": "transport",
        "subcategory": "bus_stop",
        "description": "1(17)"
      }
    },
    {
      "type": "Feature",
      "id": "13546545315",
      "geometry": {
        "type": "Point",
        "coordinates": [
          -79.002307,
          -8.1710932
        ]
      },
      "properties": {
        "id": "13546545315",
        "name": "",
        "type": "bus_stop",
        "category": "transport",
        "subcategory": "bus_stop",
        "description": "9(17-18-19-30-39-40-68-70-72)"
      }
    },
    {
      "type": "Feature",
      "id": "13546545314",
      "geometry": {
        "type": "Point",
        "coordinates": [
          -78.9986689,
          -8.1739403
        ]
      },
      "properties": {
        "id": "13546545314",
        "name": "",
        "type": "bus_stop",
        "category": "transport",
        "subcategory": "bus_stop",
        "description": "9(17-18-19-30-39-40-68-70-72)"
      }
    },
    {
      "type": "Feature",
      "id": "13546546123",
      "geometry": {
        "type": "Point",
        "coordinates": [
          -78.9971565,
          -8.1786953
        ]
      },
      "properties": {
        "id": "13546546123",
        "name": "",
        "type": "bus_stop",
        "category": "transport",
        "subcategory": "bus_stop",
        "description": "5(17-18-30-40-72)"
      }
    },
    {
      "type": "Feature",
      "id": "13546545301",
      "geometry": {
        "type": "Point",
        "coordinates": [
          -78.9970905,
          -8.1792771
        ]
      },
      "properties": {
        "id": "13546545301",
        "name": "",
        "type": "bus_stop",
        "category": "transport",
        "subcategory": "bus_stop",
        "description": "2(17-18)"
      }
    },
    {
      "type": "Feature",
      "id": "13546546087",
      "geometry": {
        "type": "Point",
        "coordinates": [
          -78.996686,
          -8.1815146
        ]
      },
      "properties": {
        "id": "13546546087",
        "name": "",
        "type": "bus_stop",
        "category": "transport",
        "subcategory": "bus_stop",
        "description": "2(17-18)"
      }
    },
    {
      "type": "Feature",
      "id": "13546545295",
      "geometry": {
        "type": "Point",
        "coordinates": [
          -78.9934705,
          -8.1906759
        ]
      },
      "properties": {
        "id": "13546545295",
        "name": "",
        "type": "bus_stop",
        "category": "transport",
        "subcategory": "bus_stop",
        "description": "2(17-18)"
      }
    },
    {
      "type": "Feature",
      "id": "13546545292",
      "geometry": {
        "type": "Point",
        "coordinates": [
          -78.9826991,
          -8.2067868
        ]
      },
      "properties": {
        "id": "13546545292",
        "name": "",
        "type": "bus_stop",
        "category": "transport",
        "subcategory": "bus_stop",
        "description": "2(17-18)"
      }
    },
    {
      "type": "Feature",
      "id": "13546546084",
      "geometry": {
        "type": "Point",
        "coordinates": [
          -78.9814746,
          -8.2095783
        ]
      },
      "properties": {
        "id": "13546546084",
        "name": "",
        "type": "bus_stop",
        "category": "transport",
        "subcategory": "bus_stop",
        "description": "2(17-18)"
      }
    },
    {
      "type": "Feature",
      "id": "13546545291",
      "geometry": {
        "type": "Point",
        "coordinates": [
          -78.980904,
          -8.2125004
        ]
      },
      "properties": {
        "id": "13546545291",
        "name": "",
        "type": "bus_stop",
        "category": "transport",
        "subcategory": "bus_stop",
        "description": "1(17)"
      }
    },
    {
      "type": "Feature",
      "id": "13546545290",
      "geometry": {
        "type": "Point",
        "coordinates": [
          -78.9802469,
          -8.2157239
        ]
      },
      "properties": {
        "id": "13546545290",
        "name": "",
        "type": "bus_stop",
        "category": "transport",
        "subcategory": "bus_stop",
        "description": "1(17)"
      }
    },
    {
      "type": "Feature",
      "id": "13546545289",
      "geometry": {
        "type": "Point",
        "coordinates": [
          -78.9777886,
          -8.2206898
        ]
      },
      "properties": {
        "id": "13546545289",
        "name": "",
        "type": "bus_stop",
        "category": "transport",
        "subcategory": "bus_stop",
        "description": "2(17-18)"
      }
    },
    {
      "type": "Feature",
      "id": "13546545287",
      "geometry": {
        "type": "Point",
        "coordinates": [
          -78.9748325,
          -8.2205022
        ]
      },
      "properties": {
        "id": "13546545287",
        "name": "",
        "type": "bus_stop",
        "category": "transport",
        "subcategory": "bus_stop",
        "description": "2(17-18)"
      }
    },
    {
      "type": "Feature",
      "id": "13546545286",
      "geometry": {
        "type": "Point",
        "coordinates": [
          -78.9722194,
          -8.2195489
        ]
      },
      "properties": {
        "id": "13546545286",
        "name": "",
        "type": "bus_stop",
        "category": "transport",
        "subcategory": "bus_stop",
        "description": "2(17-18)"
      }
    },
    {
      "type": "Feature",
      "id": "13546546411",
      "geometry": {
        "type": "Point",
        "coordinates": [
          -79.0168695,
          -8.0605214
        ]
      },
      "properties": {
        "id": "13546546411",
        "name": "",
        "type": "bus_stop",
        "category": "transport",
        "subcategory": "bus_stop",
        "description": "1(17)"
      }
    },
    {
      "type": "Feature",
      "id": "13546545801",
      "geometry": {
        "type": "Point",
        "coordinates": [
          -79.0155461,
          -8.0673632
        ]
      },
      "properties": {
        "id": "13546545801",
        "name": "",
        "type": "bus_stop",
        "category": "transport",
        "subcategory": "bus_stop",
        "description": "1(17)"
      }
    },
    {
      "type": "Feature",
      "id": "13546545450",
      "geometry": {
        "type": "Point",
        "coordinates": [
          -79.0146838,
          -8.0717238
        ]
      },
      "properties": {
        "id": "13546545450",
        "name": "",
        "type": "bus_stop",
        "category": "transport",
        "subcategory": "bus_stop",
        "description": "1(17)"
      }
    },
    {
      "type": "Feature",
      "id": "13546545596",
      "geometry": {
        "type": "Point",
        "coordinates": [
          -79.0137516,
          -8.0752494
        ]
      },
      "properties": {
        "id": "13546545596",
        "name": "",
        "type": "bus_stop",
        "category": "transport",
        "subcategory": "bus_stop",
        "description": "1(17)"
      }
    },
    {
      "type": "Feature",
      "id": "13546545919",
      "geometry": {
        "type": "Point",
        "coordinates": [
          -79.0147316,
          -8.0858872
        ]
      },
      "properties": {
        "id": "13546545919",
        "name": "",
        "type": "bus_stop",
        "category": "transport",
        "subcategory": "bus_stop",
        "description": "4(17-21-22-24)"
      }
    },
    {
      "type": "Feature",
      "id": "13546545121",
      "geometry": {
        "type": "Point",
        "coordinates": [
          -79.0158277,
          -8.0879777
        ]
      },
      "properties": {
        "id": "13546545121",
        "name": "",
        "type": "bus_stop",
        "category": "transport",
        "subcategory": "bus_stop",
        "description": "4(17-21-22-24)"
      }
    },
    {
      "type": "Feature",
      "id": "13546545119",
      "geometry": {
        "type": "Point",
        "coordinates": [
          -79.0173183,
          -8.0909035
        ]
      },
      "properties": {
        "id": "13546545119",
        "name": "",
        "type": "bus_stop",
        "category": "transport",
        "subcategory": "bus_stop",
        "description": "4(17-21-22-24)"
      }
    },
    {
      "type": "Feature",
      "id": "13546545810",
      "geometry": {
        "type": "Point",
        "coordinates": [
          -79.0230446,
          -8.0610143
        ]
      },
      "properties": {
        "id": "13546545810",
        "name": "",
        "type": "bus_stop",
        "category": "transport",
        "subcategory": "bus_stop",
        "description": "3(18-19-36)"
      }
    },
    {
      "type": "Feature",
      "id": "13546545807",
      "geometry": {
        "type": "Point",
        "coordinates": [
          -79.0256077,
          -8.0618439
        ]
      },
      "properties": {
        "id": "13546545807",
        "name": "",
        "type": "bus_stop",
        "category": "transport",
        "subcategory": "bus_stop",
        "description": "8(18-19-21-36-42-43-67-84)"
      }
    },
    {
      "type": "Feature",
      "id": "13546545808",
      "geometry": {
        "type": "Point",
        "coordinates": [
          -79.0265447,
          -8.0655043
        ]
      },
      "properties": {
        "id": "13546545808",
        "name": "",
        "type": "bus_stop",
        "category": "transport",
        "subcategory": "bus_stop",
        "description": "2(18-19)"
      }
    },
    {
      "type": "Feature",
      "id": "13546546403",
      "geometry": {
        "type": "Point",
        "coordinates": [
          -79.031411,
          -8.0677742
        ]
      },
      "properties": {
        "id": "13546546403",
        "name": "",
        "type": "bus_stop",
        "category": "transport",
        "subcategory": "bus_stop",
        "description": "2(18-39)"
      }
    },
    {
      "type": "Feature",
      "id": "13546545672",
      "geometry": {
        "type": "Point",
        "coordinates": [
          -79.0349157,
          -8.0756213
        ]
      },
      "properties": {
        "id": "13546545672",
        "name": "",
        "type": "bus_stop",
        "category": "transport",
        "subcategory": "bus_stop",
        "description": "3(18-25-58)"
      }
    },
    {
      "type": "Feature",
      "id": "13546545673",
      "geometry": {
        "type": "Point",
        "coordinates": [
          -79.0335143,
          -8.0789134
        ]
      },
      "properties": {
        "id": "13546545673",
        "name": "",
        "type": "bus_stop",
        "category": "transport",
        "subcategory": "bus_stop",
        "description": "1(18)"
      }
    },
    {
      "type": "Feature",
      "id": "13546545671",
      "geometry": {
        "type": "Point",
        "coordinates": [
          -79.0324562,
          -8.0809123
        ]
      },
      "properties": {
        "id": "13546545671",
        "name": "",
        "type": "bus_stop",
        "category": "transport",
        "subcategory": "bus_stop",
        "description": "1(18)"
      }
    },
    {
      "type": "Feature",
      "id": "13546545575",
      "geometry": {
        "type": "Point",
        "coordinates": [
          -79.03033,
          -8.0805819
        ]
      },
      "properties": {
        "id": "13546545575",
        "name": "",
        "type": "bus_stop",
        "category": "transport",
        "subcategory": "bus_stop",
        "description": "1(18)"
      }
    },
    {
      "type": "Feature",
      "id": "13546545573",
      "geometry": {
        "type": "Point",
        "coordinates": [
          -79.027194,
          -8.0802882
        ]
      },
      "properties": {
        "id": "13546545573",
        "name": "",
        "type": "bus_stop",
        "category": "transport",
        "subcategory": "bus_stop",
        "description": "1(18)"
      }
    },
    {
      "type": "Feature",
      "id": "13546545603",
      "geometry": {
        "type": "Point",
        "coordinates": [
          -79.0242926,
          -8.083052
        ]
      },
      "properties": {
        "id": "13546545603",
        "name": "",
        "type": "bus_stop",
        "category": "transport",
        "subcategory": "bus_stop",
        "description": "4(18-21-25-58)"
      }
    },
    {
      "type": "Feature",
      "id": "13546546038",
      "geometry": {
        "type": "Point",
        "coordinates": [
          -79.0239592,
          -8.0895126
        ]
      },
      "properties": {
        "id": "13546546038",
        "name": "",
        "type": "bus_stop",
        "category": "transport",
        "subcategory": "bus_stop",
        "description": "9(18-20-21-23-53-58-69-79-83)"
      }
    },
    {
      "type": "Feature",
      "id": "13546545876",
      "geometry": {
        "type": "Point",
        "coordinates": [
          -79.0228521,
          -8.0968109
        ]
      },
      "properties": {
        "id": "13546545876",
        "name": "",
        "type": "bus_stop",
        "category": "transport",
        "subcategory": "bus_stop",
        "description": "3(18-49-68)"
      }
    },
    {
      "type": "Feature",
      "id": "13546545878",
      "geometry": {
        "type": "Point",
        "coordinates": [
          -79.024735,
          -8.0988082
        ]
      },
      "properties": {
        "id": "13546545878",
        "name": "",
        "type": "bus_stop",
        "category": "transport",
        "subcategory": "bus_stop",
        "description": "3(18-49-68)"
      }
    },
    {
      "type": "Feature",
      "id": "13546535061",
      "geometry": {
        "type": "Point",
        "coordinates": [
          -79.0269347,
          -8.1011135
        ]
      },
      "properties": {
        "id": "13546535061",
        "name": "",
        "type": "bus_stop",
        "category": "transport",
        "subcategory": "bus_stop",
        "description": "3(18-33-49)"
      }
    },
    {
      "type": "Feature",
      "id": "13546545880",
      "geometry": {
        "type": "Point",
        "coordinates": [
          -79.0288134,
          -8.1033645
        ]
      },
      "properties": {
        "id": "13546545880",
        "name": "",
        "type": "bus_stop",
        "category": "transport",
        "subcategory": "bus_stop",
        "description": "3(18-33-49)"
      }
    },
    {
      "type": "Feature",
      "id": "13546535042",
      "geometry": {
        "type": "Point",
        "coordinates": [
          -79.0235716,
          -8.1193689
        ]
      },
      "properties": {
        "id": "13546535042",
        "name": "",
        "type": "bus_stop",
        "category": "transport",
        "subcategory": "bus_stop",
        "description": "9(18-19-39-41-42-44-45-67-70)"
      }
    },
    {
      "type": "Feature",
      "id": "13546535043",
      "geometry": {
        "type": "Point",
        "coordinates": [
          -79.0229268,
          -8.1216266
        ]
      },
      "properties": {
        "id": "13546535043",
        "name": "",
        "type": "bus_stop",
        "category": "transport",
        "subcategory": "bus_stop",
        "description": "9(18-19-39-41-42-44-45-67-70)"
      }
    },
    {
      "type": "Feature",
      "id": "13546546099",
      "geometry": {
        "type": "Point",
        "coordinates": [
          -79.0089733,
          -8.1656604
        ]
      },
      "properties": {
        "id": "13546546099",
        "name": "",
        "type": "bus_stop",
        "category": "transport",
        "subcategory": "bus_stop",
        "description": "8(18-19-30-39-40-68-70-72)"
      }
    },
    {
      "type": "Feature",
      "id": "13546545280",
      "geometry": {
        "type": "Point",
        "coordinates": [
          -78.9770527,
          -8.2171853
        ]
      },
      "properties": {
        "id": "13546545280",
        "name": "",
        "type": "bus_stop",
        "category": "transport",
        "subcategory": "bus_stop",
        "description": "1(18)"
      }
    },
    {
      "type": "Feature",
      "id": "13546546079",
      "geometry": {
        "type": "Point",
        "coordinates": [
          -78.9775392,
          -8.2147377
        ]
      },
      "properties": {
        "id": "13546546079",
        "name": "",
        "type": "bus_stop",
        "category": "transport",
        "subcategory": "bus_stop",
        "description": "1(18)"
      }
    },
    {
      "type": "Feature",
      "id": "13546545279",
      "geometry": {
        "type": "Point",
        "coordinates": [
          -78.9785514,
          -8.211477
        ]
      },
      "properties": {
        "id": "13546545279",
        "name": "",
        "type": "bus_stop",
        "category": "transport",
        "subcategory": "bus_stop",
        "description": "1(18)"
      }
    },
    {
      "type": "Feature",
      "id": "13546546111",
      "geometry": {
        "type": "Point",
        "coordinates": [
          -79.0087473,
          -8.1655834
        ]
      },
      "properties": {
        "id": "13546546111",
        "name": "",
        "type": "bus_stop",
        "category": "transport",
        "subcategory": "bus_stop",
        "description": "7(18-19-39-40-68-70-72)"
      }
    },
    {
      "type": "Feature",
      "id": "13546546039",
      "geometry": {
        "type": "Point",
        "coordinates": [
          -79.0238086,
          -8.0894725
        ]
      },
      "properties": {
        "id": "13546546039",
        "name": "",
        "type": "bus_stop",
        "category": "transport",
        "subcategory": "bus_stop",
        "description": "9(18-20-21-23-53-58-69-79-83)"
      }
    },
    {
      "type": "Feature",
      "id": "13546545604",
      "geometry": {
        "type": "Point",
        "coordinates": [
          -79.0242209,
          -8.0831286
        ]
      },
      "properties": {
        "id": "13546545604",
        "name": "",
        "type": "bus_stop",
        "category": "transport",
        "subcategory": "bus_stop",
        "description": "4(18-21-25-58)"
      }
    },
    {
      "type": "Feature",
      "id": "13546546323",
      "geometry": {
        "type": "Point",
        "coordinates": [
          -79.0337519,
          -8.0735667
        ]
      },
      "properties": {
        "id": "13546546323",
        "name": "",
        "type": "bus_stop",
        "category": "transport",
        "subcategory": "bus_stop",
        "description": "3(18-25-58)"
      }
    },
    {
      "type": "Feature",
      "id": "13546545652",
      "geometry": {
        "type": "Point",
        "coordinates": [
          -79.0342138,
          -8.0712789
        ]
      },
      "properties": {
        "id": "13546545652",
        "name": "",
        "type": "bus_stop",
        "category": "transport",
        "subcategory": "bus_stop",
        "description": "3(18-25-58)"
      }
    },
    {
      "type": "Feature",
      "id": "13546545654",
      "geometry": {
        "type": "Point",
        "coordinates": [
          -79.0343211,
          -8.0683271
        ]
      },
      "properties": {
        "id": "13546545654",
        "name": "",
        "type": "bus_stop",
        "category": "transport",
        "subcategory": "bus_stop",
        "description": "1(18)"
      }
    },
    {
      "type": "Feature",
      "id": "13546546382",
      "geometry": {
        "type": "Point",
        "coordinates": [
          -79.0283708,
          -8.0669263
        ]
      },
      "properties": {
        "id": "13546546382",
        "name": "",
        "type": "bus_stop",
        "category": "transport",
        "subcategory": "bus_stop",
        "description": "2(18-21)"
      }
    },
    {
      "type": "Feature",
      "id": "13546545803",
      "geometry": {
        "type": "Point",
        "coordinates": [
          -79.0264228,
          -8.0654061
        ]
      },
      "properties": {
        "id": "13546545803",
        "name": "",
        "type": "bus_stop",
        "category": "transport",
        "subcategory": "bus_stop",
        "description": "3(18-19-21)"
      }
    },
    {
      "type": "Feature",
      "id": "13546545802",
      "geometry": {
        "type": "Point",
        "coordinates": [
          -79.0254989,
          -8.061889
        ]
      },
      "properties": {
        "id": "13546545802",
        "name": "",
        "type": "bus_stop",
        "category": "transport",
        "subcategory": "bus_stop",
        "description": "5(18-19-42-43-67)"
      }
    },
    {
      "type": "Feature",
      "id": "13546545811",
      "geometry": {
        "type": "Point",
        "coordinates": [
          -79.0231112,
          -8.060906
        ]
      },
      "properties": {
        "id": "13546545811",
        "name": "",
        "type": "bus_stop",
        "category": "transport",
        "subcategory": "bus_stop",
        "description": "2(18-19)"
      }
    },
    {
      "type": "Feature",
      "id": "13546546387",
      "geometry": {
        "type": "Point",
        "coordinates": [
          -79.0259798,
          -8.0695672
        ]
      },
      "properties": {
        "id": "13546546387",
        "name": "",
        "type": "bus_stop",
        "category": "transport",
        "subcategory": "bus_stop",
        "description": "1(19)"
      }
    },
    {
      "type": "Feature",
      "id": "13546545560",
      "geometry": {
        "type": "Point",
        "coordinates": [
          -79.0252657,
          -8.073722
        ]
      },
      "properties": {
        "id": "13546545560",
        "name": "",
        "type": "bus_stop",
        "category": "transport",
        "subcategory": "bus_stop",
        "description": "1(19)"
      }
    },
    {
      "type": "Feature",
      "id": "13546545583",
      "geometry": {
        "type": "Point",
        "coordinates": [
          -79.0263912,
          -8.0788277
        ]
      },
      "properties": {
        "id": "13546545583",
        "name": "",
        "type": "bus_stop",
        "category": "transport",
        "subcategory": "bus_stop",
        "description": "1(19)"
      }
    },
    {
      "type": "Feature",
      "id": "13546545267",
      "geometry": {
        "type": "Point",
        "coordinates": [
          -79.0269516,
          -8.0907936
        ]
      },
      "properties": {
        "id": "13546545267",
        "name": "",
        "type": "bus_stop",
        "category": "transport",
        "subcategory": "bus_stop",
        "description": "10(19-42-43-45-46-67-68-79-83-84)"
      }
    },
    {
      "type": "Feature",
      "id": "13546545350",
      "geometry": {
        "type": "Point",
        "coordinates": [
          -78.9936407,
          -8.1792303
        ]
      },
      "properties": {
        "id": "13546545350",
        "name": "",
        "type": "bus_stop",
        "category": "transport",
        "subcategory": "bus_stop",
        "description": "1(19)"
      }
    },
    {
      "type": "Feature",
      "id": "13546546122",
      "geometry": {
        "type": "Point",
        "coordinates": [
          -78.9905174,
          -8.1816211
        ]
      },
      "properties": {
        "id": "13546546122",
        "name": "",
        "type": "bus_stop",
        "category": "transport",
        "subcategory": "bus_stop",
        "description": "1(19)"
      }
    },
    {
      "type": "Feature",
      "id": "1098613723",
      "geometry": {
        "type": "Point",
        "coordinates": [
          -78.9896182,
          -8.1822532
        ]
      },
      "properties": {
        "id": "1098613723",
        "name": "Calle San Andrés y Juan Pablo II",
        "type": "bus_stop",
        "category": "transport",
        "subcategory": "bus_stop",
        "description": "1(19)"
      }
    },
    {
      "type": "Feature",
      "id": "13546546125",
      "geometry": {
        "type": "Point",
        "coordinates": [
          -78.9922571,
          -8.1832442
        ]
      },
      "properties": {
        "id": "13546546125",
        "name": "",
        "type": "bus_stop",
        "category": "transport",
        "subcategory": "bus_stop",
        "description": "5(19-39-40-70-72)"
      }
    },
    {
      "type": "Feature",
      "id": "13546545304",
      "geometry": {
        "type": "Point",
        "coordinates": [
          -78.9963901,
          -8.1770898
        ]
      },
      "properties": {
        "id": "13546545304",
        "name": "",
        "type": "bus_stop",
        "category": "transport",
        "subcategory": "bus_stop",
        "description": "1(19)"
      }
    },
    {
      "type": "Feature",
      "id": "13546545268",
      "geometry": {
        "type": "Point",
        "coordinates": [
          -79.026927,
          -8.0909589
        ]
      },
      "properties": {
        "id": "13546545268",
        "name": "",
        "type": "bus_stop",
        "category": "transport",
        "subcategory": "bus_stop",
        "description": "10(19-42-43-45-62-67-68-79-83-84)"
      }
    },
    {
      "type": "Feature",
      "id": "13546545580",
      "geometry": {
        "type": "Point",
        "coordinates": [
          -79.0265223,
          -8.088695
        ]
      },
      "properties": {
        "id": "13546545580",
        "name": "",
        "type": "bus_stop",
        "category": "transport",
        "subcategory": "bus_stop",
        "description": "2(19-68)"
      }
    },
    {
      "type": "Feature",
      "id": "13546545579",
      "geometry": {
        "type": "Point",
        "coordinates": [
          -79.0267987,
          -8.0863649
        ]
      },
      "properties": {
        "id": "13546545579",
        "name": "",
        "type": "bus_stop",
        "category": "transport",
        "subcategory": "bus_stop",
        "description": "2(19-68)"
      }
    },
    {
      "type": "Feature",
      "id": "13546545578",
      "geometry": {
        "type": "Point",
        "coordinates": [
          -79.0270852,
          -8.0841867
        ]
      },
      "properties": {
        "id": "13546545578",
        "name": "",
        "type": "bus_stop",
        "category": "transport",
        "subcategory": "bus_stop",
        "description": "2(19-68)"
      }
    },
    {
      "type": "Feature",
      "id": "13546545577",
      "geometry": {
        "type": "Point",
        "coordinates": [
          -79.0273156,
          -8.0821844
        ]
      },
      "properties": {
        "id": "13546545577",
        "name": "",
        "type": "bus_stop",
        "category": "transport",
        "subcategory": "bus_stop",
        "description": "2(19-68)"
      }
    },
    {
      "type": "Feature",
      "id": "13546545576",
      "geometry": {
        "type": "Point",
        "coordinates": [
          -79.027623,
          -8.0799614
        ]
      },
      "properties": {
        "id": "13546545576",
        "name": "",
        "type": "bus_stop",
        "category": "transport",
        "subcategory": "bus_stop",
        "description": "2(19-68)"
      }
    },
    {
      "type": "Feature",
      "id": "13546545565",
      "geometry": {
        "type": "Point",
        "coordinates": [
          -79.0251873,
          -8.0738151
        ]
      },
      "properties": {
        "id": "13546545565",
        "name": "",
        "type": "bus_stop",
        "category": "transport",
        "subcategory": "bus_stop",
        "description": "2(19-21)"
      }
    },
    {
      "type": "Feature",
      "id": "13546546386",
      "geometry": {
        "type": "Point",
        "coordinates": [
          -79.0258133,
          -8.0697992
        ]
      },
      "properties": {
        "id": "13546546386",
        "name": "",
        "type": "bus_stop",
        "category": "transport",
        "subcategory": "bus_stop",
        "description": "2(19-21)"
      }
    },
    {
      "type": "Feature",
      "id": "13546545906",
      "geometry": {
        "type": "Point",
        "coordinates": [
          -79.0214104,
          -8.1065488
        ]
      },
      "properties": {
        "id": "13546545906",
        "name": "",
        "type": "bus_stop",
        "category": "transport",
        "subcategory": "bus_stop",
        "description": "6(15-48-64-69-71-74)"
      }
    },
    {
      "type": "Feature",
      "id": "13546545900",
      "geometry": {
        "type": "Point",
        "coordinates": [
          -79.0117809,
          -8.0971849
        ]
      },
      "properties": {
        "id": "13546545900",
        "name": "",
        "type": "bus_stop",
        "category": "transport",
        "subcategory": "bus_stop",
        "description": "10(15-34-36-40-48-64-69-71-72-74)"
      }
    },
    {
      "type": "Feature",
      "id": "13546545891",
      "geometry": {
        "type": "Point",
        "coordinates": [
          -79.0091316,
          -8.09427
        ]
      },
      "properties": {
        "id": "13546545891",
        "name": "",
        "type": "bus_stop",
        "category": "transport",
        "subcategory": "bus_stop",
        "description": "23(13-15-25-48-49-50-51-52-54-58-60-61-64-69-71-73-74-75-76-77-79-82-83)"
      }
    },
    {
      "type": "Feature",
      "id": "13546535086",
      "geometry": {
        "type": "Point",
        "coordinates": [
          -79.0071829,
          -8.0912889
        ]
      },
      "properties": {
        "id": "13546535086",
        "name": "",
        "type": "bus_stop",
        "category": "transport",
        "subcategory": "bus_stop",
        "description": "21(13-15-48-49-50-51-52-54-60-61-64-69-71-73-74-75-76-77-79-82-83)"
      }
    },
    {
      "type": "Feature",
      "id": "13546545418",
      "geometry": {
        "type": "Point",
        "coordinates": [
          -79.0031939,
          -8.0857424
        ]
      },
      "properties": {
        "id": "13546545418",
        "name": "",
        "type": "bus_stop",
        "category": "transport",
        "subcategory": "bus_stop",
        "description": "4(15-49-54-64)"
      }
    },
    {
      "type": "Feature",
      "id": "13546545471",
      "geometry": {
        "type": "Point",
        "coordinates": [
          -79.0063856,
          -8.0686162
        ]
      },
      "properties": {
        "id": "13546545471",
        "name": "",
        "type": "bus_stop",
        "category": "transport",
        "subcategory": "bus_stop",
        "description": "3(15-16-80)"
      }
    },
    {
      "type": "Feature",
      "id": "13546545826",
      "geometry": {
        "type": "Point",
        "coordinates": [
          -79.0065783,
          -8.061287
        ]
      },
      "properties": {
        "id": "13546545826",
        "name": "",
        "type": "bus_stop",
        "category": "transport",
        "subcategory": "bus_stop",
        "description": "4(15-23-49-80)"
      }
    },
    {
      "type": "Feature",
      "id": "13546545817",
      "geometry": {
        "type": "Point",
        "coordinates": [
          -79.0089535,
          -8.0539401
        ]
      },
      "properties": {
        "id": "13546545817",
        "name": "",
        "type": "bus_stop",
        "category": "transport",
        "subcategory": "bus_stop",
        "description": "1(15)"
      }
    },
    {
      "type": "Feature",
      "id": "5072310623",
      "geometry": {
        "type": "Point",
        "coordinates": [
          -79.0467557,
          -8.057127
        ]
      },
      "properties": {
        "id": "5072310623",
        "name": "Calle los Cipreses",
        "type": "bus_stop",
        "category": "transport",
        "subcategory": "bus_stop",
        "description": "2(20-53)"
      }
    },
    {
      "type": "Feature",
      "id": "13546546315",
      "geometry": {
        "type": "Point",
        "coordinates": [
          -79.048082,
          -8.0555369
        ]
      },
      "properties": {
        "id": "13546546315",
        "name": "",
        "type": "bus_stop",
        "category": "transport",
        "subcategory": "bus_stop",
        "description": "3(20-24-53)"
      }
    },
    {
      "type": "Feature",
      "id": "13546545704",
      "geometry": {
        "type": "Point",
        "coordinates": [
          -79.0502198,
          -8.0567846
        ]
      },
      "properties": {
        "id": "13546545704",
        "name": "",
        "type": "bus_stop",
        "category": "transport",
        "subcategory": "bus_stop",
        "description": "3(20-33-53)"
      }
    },
    {
      "type": "Feature",
      "id": "13546546346",
      "geometry": {
        "type": "Point",
        "coordinates": [
          -79.041666,
          -8.0719115
        ]
      },
      "properties": {
        "id": "13546546346",
        "name": "",
        "type": "bus_stop",
        "category": "transport",
        "subcategory": "bus_stop",
        "description": "3(20-24-53)"
      }
    },
    {
      "type": "Feature",
      "id": "13546546307",
      "geometry": {
        "type": "Point",
        "coordinates": [
          -79.0415496,
          -8.0721117
        ]
      },
      "properties": {
        "id": "13546546307",
        "name": "",
        "type": "bus_stop",
        "category": "transport",
        "subcategory": "bus_stop",
        "description": "3(20-24-53)"
      }
    },
    {
      "type": "Feature",
      "id": "13546545721",
      "geometry": {
        "type": "Point",
        "coordinates": [
          -79.0414513,
          -8.075438
        ]
      },
      "properties": {
        "id": "13546545721",
        "name": "",
        "type": "bus_stop",
        "category": "transport",
        "subcategory": "bus_stop",
        "description": "3(20-24-53)"
      }
    },
    {
      "type": "Feature",
      "id": "13546545618",
      "geometry": {
        "type": "Point",
        "coordinates": [
          -79.0403689,
          -8.0775439
        ]
      },
      "properties": {
        "id": "13546545618",
        "name": "",
        "type": "bus_stop",
        "category": "transport",
        "subcategory": "bus_stop",
        "description": "3(20-24-53)"
      }
    },
    {
      "type": "Feature",
      "id": "13546545666",
      "geometry": {
        "type": "Point",
        "coordinates": [
          -79.0383812,
          -8.0779806
        ]
      },
      "properties": {
        "id": "13546545666",
        "name": "",
        "type": "bus_stop",
        "category": "transport",
        "subcategory": "bus_stop",
        "description": "3(20-24-53)"
      }
    },
    {
      "type": "Feature",
      "id": "13546546040",
      "geometry": {
        "type": "Point",
        "coordinates": [
          -79.0402851,
          -8.1115821
        ]
      },
      "properties": {
        "id": "13546546040",
        "name": "",
        "type": "bus_stop",
        "category": "transport",
        "subcategory": "bus_stop",
        "description": "5(20-46-53-65-80)"
      }
    },
    {
      "type": "Feature",
      "id": "13546545227",
      "geometry": {
        "type": "Point",
        "coordinates": [
          -79.0418803,
          -8.1136662
        ]
      },
      "properties": {
        "id": "13546545227",
        "name": "",
        "type": "bus_stop",
        "category": "transport",
        "subcategory": "bus_stop",
        "description": "5(20-46-53-65-80)"
      }
    },
    {
      "type": "Feature",
      "id": "13546546201",
      "geometry": {
        "type": "Point",
        "coordinates": [
          -79.0459576,
          -8.1257924
        ]
      },
      "properties": {
        "id": "13546546201",
        "name": "",
        "type": "bus_stop",
        "category": "transport",
        "subcategory": "bus_stop",
        "description": "4(20-21-53-75)"
      }
    },
    {
      "type": "Feature",
      "id": "1098649277",
      "geometry": {
        "type": "Point",
        "coordinates": [
          -79.0431823,
          -8.1280675
        ]
      },
      "properties": {
        "id": "1098649277",
        "name": "Avenida los Pajuiles y Calle 5",
        "type": "bus_stop",
        "category": "transport",
        "subcategory": "bus_stop",
        "description": "2(20-53)"
      }
    },
    {
      "type": "Feature",
      "id": "1098630488",
      "geometry": {
        "type": "Point",
        "coordinates": [
          -79.028446,
          -8.0666979
        ]
      },
      "properties": {
        "id": "1098630488",
        "name": "Prolongación Calle 7 de Julio",
        "type": "bus_stop",
        "category": "transport",
        "subcategory": "bus_stop",
        "description": "1(21)"
      }
    },
    {
      "type": "Feature",
      "id": "13546545553",
      "geometry": {
        "type": "Point",
        "coordinates": [
          -79.0257714,
          -8.0757594
        ]
      },
      "properties": {
        "id": "13546545553",
        "name": "",
        "type": "bus_stop",
        "category": "transport",
        "subcategory": "bus_stop",
        "description": "1(21)"
      }
    },
    {
      "type": "Feature",
      "id": "13546545191",
      "geometry": {
        "type": "Point",
        "coordinates": [
          -79.0182418,
          -8.0976239
        ]
      },
      "properties": {
        "id": "13546545191",
        "name": "",
        "type": "bus_stop",
        "category": "transport",
        "subcategory": "bus_stop",
        "description": "1(21)"
      }
    },
    {
      "type": "Feature",
      "id": "12121155277",
      "geometry": {
        "type": "Point",
        "coordinates": [
          -79.019224,
          -8.0997472
        ]
      },
      "properties": {
        "id": "12121155277",
        "name": "Avenida del Ejército",
        "type": "bus_stop",
        "category": "transport",
        "subcategory": "bus_stop",
        "description": "1(21)"
      }
    },
    {
      "type": "Feature",
      "id": "13546545190",
      "geometry": {
        "type": "Point",
        "coordinates": [
          -79.0208072,
          -8.1015642
        ]
      },
      "properties": {
        "id": "13546545190",
        "name": "",
        "type": "bus_stop",
        "category": "transport",
        "subcategory": "bus_stop",
        "description": "1(21)"
      }
    },
    {
      "type": "Feature",
      "id": "5474060091",
      "geometry": {
        "type": "Point",
        "coordinates": [
          -79.0611237,
          -8.1382173
        ]
      },
      "properties": {
        "id": "5474060091",
        "name": "Jirón Desamparados",
        "type": "bus_stop",
        "category": "transport",
        "subcategory": "bus_stop",
        "description": "1(21)"
      }
    },
    {
      "type": "Feature",
      "id": "13546545386",
      "geometry": {
        "type": "Point",
        "coordinates": [
          -79.0604828,
          -8.1387377
        ]
      },
      "properties": {
        "id": "13546545386",
        "name": "",
        "type": "bus_stop",
        "category": "transport",
        "subcategory": "bus_stop",
        "description": "1(21)"
      }
    },
    {
      "type": "Feature",
      "id": "13546545189",
      "geometry": {
        "type": "Point",
        "coordinates": [
          -79.032793,
          -8.1111575
        ]
      },
      "properties": {
        "id": "13546545189",
        "name": "",
        "type": "bus_stop",
        "category": "transport",
        "subcategory": "bus_stop",
        "description": "19(21-22-27-28-31-32-37-47-48-50-51-52-56-60-66-73-77-78-81)"
      }
    },
    {
      "type": "Feature",
      "id": "13546535096",
      "geometry": {
        "type": "Point",
        "coordinates": [
          -79.0354155,
          -8.1087252
        ]
      },
      "properties": {
        "id": "13546535096",
        "name": "",
        "type": "bus_stop",
        "category": "transport",
        "subcategory": "bus_stop",
        "description": "23(13-21-22-27-28-31-32-37-4-47-48-50-51-52-56-57-58-60-66-73-77-78-81)"
      }
    },
    {
      "type": "Feature",
      "id": "13546545887",
      "geometry": {
        "type": "Point",
        "coordinates": [
          -79.0227884,
          -8.09172
        ]
      },
      "properties": {
        "id": "13546545887",
        "name": "",
        "type": "bus_stop",
        "category": "transport",
        "subcategory": "bus_stop",
        "description": "4(21-69-79-83)"
      }
    },
    {
      "type": "Feature",
      "id": "13546545590",
      "geometry": {
        "type": "Point",
        "coordinates": [
          -79.0232741,
          -8.0845681
        ]
      },
      "properties": {
        "id": "13546545590",
        "name": "",
        "type": "bus_stop",
        "category": "transport",
        "subcategory": "bus_stop",
        "description": "3(21-39-70)"
      }
    },
    {
      "type": "Feature",
      "id": "13546546381",
      "geometry": {
        "type": "Point",
        "coordinates": [
          -79.0272476,
          -8.0641486
        ]
      },
      "properties": {
        "id": "13546546381",
        "name": "",
        "type": "bus_stop",
        "category": "transport",
        "subcategory": "bus_stop",
        "description": "1(21)"
      }
    },
    {
      "type": "Feature",
      "id": "2339884498",
      "geometry": {
        "type": "Point",
        "coordinates": [
          -79.0281907,
          -8.0643711
        ]
      },
      "properties": {
        "id": "2339884498",
        "name": "Avenida Dinamarca y Prolongación Calle 7 de Julio",
        "type": "bus_stop",
        "category": "transport",
        "subcategory": "bus_stop",
        "description": "1(21)"
      }
    },
    {
      "type": "Feature",
      "id": "13546545141",
      "geometry": {
        "type": "Point",
        "coordinates": [
          -79.0212347,
          -8.1017959
        ]
      },
      "properties": {
        "id": "13546545141",
        "name": "",
        "type": "bus_stop",
        "category": "transport",
        "subcategory": "bus_stop",
        "description": "1(21)"
      }
    },
    {
      "type": "Feature",
      "id": "13546545114",
      "geometry": {
        "type": "Point",
        "coordinates": [
          -79.0215513,
          -8.100433
        ]
      },
      "properties": {
        "id": "13546545114",
        "name": "",
        "type": "bus_stop",
        "category": "transport",
        "subcategory": "bus_stop",
        "description": "2(21-24)"
      }
    },
    {
      "type": "Feature",
      "id": "13546545116",
      "geometry": {
        "type": "Point",
        "coordinates": [
          -79.0202265,
          -8.0979726
        ]
      },
      "properties": {
        "id": "13546545116",
        "name": "",
        "type": "bus_stop",
        "category": "transport",
        "subcategory": "bus_stop",
        "description": "2(21-24)"
      }
    },
    {
      "type": "Feature",
      "id": "13546545917",
      "geometry": {
        "type": "Point",
        "coordinates": [
          -79.0190078,
          -8.0952187
        ]
      },
      "properties": {
        "id": "13546545917",
        "name": "",
        "type": "bus_stop",
        "category": "transport",
        "subcategory": "bus_stop",
        "description": "3(21-22-24)"
      }
    },
    {
      "type": "Feature",
      "id": "13546545599",
      "geometry": {
        "type": "Point",
        "coordinates": [
          -79.0187287,
          -8.0839135
        ]
      },
      "properties": {
        "id": "13546545599",
        "name": "",
        "type": "bus_stop",
        "category": "transport",
        "subcategory": "bus_stop",
        "description": "7(21-22-23-34-36-43-84)"
      }
    },
    {
      "type": "Feature",
      "id": "13546545600",
      "geometry": {
        "type": "Point",
        "coordinates": [
          -79.0196721,
          -8.0797043
        ]
      },
      "properties": {
        "id": "13546545600",
        "name": "",
        "type": "bus_stop",
        "category": "transport",
        "subcategory": "bus_stop",
        "description": "6(21-22-34-36-43-84)"
      }
    },
    {
      "type": "Feature",
      "id": "13546545849",
      "geometry": {
        "type": "Point",
        "coordinates": [
          -79.0207233,
          -8.0630417
        ]
      },
      "properties": {
        "id": "13546545849",
        "name": "",
        "type": "bus_stop",
        "category": "transport",
        "subcategory": "bus_stop",
        "description": "1(21)"
      }
    },
    {
      "type": "Feature",
      "id": "13546546410",
      "geometry": {
        "type": "Point",
        "coordinates": [
          -79.0205617,
          -8.0603441
        ]
      },
      "properties": {
        "id": "13546546410",
        "name": "",
        "type": "bus_stop",
        "category": "transport",
        "subcategory": "bus_stop",
        "description": "1(21)"
      }
    },
    {
      "type": "Feature",
      "id": "13546546405",
      "geometry": {
        "type": "Point",
        "coordinates": [
          -79.0226096,
          -8.0561907
        ]
      },
      "properties": {
        "id": "13546546405",
        "name": "",
        "type": "bus_stop",
        "category": "transport",
        "subcategory": "bus_stop",
        "description": "2(21-41)"
      }
    },
    {
      "type": "Feature",
      "id": "2589604594",
      "geometry": {
        "type": "Point",
        "coordinates": [
          -79.0227682,
          -8.0561124
        ]
      },
      "properties": {
        "id": "2589604594",
        "name": "Via Evitamiento Milagro",
        "type": "bus_stop",
        "category": "transport",
        "subcategory": "bus_stop",
        "description": "1(21)"
      }
    },
    {
      "type": "Feature",
      "id": "13546545795",
      "geometry": {
        "type": "Point",
        "coordinates": [
          -79.0242079,
          -8.0637244
        ]
      },
      "properties": {
        "id": "13546545795",
        "name": "",
        "type": "bus_stop",
        "category": "transport",
        "subcategory": "bus_stop",
        "description": "6(21-36-42-43-67-84)"
      }
    },
    {
      "type": "Feature",
      "id": "13546545601",
      "geometry": {
        "type": "Point",
        "coordinates": [
          -79.0203772,
          -8.076133
        ]
      },
      "properties": {
        "id": "13546545601",
        "name": "",
        "type": "bus_stop",
        "category": "transport",
        "subcategory": "bus_stop",
        "description": "7(21-41-42-43-45-67-84)"
      }
    },
    {
      "type": "Feature",
      "id": "13546545588",
      "geometry": {
        "type": "Point",
        "coordinates": [
          -79.0197762,
          -8.0796005
        ]
      },
      "properties": {
        "id": "13546545588",
        "name": "",
        "type": "bus_stop",
        "category": "transport",
        "subcategory": "bus_stop",
        "description": "6(21-22-34-36-43-84)"
      }
    },
    {
      "type": "Feature",
      "id": "13546545591",
      "geometry": {
        "type": "Point",
        "coordinates": [
          -79.0188501,
          -8.0837409
        ]
      },
      "properties": {
        "id": "13546545591",
        "name": "",
        "type": "bus_stop",
        "category": "transport",
        "subcategory": "bus_stop",
        "description": "7(21-22-23-34-36-43-84)"
      }
    },
    {
      "type": "Feature",
      "id": "13546545118",
      "geometry": {
        "type": "Point",
        "coordinates": [
          -79.0184435,
          -8.0931474
        ]
      },
      "properties": {
        "id": "13546545118",
        "name": "",
        "type": "bus_stop",
        "category": "transport",
        "subcategory": "bus_stop",
        "description": "3(21-22-24)"
      }
    },
    {
      "type": "Feature",
      "id": "13546545117",
      "geometry": {
        "type": "Point",
        "coordinates": [
          -79.0195201,
          -8.0958311
        ]
      },
      "properties": {
        "id": "13546545117",
        "name": "",
        "type": "bus_stop",
        "category": "transport",
        "subcategory": "bus_stop",
        "description": "2(21-24)"
      }
    },
    {
      "type": "Feature",
      "id": "13546545115",
      "geometry": {
        "type": "Point",
        "coordinates": [
          -79.0205478,
          -8.0982254
        ]
      },
      "properties": {
        "id": "13546545115",
        "name": "",
        "type": "bus_stop",
        "category": "transport",
        "subcategory": "bus_stop",
        "description": "2(21-24)"
      }
    },
    {
      "type": "Feature",
      "id": "13546545113",
      "geometry": {
        "type": "Point",
        "coordinates": [
          -79.0220679,
          -8.1008373
        ]
      },
      "properties": {
        "id": "13546545113",
        "name": "",
        "type": "bus_stop",
        "category": "transport",
        "subcategory": "bus_stop",
        "description": "2(21-24)"
      }
    },
    {
      "type": "Feature",
      "id": "13546545162",
      "geometry": {
        "type": "Point",
        "coordinates": [
          -79.0214468,
          -8.1032765
        ]
      },
      "properties": {
        "id": "13546545162",
        "name": "",
        "type": "bus_stop",
        "category": "transport",
        "subcategory": "bus_stop",
        "description": "1(21)"
      }
    },
    {
      "type": "Feature",
      "id": "13546546190",
      "geometry": {
        "type": "Point",
        "coordinates": [
          -79.0507061,
          -8.1314687
        ]
      },
      "properties": {
        "id": "13546546190",
        "name": "",
        "type": "bus_stop",
        "category": "transport",
        "subcategory": "bus_stop",
        "description": "3(21-47-75)"
      }
    },
    {
      "type": "Feature",
      "id": "13546545392",
      "geometry": {
        "type": "Point",
        "coordinates": [
          -79.0483569,
          -8.1288141
        ]
      },
      "properties": {
        "id": "13546545392",
        "name": "",
        "type": "bus_stop",
        "category": "transport",
        "subcategory": "bus_stop",
        "description": "1(21)"
      }
    },
    {
      "type": "Feature",
      "id": "13546546200",
      "geometry": {
        "type": "Point",
        "coordinates": [
          -79.0459134,
          -8.1260118
        ]
      },
      "properties": {
        "id": "13546546200",
        "name": "",
        "type": "bus_stop",
        "category": "transport",
        "subcategory": "bus_stop",
        "description": "2(21-75)"
      }
    },
    {
      "type": "Feature",
      "id": "13546545948",
      "geometry": {
        "type": "Point",
        "coordinates": [
          -79.045632,
          -8.1257703
        ]
      },
      "properties": {
        "id": "13546545948",
        "name": "",
        "type": "bus_stop",
        "category": "transport",
        "subcategory": "bus_stop",
        "description": "4(20-21-53-75)"
      }
    },
    {
      "type": "Feature",
      "id": "13546545149",
      "geometry": {
        "type": "Point",
        "coordinates": [
          -79.0436346,
          -8.1234372
        ]
      },
      "properties": {
        "id": "13546545149",
        "name": "",
        "type": "bus_stop",
        "category": "transport",
        "subcategory": "bus_stop",
        "description": "1(21)"
      }
    },
    {
      "type": "Feature",
      "id": "13546545949",
      "geometry": {
        "type": "Point",
        "coordinates": [
          -79.0412691,
          -8.1206448
        ]
      },
      "properties": {
        "id": "13546545949",
        "name": "",
        "type": "bus_stop",
        "category": "transport",
        "subcategory": "bus_stop",
        "description": "1(21)"
      }
    },
    {
      "type": "Feature",
      "id": "13546545393",
      "geometry": {
        "type": "Point",
        "coordinates": [
          -79.0485188,
          -8.128724
        ]
      },
      "properties": {
        "id": "13546545393",
        "name": "",
        "type": "bus_stop",
        "category": "transport",
        "subcategory": "bus_stop",
        "description": "1(21)"
      }
    },
    {
      "type": "Feature",
      "id": "13546546191",
      "geometry": {
        "type": "Point",
        "coordinates": [
          -79.0509294,
          -8.1315145
        ]
      },
      "properties": {
        "id": "13546546191",
        "name": "",
        "type": "bus_stop",
        "category": "transport",
        "subcategory": "bus_stop",
        "description": "3(21-47-75)"
      }
    },
    {
      "type": "Feature",
      "id": "13546545391",
      "geometry": {
        "type": "Point",
        "coordinates": [
          -79.048954,
          -8.1330894
        ]
      },
      "properties": {
        "id": "13546545391",
        "name": "",
        "type": "bus_stop",
        "category": "transport",
        "subcategory": "bus_stop",
        "description": "1(21)"
      }
    },
    {
      "type": "Feature",
      "id": "13546545720",
      "geometry": {
        "type": "Point",
        "coordinates": [
          -79.0403844,
          -8.0773854
        ]
      },
      "properties": {
        "id": "13546545720",
        "name": "",
        "type": "bus_stop",
        "category": "transport",
        "subcategory": "bus_stop",
        "description": "3(20-24-53)"
      }
    },
    {
      "type": "Feature",
      "id": "13546545696",
      "geometry": {
        "type": "Point",
        "coordinates": [
          -79.04125,
          -8.0737571
        ]
      },
      "properties": {
        "id": "13546545696",
        "name": "",
        "type": "bus_stop",
        "category": "transport",
        "subcategory": "bus_stop",
        "description": "2(20-53)"
      }
    },
    {
      "type": "Feature",
      "id": "13546546347",
      "geometry": {
        "type": "Point",
        "coordinates": [
          -79.0433503,
          -8.0705267
        ]
      },
      "properties": {
        "id": "13546546347",
        "name": "",
        "type": "bus_stop",
        "category": "transport",
        "subcategory": "bus_stop",
        "description": "3(20-24-53)"
      }
    },
    {
      "type": "Feature",
      "id": "13546546308",
      "geometry": {
        "type": "Point",
        "coordinates": [
          -79.0445976,
          -8.0687889
        ]
      },
      "properties": {
        "id": "13546546308",
        "name": "",
        "type": "bus_stop",
        "category": "transport",
        "subcategory": "bus_stop",
        "description": "3(20-24-53)"
      }
    },
    {
      "type": "Feature",
      "id": "13546546348",
      "geometry": {
        "type": "Point",
        "coordinates": [
          -79.0448327,
          -8.0684283
        ]
      },
      "properties": {
        "id": "13546546348",
        "name": "",
        "type": "bus_stop",
        "category": "transport",
        "subcategory": "bus_stop",
        "description": "3(20-24-53)"
      }
    },
    {
      "type": "Feature",
      "id": "13395560314",
      "geometry": {
        "type": "Point",
        "coordinates": [
          -79.0469554,
          -8.0567572
        ]
      },
      "properties": {
        "id": "13395560314",
        "name": "Calle los Cipreses",
        "type": "bus_stop",
        "category": "transport",
        "subcategory": "bus_stop",
        "description": "1(20)"
      }
    },
    {
      "type": "Feature",
      "id": "1098599033",
      "geometry": {
        "type": "Point",
        "coordinates": [
          -79.0422055,
          -8.1019746
        ]
      },
      "properties": {
        "id": "1098599033",
        "name": "Avenida Mansiche y Calle Liverpool",
        "type": "bus_stop",
        "category": "transport",
        "subcategory": "bus_stop",
        "description": "1(22)"
      }
    },
    {
      "type": "Feature",
      "id": "13546545897",
      "geometry": {
        "type": "Point",
        "coordinates": [
          -79.0439007,
          -8.1061468
        ]
      },
      "properties": {
        "id": "13546545897",
        "name": "",
        "type": "bus_stop",
        "category": "transport",
        "subcategory": "bus_stop",
        "description": "3(22-24-37)"
      }
    },
    {
      "type": "Feature",
      "id": "13546535066",
      "geometry": {
        "type": "Point",
        "coordinates": [
          -79.0160862,
          -8.1113059
        ]
      },
      "properties": {
        "id": "13546535066",
        "name": "",
        "type": "bus_stop",
        "category": "transport",
        "subcategory": "bus_stop",
        "description": "9(22-24-29-33-63-76-79-82-83)"
      }
    },
    {
      "type": "Feature",
      "id": "13546545582",
      "geometry": {
        "type": "Point",
        "coordinates": [
          -79.0175674,
          -8.0783783
        ]
      },
      "properties": {
        "id": "13546545582",
        "name": "",
        "type": "bus_stop",
        "category": "transport",
        "subcategory": "bus_stop",
        "description": "1(22)"
      }
    },
    {
      "type": "Feature",
      "id": "13546545570",
      "geometry": {
        "type": "Point",
        "coordinates": [
          -79.0173726,
          -8.0744894
        ]
      },
      "properties": {
        "id": "13546545570",
        "name": "",
        "type": "bus_stop",
        "category": "transport",
        "subcategory": "bus_stop",
        "description": "1(22)"
      }
    },
    {
      "type": "Feature",
      "id": "13546546384",
      "geometry": {
        "type": "Point",
        "coordinates": [
          -79.0176974,
          -8.068293
        ]
      },
      "properties": {
        "id": "13546546384",
        "name": "",
        "type": "bus_stop",
        "category": "transport",
        "subcategory": "bus_stop",
        "description": "1(22)"
      }
    },
    {
      "type": "Feature",
      "id": "13546545797",
      "geometry": {
        "type": "Point",
        "coordinates": [
          -79.0203982,
          -8.067117
        ]
      },
      "properties": {
        "id": "13546545797",
        "name": "",
        "type": "bus_stop",
        "category": "transport",
        "subcategory": "bus_stop",
        "description": "1(22)"
      }
    },
    {
      "type": "Feature",
      "id": "13546545449",
      "geometry": {
        "type": "Point",
        "coordinates": [
          -79.0197268,
          -8.0717928
        ]
      },
      "properties": {
        "id": "13546545449",
        "name": "",
        "type": "bus_stop",
        "category": "transport",
        "subcategory": "bus_stop",
        "description": "2(16-22)"
      }
    },
    {
      "type": "Feature",
      "id": "13546546217",
      "geometry": {
        "type": "Point",
        "coordinates": [
          -79.0179681,
          -8.0714825
        ]
      },
      "properties": {
        "id": "13546546217",
        "name": "",
        "type": "bus_stop",
        "category": "transport",
        "subcategory": "bus_stop",
        "description": "2(16-22)"
      }
    },
    {
      "type": "Feature",
      "id": "1098626330",
      "geometry": {
        "type": "Point",
        "coordinates": [
          -79.0163343,
          -8.0710228
        ]
      },
      "properties": {
        "id": "1098626330",
        "name": "Avenida las Magnolias y Calle San Nicolas",
        "type": "bus_stop",
        "category": "transport",
        "subcategory": "bus_stop",
        "description": "1(22)"
      }
    },
    {
      "type": "Feature",
      "id": "5082107599",
      "geometry": {
        "type": "Point",
        "coordinates": [
          -79.0163485,
          -8.0709414
        ]
      },
      "properties": {
        "id": "5082107599",
        "name": "Avenida las Magnolias y Calle San Nicolas",
        "type": "bus_stop",
        "category": "transport",
        "subcategory": "bus_stop",
        "description": "1(22)"
      }
    },
    {
      "type": "Feature",
      "id": "13546545799",
      "geometry": {
        "type": "Point",
        "coordinates": [
          -79.0203648,
          -8.0672199
        ]
      },
      "properties": {
        "id": "13546545799",
        "name": "",
        "type": "bus_stop",
        "category": "transport",
        "subcategory": "bus_stop",
        "description": "1(22)"
      }
    },
    {
      "type": "Feature",
      "id": "13546546383",
      "geometry": {
        "type": "Point",
        "coordinates": [
          -79.0178136,
          -8.0680815
        ]
      },
      "properties": {
        "id": "13546546383",
        "name": "",
        "type": "bus_stop",
        "category": "transport",
        "subcategory": "bus_stop",
        "description": "1(22)"
      }
    },
    {
      "type": "Feature",
      "id": "13546546218",
      "geometry": {
        "type": "Point",
        "coordinates": [
          -79.01751,
          -8.0716927
        ]
      },
      "properties": {
        "id": "13546546218",
        "name": "",
        "type": "bus_stop",
        "category": "transport",
        "subcategory": "bus_stop",
        "description": "2(22-23)"
      }
    },
    {
      "type": "Feature",
      "id": "13546545571",
      "geometry": {
        "type": "Point",
        "coordinates": [
          -79.0158262,
          -8.077003
        ]
      },
      "properties": {
        "id": "13546545571",
        "name": "",
        "type": "bus_stop",
        "category": "transport",
        "subcategory": "bus_stop",
        "description": "2(22-23)"
      }
    },
    {
      "type": "Feature",
      "id": "13546545581",
      "geometry": {
        "type": "Point",
        "coordinates": [
          -79.0175315,
          -8.0782727
        ]
      },
      "properties": {
        "id": "13546545581",
        "name": "",
        "type": "bus_stop",
        "category": "transport",
        "subcategory": "bus_stop",
        "description": "1(22)"
      }
    },
    {
      "type": "Feature",
      "id": "13546545882",
      "geometry": {
        "type": "Point",
        "coordinates": [
          -79.0170607,
          -8.110739
        ]
      },
      "properties": {
        "id": "13546545882",
        "name": "",
        "type": "bus_stop",
        "category": "transport",
        "subcategory": "bus_stop",
        "description": "6(22-24-29-33-62-63)"
      }
    },
    {
      "type": "Feature",
      "id": "13546535067",
      "geometry": {
        "type": "Point",
        "coordinates": [
          -79.0149878,
          -8.1123146
        ]
      },
      "properties": {
        "id": "13546535067",
        "name": "",
        "type": "bus_stop",
        "category": "transport",
        "subcategory": "bus_stop",
        "description": "5(22-24-29-62-63)"
      }
    },
    {
      "type": "Feature",
      "id": "13546545898",
      "geometry": {
        "type": "Point",
        "coordinates": [
          -79.0414291,
          -8.1063264
        ]
      },
      "properties": {
        "id": "13546545898",
        "name": "",
        "type": "bus_stop",
        "category": "transport",
        "subcategory": "bus_stop",
        "description": "2(22-37)"
      }
    },
    {
      "type": "Feature",
      "id": "10961609694",
      "geometry": {
        "type": "Point",
        "coordinates": [
          -79.0059075,
          -8.0495085
        ]
      },
      "properties": {
        "id": "10961609694",
        "name": "Sin nombre",
        "type": "bus_stop",
        "category": "transport",
        "subcategory": "bus_stop",
        "description": "1(23)"
      }
    },
    {
      "type": "Feature",
      "id": "13546546391",
      "geometry": {
        "type": "Point",
        "coordinates": [
          -79.0127572,
          -8.0597551
        ]
      },
      "properties": {
        "id": "13546546391",
        "name": "",
        "type": "bus_stop",
        "category": "transport",
        "subcategory": "bus_stop",
        "description": "1(23)"
      }
    },
    {
      "type": "Feature",
      "id": "13546546393",
      "geometry": {
        "type": "Point",
        "coordinates": [
          -79.0104078,
          -8.0607019
        ]
      },
      "properties": {
        "id": "13546546393",
        "name": "",
        "type": "bus_stop",
        "category": "transport",
        "subcategory": "bus_stop",
        "description": "2(16-23)"
      }
    },
    {
      "type": "Feature",
      "id": "13546545814",
      "geometry": {
        "type": "Point",
        "coordinates": [
          -79.0108811,
          -8.063631
        ]
      },
      "properties": {
        "id": "13546545814",
        "name": "",
        "type": "bus_stop",
        "category": "transport",
        "subcategory": "bus_stop",
        "description": "2(16-23)"
      }
    },
    {
      "type": "Feature",
      "id": "13546545815",
      "geometry": {
        "type": "Point",
        "coordinates": [
          -79.0119759,
          -8.0655177
        ]
      },
      "properties": {
        "id": "13546545815",
        "name": "",
        "type": "bus_stop",
        "category": "transport",
        "subcategory": "bus_stop",
        "description": "2(16-23)"
      }
    },
    {
      "type": "Feature",
      "id": "13546546378",
      "geometry": {
        "type": "Point",
        "coordinates": [
          -79.0149956,
          -8.0660813
        ]
      },
      "properties": {
        "id": "13546546378",
        "name": "",
        "type": "bus_stop",
        "category": "transport",
        "subcategory": "bus_stop",
        "description": "2(16-23)"
      }
    },
    {
      "type": "Feature",
      "id": "13546546409",
      "geometry": {
        "type": "Point",
        "coordinates": [
          -79.0183134,
          -8.0597726
        ]
      },
      "properties": {
        "id": "13546546409",
        "name": "",
        "type": "bus_stop",
        "category": "transport",
        "subcategory": "bus_stop",
        "description": "7(23-41-42-43-45-67-84)"
      }
    },
    {
      "type": "Feature",
      "id": "13546545851",
      "geometry": {
        "type": "Point",
        "coordinates": [
          -79.0199918,
          -8.0634928
        ]
      },
      "properties": {
        "id": "13546545851",
        "name": "",
        "type": "bus_stop",
        "category": "transport",
        "subcategory": "bus_stop",
        "description": "3(16-23-80)"
      }
    },
    {
      "type": "Feature",
      "id": "13546545854",
      "geometry": {
        "type": "Point",
        "coordinates": [
          -79.0173204,
          -8.0659037
        ]
      },
      "properties": {
        "id": "13546545854",
        "name": "",
        "type": "bus_stop",
        "category": "transport",
        "subcategory": "bus_stop",
        "description": "1(23)"
      }
    },
    {
      "type": "Feature",
      "id": "13546545445",
      "geometry": {
        "type": "Point",
        "coordinates": [
          -79.01671,
          -8.0691611
        ]
      },
      "properties": {
        "id": "13546545445",
        "name": "",
        "type": "bus_stop",
        "category": "transport",
        "subcategory": "bus_stop",
        "description": "1(23)"
      }
    },
    {
      "type": "Feature",
      "id": "13546545569",
      "geometry": {
        "type": "Point",
        "coordinates": [
          -79.0167376,
          -8.0747301
        ]
      },
      "properties": {
        "id": "13546545569",
        "name": "",
        "type": "bus_stop",
        "category": "transport",
        "subcategory": "bus_stop",
        "description": "1(23)"
      }
    },
    {
      "type": "Feature",
      "id": "13546545608",
      "geometry": {
        "type": "Point",
        "coordinates": [
          -79.0158208,
          -8.0796036
        ]
      },
      "properties": {
        "id": "13546545608",
        "name": "",
        "type": "bus_stop",
        "category": "transport",
        "subcategory": "bus_stop",
        "description": "1(23)"
      }
    },
    {
      "type": "Feature",
      "id": "13546545609",
      "geometry": {
        "type": "Point",
        "coordinates": [
          -79.0189497,
          -8.0805455
        ]
      },
      "properties": {
        "id": "13546545609",
        "name": "",
        "type": "bus_stop",
        "category": "transport",
        "subcategory": "bus_stop",
        "description": "1(23)"
      }
    },
    {
      "type": "Feature",
      "id": "13546545166",
      "geometry": {
        "type": "Point",
        "coordinates": [
          -79.0353629,
          -8.125252
        ]
      },
      "properties": {
        "id": "13546545166",
        "name": "",
        "type": "bus_stop",
        "category": "transport",
        "subcategory": "bus_stop",
        "description": "4(23-25-52-75)"
      }
    },
    {
      "type": "Feature",
      "id": "13546545969",
      "geometry": {
        "type": "Point",
        "coordinates": [
          -79.0341871,
          -8.1222569
        ]
      },
      "properties": {
        "id": "13546545969",
        "name": "",
        "type": "bus_stop",
        "category": "transport",
        "subcategory": "bus_stop",
        "description": "4(23-25-52-75)"
      }
    },
    {
      "type": "Feature",
      "id": "13546545163",
      "geometry": {
        "type": "Point",
        "coordinates": [
          -79.0331823,
          -8.1198823
        ]
      },
      "properties": {
        "id": "13546545163",
        "name": "",
        "type": "bus_stop",
        "category": "transport",
        "subcategory": "bus_stop",
        "description": "4(23-25-52-75)"
      }
    },
    {
      "type": "Feature",
      "id": "13546545863",
      "geometry": {
        "type": "Point",
        "coordinates": [
          -79.0318094,
          -8.1166638
        ]
      },
      "properties": {
        "id": "13546545863",
        "name": "",
        "type": "bus_stop",
        "category": "transport",
        "subcategory": "bus_stop",
        "description": "6(23-25-26-50-52-75)"
      }
    },
    {
      "type": "Feature",
      "id": "13546545607",
      "geometry": {
        "type": "Point",
        "coordinates": [
          -79.0190132,
          -8.0806553
        ]
      },
      "properties": {
        "id": "13546545607",
        "name": "",
        "type": "bus_stop",
        "category": "transport",
        "subcategory": "bus_stop",
        "description": "1(23)"
      }
    },
    {
      "type": "Feature",
      "id": "13546545446",
      "geometry": {
        "type": "Point",
        "coordinates": [
          -79.016614,
          -8.069123
        ]
      },
      "properties": {
        "id": "13546545446",
        "name": "",
        "type": "bus_stop",
        "category": "transport",
        "subcategory": "bus_stop",
        "description": "1(23)"
      }
    },
    {
      "type": "Feature",
      "id": "13546546408",
      "geometry": {
        "type": "Point",
        "coordinates": [
          -79.0184666,
          -8.0600562
        ]
      },
      "properties": {
        "id": "13546546408",
        "name": "",
        "type": "bus_stop",
        "category": "transport",
        "subcategory": "bus_stop",
        "description": "7(23-41-42-43-45-67-84)"
      }
    },
    {
      "type": "Feature",
      "id": "13546545853",
      "geometry": {
        "type": "Point",
        "coordinates": [
          -79.0180002,
          -8.0622327
        ]
      },
      "properties": {
        "id": "13546545853",
        "name": "",
        "type": "bus_stop",
        "category": "transport",
        "subcategory": "bus_stop",
        "description": "7(23-41-42-43-45-67-84)"
      }
    },
    {
      "type": "Feature",
      "id": "13546546392",
      "geometry": {
        "type": "Point",
        "coordinates": [
          -79.0126941,
          -8.059666
        ]
      },
      "properties": {
        "id": "13546546392",
        "name": "",
        "type": "bus_stop",
        "category": "transport",
        "subcategory": "bus_stop",
        "description": "1(23)"
      }
    },
    {
      "type": "Feature",
      "id": "13546546389",
      "geometry": {
        "type": "Point",
        "coordinates": [
          -79.0121747,
          -8.0578289
        ]
      },
      "properties": {
        "id": "13546546389",
        "name": "",
        "type": "bus_stop",
        "category": "transport",
        "subcategory": "bus_stop",
        "description": "1(23)"
      }
    },
    {
      "type": "Feature",
      "id": "5489642729",
      "geometry": {
        "type": "Point",
        "coordinates": [
          -79.0476903,
          -8.0553398
        ]
      },
      "properties": {
        "id": "5489642729",
        "name": "Calle los Cipreses y Calle los Geranios",
        "type": "bus_stop",
        "category": "transport",
        "subcategory": "bus_stop",
        "description": "1(24)"
      }
    },
    {
      "type": "Feature",
      "id": "13546546306",
      "geometry": {
        "type": "Point",
        "coordinates": [
          -79.0423665,
          -8.0737142
        ]
      },
      "properties": {
        "id": "13546546306",
        "name": "",
        "type": "bus_stop",
        "category": "transport",
        "subcategory": "bus_stop",
        "description": "1(24)"
      }
    },
    {
      "type": "Feature",
      "id": "1098605733",
      "geometry": {
        "type": "Point",
        "coordinates": [
          -79.0427697,
          -8.1037586
        ]
      },
      "properties": {
        "id": "1098605733",
        "name": "Calle Liverpool y Calle el Cairo",
        "type": "bus_stop",
        "category": "transport",
        "subcategory": "bus_stop",
        "description": "1(24)"
      }
    },
    {
      "type": "Feature",
      "id": "11033310337",
      "geometry": {
        "type": "Point",
        "coordinates": [
          -79.0459471,
          -8.1464025
        ]
      },
      "properties": {
        "id": "11033310337",
        "name": "Sin nombre",
        "type": "bus_stop",
        "category": "transport",
        "subcategory": "bus_stop",
        "description": "2(25-58)"
      }
    },
    {
      "type": "Feature",
      "id": "13546545657",
      "geometry": {
        "type": "Point",
        "coordinates": [
          -79.0342792,
          -8.0805462
        ]
      },
      "properties": {
        "id": "13546545657",
        "name": "",
        "type": "bus_stop",
        "category": "transport",
        "subcategory": "bus_stop",
        "description": "2(25-58)"
      }
    },
    {
      "type": "Feature",
      "id": "13546545651",
      "geometry": {
        "type": "Point",
        "coordinates": [
          -79.034766,
          -8.0686017
        ]
      },
      "properties": {
        "id": "13546545651",
        "name": "",
        "type": "bus_stop",
        "category": "transport",
        "subcategory": "bus_stop",
        "description": "2(25-58)"
      }
    },
    {
      "type": "Feature",
      "id": "13546545648",
      "geometry": {
        "type": "Point",
        "coordinates": [
          -79.0371969,
          -8.0675714
        ]
      },
      "properties": {
        "id": "13546545648",
        "name": "",
        "type": "bus_stop",
        "category": "transport",
        "subcategory": "bus_stop",
        "description": "2(25-58)"
      }
    },
    {
      "type": "Feature",
      "id": "13546545647",
      "geometry": {
        "type": "Point",
        "coordinates": [
          -79.0396036,
          -8.0664478
        ]
      },
      "properties": {
        "id": "13546545647",
        "name": "",
        "type": "bus_stop",
        "category": "transport",
        "subcategory": "bus_stop",
        "description": "2(25-58)"
      }
    },
    {
      "type": "Feature",
      "id": "13546545645",
      "geometry": {
        "type": "Point",
        "coordinates": [
          -79.0404295,
          -8.0636067
        ]
      },
      "properties": {
        "id": "13546545645",
        "name": "",
        "type": "bus_stop",
        "category": "transport",
        "subcategory": "bus_stop",
        "description": "2(25-58)"
      }
    },
    {
      "type": "Feature",
      "id": "13546546322",
      "geometry": {
        "type": "Point",
        "coordinates": [
          -79.0422778,
          -8.0605491
        ]
      },
      "properties": {
        "id": "13546546322",
        "name": "",
        "type": "bus_stop",
        "category": "transport",
        "subcategory": "bus_stop",
        "description": "2(25-58)"
      }
    },
    {
      "type": "Feature",
      "id": "2589604458",
      "geometry": {
        "type": "Point",
        "coordinates": [
          -79.0442231,
          -8.0601626
        ]
      },
      "properties": {
        "id": "2589604458",
        "name": "Calle las Azucenas y Calle los Rosales",
        "type": "bus_stop",
        "category": "transport",
        "subcategory": "bus_stop",
        "description": "2(25-58)"
      }
    },
    {
      "type": "Feature",
      "id": "1098625001",
      "geometry": {
        "type": "Point",
        "coordinates": [
          -79.0665501,
          -8.0124709
        ]
      },
      "properties": {
        "id": "1098625001",
        "name": "Calle San Judas Tadeo",
        "type": "bus_stop",
        "category": "transport",
        "subcategory": "bus_stop",
        "description": "2(26-59)"
      }
    },
    {
      "type": "Feature",
      "id": "13546545549",
      "geometry": {
        "type": "Point",
        "coordinates": [
          -79.0663054,
          -8.0142274
        ]
      },
      "properties": {
        "id": "13546545549",
        "name": "",
        "type": "bus_stop",
        "category": "transport",
        "subcategory": "bus_stop",
        "description": "2(26-59)"
      }
    },
    {
      "type": "Feature",
      "id": "13546545639",
      "geometry": {
        "type": "Point",
        "coordinates": [
          -79.0477443,
          -8.0759231
        ]
      },
      "properties": {
        "id": "13546545639",
        "name": "",
        "type": "bus_stop",
        "category": "transport",
        "subcategory": "bus_stop",
        "description": "9(26-27-28-32-34-36-37-59-81)"
      }
    },
    {
      "type": "Feature",
      "id": "13546545109",
      "geometry": {
        "type": "Point",
        "coordinates": [
          -79.0383633,
          -8.0968149
        ]
      },
      "properties": {
        "id": "13546545109",
        "name": "",
        "type": "bus_stop",
        "category": "transport",
        "subcategory": "bus_stop",
        "description": "11(26-28-29-30-31-32-34-35-36-78-81)"
      }
    },
    {
      "type": "Feature",
      "id": "13546545105",
      "geometry": {
        "type": "Point",
        "coordinates": [
          -79.0371447,
          -8.0994436
        ]
      },
      "properties": {
        "id": "13546545105",
        "name": "",
        "type": "bus_stop",
        "category": "transport",
        "subcategory": "bus_stop",
        "description": "11(26-28-29-30-31-32-34-35-36-78-81)"
      }
    },
    {
      "type": "Feature",
      "id": "13546545110",
      "geometry": {
        "type": "Point",
        "coordinates": [
          -79.0364397,
          -8.1010808
        ]
      },
      "properties": {
        "id": "13546545110",
        "name": "",
        "type": "bus_stop",
        "category": "transport",
        "subcategory": "bus_stop",
        "description": "11(26-28-29-30-31-32-34-35-36-78-81)"
      }
    },
    {
      "type": "Feature",
      "id": "11896286019",
      "geometry": {
        "type": "Point",
        "coordinates": [
          -79.0359838,
          -8.1015489
        ]
      },
      "properties": {
        "id": "11896286019",
        "name": "Avenida Teodoro Valcárcel",
        "type": "bus_stop",
        "category": "transport",
        "subcategory": "bus_stop",
        "description": "9(26-28-30-31-32-34-36-78-81)"
      }
    },
    {
      "type": "Feature",
      "id": "13546545933",
      "geometry": {
        "type": "Point",
        "coordinates": [
          -79.034406,
          -8.1023077
        ]
      },
      "properties": {
        "id": "13546545933",
        "name": "",
        "type": "bus_stop",
        "category": "transport",
        "subcategory": "bus_stop",
        "description": "5(26-29-30-34-36)"
      }
    },
    {
      "type": "Feature",
      "id": "13546535039",
      "geometry": {
        "type": "Point",
        "coordinates": [
          -79.0342216,
          -8.1191349
        ]
      },
      "properties": {
        "id": "13546535039",
        "name": "",
        "type": "bus_stop",
        "category": "transport",
        "subcategory": "bus_stop",
        "description": "4(26-37-49-50)"
      }
    },
    {
      "type": "Feature",
      "id": "13546535037",
      "geometry": {
        "type": "Point",
        "coordinates": [
          -79.0370457,
          -8.1223763
        ]
      },
      "properties": {
        "id": "13546535037",
        "name": "",
        "type": "bus_stop",
        "category": "transport",
        "subcategory": "bus_stop",
        "description": "4(26-37-49-50)"
      }
    },
    {
      "type": "Feature",
      "id": "1089222529",
      "geometry": {
        "type": "Point",
        "coordinates": [
          -79.0556964,
          -8.1442832
        ]
      },
      "properties": {
        "id": "1089222529",
        "name": "Avenida Victor Larco Herrera",
        "type": "bus_stop",
        "category": "transport",
        "subcategory": "bus_stop",
        "description": "1(26)"
      }
    },
    {
      "type": "Feature",
      "id": "13546545862",
      "geometry": {
        "type": "Point",
        "coordinates": [
          -79.0373461,
          -8.1230159
        ]
      },
      "properties": {
        "id": "13546545862",
        "name": "",
        "type": "bus_stop",
        "category": "transport",
        "subcategory": "bus_stop",
        "description": "2(26-50)"
      }
    },
    {
      "type": "Feature",
      "id": "13546535038",
      "geometry": {
        "type": "Point",
        "coordinates": [
          -79.0346467,
          -8.1199451
        ]
      },
      "properties": {
        "id": "13546535038",
        "name": "",
        "type": "bus_stop",
        "category": "transport",
        "subcategory": "bus_stop",
        "description": "2(26-50)"
      }
    },
    {
      "type": "Feature",
      "id": "13546545133",
      "geometry": {
        "type": "Point",
        "coordinates": [
          -79.033484,
          -8.1026304
        ]
      },
      "properties": {
        "id": "13546545133",
        "name": "",
        "type": "bus_stop",
        "category": "transport",
        "subcategory": "bus_stop",
        "description": "4(26-29-34-36)"
      }
    },
    {
      "type": "Feature",
      "id": "13546545134",
      "geometry": {
        "type": "Point",
        "coordinates": [
          -79.0351947,
          -8.1013135
        ]
      },
      "properties": {
        "id": "13546545134",
        "name": "",
        "type": "bus_stop",
        "category": "transport",
        "subcategory": "bus_stop",
        "description": "4(26-29-34-36)"
      }
    },
    {
      "type": "Feature",
      "id": "13546545103",
      "geometry": {
        "type": "Point",
        "coordinates": [
          -79.0374058,
          -8.0984685
        ]
      },
      "properties": {
        "id": "13546545103",
        "name": "",
        "type": "bus_stop",
        "category": "transport",
        "subcategory": "bus_stop",
        "description": "8(26-28-29-31-32-34-78-81)"
      }
    },
    {
      "type": "Feature",
      "id": "13546545104",
      "geometry": {
        "type": "Point",
        "coordinates": [
          -79.0385055,
          -8.0959838
        ]
      },
      "properties": {
        "id": "13546545104",
        "name": "",
        "type": "bus_stop",
        "category": "transport",
        "subcategory": "bus_stop",
        "description": "8(26-28-29-31-32-34-78-81)"
      }
    },
    {
      "type": "Feature",
      "id": "13546546356",
      "geometry": {
        "type": "Point",
        "coordinates": [
          -79.0463248,
          -8.0788273
        ]
      },
      "properties": {
        "id": "13546546356",
        "name": "",
        "type": "bus_stop",
        "category": "transport",
        "subcategory": "bus_stop",
        "description": "10(26-27-28-32-34-36-37-59-78-81)"
      }
    },
    {
      "type": "Feature",
      "id": "13546546287",
      "geometry": {
        "type": "Point",
        "coordinates": [
          -79.0691328,
          -8.0153774
        ]
      },
      "properties": {
        "id": "13546546287",
        "name": "",
        "type": "bus_stop",
        "category": "transport",
        "subcategory": "bus_stop",
        "description": "2(26-59)"
      }
    },
    {
      "type": "Feature",
      "id": "13546546234",
      "geometry": {
        "type": "Point",
        "coordinates": [
          -79.0718624,
          -8.0162428
        ]
      },
      "properties": {
        "id": "13546546234",
        "name": "",
        "type": "bus_stop",
        "category": "transport",
        "subcategory": "bus_stop",
        "description": "2(26-59)"
      }
    },
    {
      "type": "Feature",
      "id": "13546546286",
      "geometry": {
        "type": "Point",
        "coordinates": [
          -79.0720972,
          -8.0162457
        ]
      },
      "properties": {
        "id": "13546546286",
        "name": "",
        "type": "bus_stop",
        "category": "transport",
        "subcategory": "bus_stop",
        "description": "2(26-59)"
      }
    },
    {
      "type": "Feature",
      "id": "13546545495",
      "geometry": {
        "type": "Point",
        "coordinates": [
          -79.0717329,
          -8.0178772
        ]
      },
      "properties": {
        "id": "13546545495",
        "name": "",
        "type": "bus_stop",
        "category": "transport",
        "subcategory": "bus_stop",
        "description": "2(26-59)"
      }
    },
    {
      "type": "Feature",
      "id": "13546545494",
      "geometry": {
        "type": "Point",
        "coordinates": [
          -79.0707707,
          -8.0203867
        ]
      },
      "properties": {
        "id": "13546545494",
        "name": "",
        "type": "bus_stop",
        "category": "transport",
        "subcategory": "bus_stop",
        "description": "2(26-59)"
      }
    },
    {
      "type": "Feature",
      "id": "13546545530",
      "geometry": {
        "type": "Point",
        "coordinates": [
          -79.0708489,
          -8.0364477
        ]
      },
      "properties": {
        "id": "13546545530",
        "name": "",
        "type": "bus_stop",
        "category": "transport",
        "subcategory": "bus_stop",
        "description": "2(26-59)"
      }
    },
    {
      "type": "Feature",
      "id": "13546546276",
      "geometry": {
        "type": "Point",
        "coordinates": [
          -79.0718674,
          -8.0381761
        ]
      },
      "properties": {
        "id": "13546546276",
        "name": "",
        "type": "bus_stop",
        "category": "transport",
        "subcategory": "bus_stop",
        "description": "1(26)"
      }
    },
    {
      "type": "Feature",
      "id": "13546546285",
      "geometry": {
        "type": "Point",
        "coordinates": [
          -79.0695006,
          -8.0373568
        ]
      },
      "properties": {
        "id": "13546546285",
        "name": "",
        "type": "bus_stop",
        "category": "transport",
        "subcategory": "bus_stop",
        "description": "1(26)"
      }
    },
    {
      "type": "Feature",
      "id": "13546546272",
      "geometry": {
        "type": "Point",
        "coordinates": [
          -79.0668594,
          -8.0364951
        ]
      },
      "properties": {
        "id": "13546546272",
        "name": "",
        "type": "bus_stop",
        "category": "transport",
        "subcategory": "bus_stop",
        "description": "1(26)"
      }
    },
    {
      "type": "Feature",
      "id": "13546545539",
      "geometry": {
        "type": "Point",
        "coordinates": [
          -79.06394,
          -8.0355406
        ]
      },
      "properties": {
        "id": "13546545539",
        "name": "",
        "type": "bus_stop",
        "category": "transport",
        "subcategory": "bus_stop",
        "description": "1(26)"
      }
    },
    {
      "type": "Feature",
      "id": "13546545548",
      "geometry": {
        "type": "Point",
        "coordinates": [
          -79.0637393,
          -8.0354181
        ]
      },
      "properties": {
        "id": "13546545548",
        "name": "",
        "type": "bus_stop",
        "category": "transport",
        "subcategory": "bus_stop",
        "description": "1(26)"
      }
    },
    {
      "type": "Feature",
      "id": "13546546297",
      "geometry": {
        "type": "Point",
        "coordinates": [
          -79.067092,
          -8.0364956
        ]
      },
      "properties": {
        "id": "13546546297",
        "name": "",
        "type": "bus_stop",
        "category": "transport",
        "subcategory": "bus_stop",
        "description": "1(26)"
      }
    },
    {
      "type": "Feature",
      "id": "13546546273",
      "geometry": {
        "type": "Point",
        "coordinates": [
          -79.0695985,
          -8.0373015
        ]
      },
      "properties": {
        "id": "13546546273",
        "name": "",
        "type": "bus_stop",
        "category": "transport",
        "subcategory": "bus_stop",
        "description": "1(26)"
      }
    },
    {
      "type": "Feature",
      "id": "13546546275",
      "geometry": {
        "type": "Point",
        "coordinates": [
          -79.07176,
          -8.0380713
        ]
      },
      "properties": {
        "id": "13546546275",
        "name": "",
        "type": "bus_stop",
        "category": "transport",
        "subcategory": "bus_stop",
        "description": "1(26)"
      }
    },
    {
      "type": "Feature",
      "id": "13546545490",
      "geometry": {
        "type": "Point",
        "coordinates": [
          -79.0707353,
          -8.0364955
        ]
      },
      "properties": {
        "id": "13546545490",
        "name": "",
        "type": "bus_stop",
        "category": "transport",
        "subcategory": "bus_stop",
        "description": "2(26-59)"
      }
    },
    {
      "type": "Feature",
      "id": "13546546277",
      "geometry": {
        "type": "Point",
        "coordinates": [
          -79.0691141,
          -8.0348911
        ]
      },
      "properties": {
        "id": "13546546277",
        "name": "",
        "type": "bus_stop",
        "category": "transport",
        "subcategory": "bus_stop",
        "description": "2(26-59)"
      }
    },
    {
      "type": "Feature",
      "id": "13546546232",
      "geometry": {
        "type": "Point",
        "coordinates": [
          -79.0689048,
          -8.0348317
        ]
      },
      "properties": {
        "id": "13546546232",
        "name": "",
        "type": "bus_stop",
        "category": "transport",
        "subcategory": "bus_stop",
        "description": "1(26)"
      }
    },
    {
      "type": "Feature",
      "id": "13546545540",
      "geometry": {
        "type": "Point",
        "coordinates": [
          -79.0696453,
          -8.0229589
        ]
      },
      "properties": {
        "id": "13546545540",
        "name": "",
        "type": "bus_stop",
        "category": "transport",
        "subcategory": "bus_stop",
        "description": "2(26-59)"
      }
    },
    {
      "type": "Feature",
      "id": "13546545542",
      "geometry": {
        "type": "Point",
        "coordinates": [
          -79.0706564,
          -8.0203087
        ]
      },
      "properties": {
        "id": "13546545542",
        "name": "",
        "type": "bus_stop",
        "category": "transport",
        "subcategory": "bus_stop",
        "description": "2(26-59)"
      }
    },
    {
      "type": "Feature",
      "id": "5079648945",
      "geometry": {
        "type": "Point",
        "coordinates": [
          -79.0857735,
          -8.0467316
        ]
      },
      "properties": {
        "id": "5079648945",
        "name": "Carretera Panamericana Norte",
        "type": "bus_stop",
        "category": "transport",
        "subcategory": "bus_stop",
        "description": "1(27)"
      }
    },
    {
      "type": "Feature",
      "id": "13546545544",
      "geometry": {
        "type": "Point",
        "coordinates": [
          -79.0844214,
          -8.0512139
        ]
      },
      "properties": {
        "id": "13546545544",
        "name": "",
        "type": "bus_stop",
        "category": "transport",
        "subcategory": "bus_stop",
        "description": "1(27)"
      }
    },
    {
      "type": "Feature",
      "id": "13546545543",
      "geometry": {
        "type": "Point",
        "coordinates": [
          -79.0817881,
          -8.0525756
        ]
      },
      "properties": {
        "id": "13546545543",
        "name": "",
        "type": "bus_stop",
        "category": "transport",
        "subcategory": "bus_stop",
        "description": "1(27)"
      }
    },
    {
      "type": "Feature",
      "id": "13546545779",
      "geometry": {
        "type": "Point",
        "coordinates": [
          -79.0786821,
          -8.0551452
        ]
      },
      "properties": {
        "id": "13546545779",
        "name": "",
        "type": "bus_stop",
        "category": "transport",
        "subcategory": "bus_stop",
        "description": "1(27)"
      }
    },
    {
      "type": "Feature",
      "id": "13546545698",
      "geometry": {
        "type": "Point",
        "coordinates": [
          -79.079347,
          -8.0566034
        ]
      },
      "properties": {
        "id": "13546545698",
        "name": "",
        "type": "bus_stop",
        "category": "transport",
        "subcategory": "bus_stop",
        "description": "3(27-78-9)"
      }
    },
    {
      "type": "Feature",
      "id": "13546545702",
      "geometry": {
        "type": "Point",
        "coordinates": [
          -79.0785692,
          -8.0584344
        ]
      },
      "properties": {
        "id": "13546545702",
        "name": "",
        "type": "bus_stop",
        "category": "transport",
        "subcategory": "bus_stop",
        "description": "2(27-78)"
      }
    },
    {
      "type": "Feature",
      "id": "13546545708",
      "geometry": {
        "type": "Point",
        "coordinates": [
          -79.076972,
          -8.0602878
        ]
      },
      "properties": {
        "id": "13546545708",
        "name": "",
        "type": "bus_stop",
        "category": "transport",
        "subcategory": "bus_stop",
        "description": "2(27-78)"
      }
    },
    {
      "type": "Feature",
      "id": "13546546331",
      "geometry": {
        "type": "Point",
        "coordinates": [
          -79.0680936,
          -8.0667101
        ]
      },
      "properties": {
        "id": "13546546331",
        "name": "",
        "type": "bus_stop",
        "category": "transport",
        "subcategory": "bus_stop",
        "description": "1(27)"
      }
    },
    {
      "type": "Feature",
      "id": "13546545670",
      "geometry": {
        "type": "Point",
        "coordinates": [
          -79.0654286,
          -8.0654698
        ]
      },
      "properties": {
        "id": "13546545670",
        "name": "",
        "type": "bus_stop",
        "category": "transport",
        "subcategory": "bus_stop",
        "description": "2(27-9)"
      }
    },
    {
      "type": "Feature",
      "id": "13546545684",
      "geometry": {
        "type": "Point",
        "coordinates": [
          -79.0618756,
          -8.0645925
        ]
      },
      "properties": {
        "id": "13546545684",
        "name": "",
        "type": "bus_stop",
        "category": "transport",
        "subcategory": "bus_stop",
        "description": "2(27-9)"
      }
    },
    {
      "type": "Feature",
      "id": "13546545713",
      "geometry": {
        "type": "Point",
        "coordinates": [
          -79.0575885,
          -8.0656192
        ]
      },
      "properties": {
        "id": "13546545713",
        "name": "",
        "type": "bus_stop",
        "category": "transport",
        "subcategory": "bus_stop",
        "description": "3(27-29-31)"
      }
    },
    {
      "type": "Feature",
      "id": "13546546360",
      "geometry": {
        "type": "Point",
        "coordinates": [
          -79.0568391,
          -8.0677227
        ]
      },
      "properties": {
        "id": "13546546360",
        "name": "",
        "type": "bus_stop",
        "category": "transport",
        "subcategory": "bus_stop",
        "description": "3(27-29-31)"
      }
    },
    {
      "type": "Feature",
      "id": "13546545640",
      "geometry": {
        "type": "Point",
        "coordinates": [
          -79.0558537,
          -8.070523
        ]
      },
      "properties": {
        "id": "13546545640",
        "name": "",
        "type": "bus_stop",
        "category": "transport",
        "subcategory": "bus_stop",
        "description": "3(27-29-31)"
      }
    },
    {
      "type": "Feature",
      "id": "13546545714",
      "geometry": {
        "type": "Point",
        "coordinates": [
          -79.0557785,
          -8.0708322
        ]
      },
      "properties": {
        "id": "13546545714",
        "name": "",
        "type": "bus_stop",
        "category": "transport",
        "subcategory": "bus_stop",
        "description": "3(27-29-31)"
      }
    },
    {
      "type": "Feature",
      "id": "13546545715",
      "geometry": {
        "type": "Point",
        "coordinates": [
          -79.0549679,
          -8.0730642
        ]
      },
      "properties": {
        "id": "13546545715",
        "name": "",
        "type": "bus_stop",
        "category": "transport",
        "subcategory": "bus_stop",
        "description": "3(27-29-31)"
      }
    },
    {
      "type": "Feature",
      "id": "13546535071",
      "geometry": {
        "type": "Point",
        "coordinates": [
          -79.0488715,
          -8.0962699
        ]
      },
      "properties": {
        "id": "13546535071",
        "name": "",
        "type": "bus_stop",
        "category": "transport",
        "subcategory": "bus_stop",
        "description": "2(27-56)"
      }
    },
    {
      "type": "Feature",
      "id": "13546535072",
      "geometry": {
        "type": "Point",
        "coordinates": [
          -79.0498468,
          -8.0989167
        ]
      },
      "properties": {
        "id": "13546535072",
        "name": "",
        "type": "bus_stop",
        "category": "transport",
        "subcategory": "bus_stop",
        "description": "2(27-56)"
      }
    },
    {
      "type": "Feature",
      "id": "13546546026",
      "geometry": {
        "type": "Point",
        "coordinates": [
          -79.0125879,
          -8.1146961
        ]
      },
      "properties": {
        "id": "13546546026",
        "name": "",
        "type": "bus_stop",
        "category": "transport",
        "subcategory": "bus_stop",
        "description": "2(27-65)"
      }
    },
    {
      "type": "Feature",
      "id": "13546546027",
      "geometry": {
        "type": "Point",
        "coordinates": [
          -79.0123082,
          -8.114683
        ]
      },
      "properties": {
        "id": "13546546027",
        "name": "",
        "type": "bus_stop",
        "category": "transport",
        "subcategory": "bus_stop",
        "description": "2(27-65)"
      }
    },
    {
      "type": "Feature",
      "id": "13546546028",
      "geometry": {
        "type": "Point",
        "coordinates": [
          -79.0107359,
          -8.1149854
        ]
      },
      "properties": {
        "id": "13546546028",
        "name": "",
        "type": "bus_stop",
        "category": "transport",
        "subcategory": "bus_stop",
        "description": "2(27-65)"
      }
    },
    {
      "type": "Feature",
      "id": "13546546030",
      "geometry": {
        "type": "Point",
        "coordinates": [
          -79.0078401,
          -8.1151701
        ]
      },
      "properties": {
        "id": "13546546030",
        "name": "",
        "type": "bus_stop",
        "category": "transport",
        "subcategory": "bus_stop",
        "description": "2(27-65)"
      }
    },
    {
      "type": "Feature",
      "id": "13546535058",
      "geometry": {
        "type": "Point",
        "coordinates": [
          -79.0065884,
          -8.1171619
        ]
      },
      "properties": {
        "id": "13546535058",
        "name": "",
        "type": "bus_stop",
        "category": "transport",
        "subcategory": "bus_stop",
        "description": "1(27)"
      }
    },
    {
      "type": "Feature",
      "id": "1027034187",
      "geometry": {
        "type": "Point",
        "coordinates": [
          -79.0053727,
          -8.1178827
        ]
      },
      "properties": {
        "id": "1027034187",
        "name": "Avenida Santa Rosa y Avenida del Contador",
        "type": "bus_stop",
        "category": "transport",
        "subcategory": "bus_stop",
        "description": "1(27)"
      }
    },
    {
      "type": "Feature",
      "id": "13546545210",
      "geometry": {
        "type": "Point",
        "coordinates": [
          -79.0058896,
          -8.1185385
        ]
      },
      "properties": {
        "id": "13546545210",
        "name": "",
        "type": "bus_stop",
        "category": "transport",
        "subcategory": "bus_stop",
        "description": "3(27-65-66)"
      }
    },
    {
      "type": "Feature",
      "id": "13546545209",
      "geometry": {
        "type": "Point",
        "coordinates": [
          -79.0069586,
          -8.1200022
        ]
      },
      "properties": {
        "id": "13546545209",
        "name": "",
        "type": "bus_stop",
        "category": "transport",
        "subcategory": "bus_stop",
        "description": "3(27-65-66)"
      }
    },
    {
      "type": "Feature",
      "id": "13546535092",
      "geometry": {
        "type": "Point",
        "coordinates": [
          -79.0103262,
          -8.1213726
        ]
      },
      "properties": {
        "id": "13546535092",
        "name": "",
        "type": "bus_stop",
        "category": "transport",
        "subcategory": "bus_stop",
        "description": "2(27-66)"
      }
    },
    {
      "type": "Feature",
      "id": "13546535090",
      "geometry": {
        "type": "Point",
        "coordinates": [
          -79.0116529,
          -8.1201758
        ]
      },
      "properties": {
        "id": "13546535090",
        "name": "",
        "type": "bus_stop",
        "category": "transport",
        "subcategory": "bus_stop",
        "description": "2(27-66)"
      }
    },
    {
      "type": "Feature",
      "id": "13546546035",
      "geometry": {
        "type": "Point",
        "coordinates": [
          -79.0130634,
          -8.1211496
        ]
      },
      "properties": {
        "id": "13546546035",
        "name": "",
        "type": "bus_stop",
        "category": "transport",
        "subcategory": "bus_stop",
        "description": "1(27)"
      }
    },
    {
      "type": "Feature",
      "id": "13546545983",
      "geometry": {
        "type": "Point",
        "coordinates": [
          -79.0144939,
          -8.1213107
        ]
      },
      "properties": {
        "id": "13546545983",
        "name": "",
        "type": "bus_stop",
        "category": "transport",
        "subcategory": "bus_stop",
        "description": "1(27)"
      }
    },
    {
      "type": "Feature",
      "id": "13546545182",
      "geometry": {
        "type": "Point",
        "coordinates": [
          -79.0159654,
          -8.1204642
        ]
      },
      "properties": {
        "id": "13546545182",
        "name": "",
        "type": "bus_stop",
        "category": "transport",
        "subcategory": "bus_stop",
        "description": "1(27)"
      }
    },
    {
      "type": "Feature",
      "id": "13546545111",
      "geometry": {
        "type": "Point",
        "coordinates": [
          -79.0348635,
          -8.1069554
        ]
      },
      "properties": {
        "id": "13546545111",
        "name": "",
        "type": "bus_stop",
        "category": "transport",
        "subcategory": "bus_stop",
        "description": "17(13-27-28-31-32-4-47-48-50-52-57-60-66-73-77-78-81)"
      }
    },
    {
      "type": "Feature",
      "id": "13546545924",
      "geometry": {
        "type": "Point",
        "coordinates": [
          -79.048618,
          -8.0984952
        ]
      },
      "properties": {
        "id": "13546545924",
        "name": "",
        "type": "bus_stop",
        "category": "transport",
        "subcategory": "bus_stop",
        "description": "2(27-56)"
      }
    },
    {
      "type": "Feature",
      "id": "13546545126",
      "geometry": {
        "type": "Point",
        "coordinates": [
          -79.0481369,
          -8.0964232
        ]
      },
      "properties": {
        "id": "13546545126",
        "name": "",
        "type": "bus_stop",
        "category": "transport",
        "subcategory": "bus_stop",
        "description": "2(27-56)"
      }
    },
    {
      "type": "Feature",
      "id": "13546545124",
      "geometry": {
        "type": "Point",
        "coordinates": [
          -79.0478503,
          -8.0933661
        ]
      },
      "properties": {
        "id": "13546545124",
        "name": "",
        "type": "bus_stop",
        "category": "transport",
        "subcategory": "bus_stop",
        "description": "2(27-56)"
      }
    },
    {
      "type": "Feature",
      "id": "13546545131",
      "geometry": {
        "type": "Point",
        "coordinates": [
          -79.0448683,
          -8.0912168
        ]
      },
      "properties": {
        "id": "13546545131",
        "name": "",
        "type": "bus_stop",
        "category": "transport",
        "subcategory": "bus_stop",
        "description": "1(27)"
      }
    },
    {
      "type": "Feature",
      "id": "13546545928",
      "geometry": {
        "type": "Point",
        "coordinates": [
          -79.0425868,
          -8.0912766
        ]
      },
      "properties": {
        "id": "13546545928",
        "name": "",
        "type": "bus_stop",
        "category": "transport",
        "subcategory": "bus_stop",
        "description": "1(27)"
      }
    },
    {
      "type": "Feature",
      "id": "13546546321",
      "geometry": {
        "type": "Point",
        "coordinates": [
          -79.0567126,
          -8.0680052
        ]
      },
      "properties": {
        "id": "13546546321",
        "name": "",
        "type": "bus_stop",
        "category": "transport",
        "subcategory": "bus_stop",
        "description": "3(27-29-31)"
      }
    },
    {
      "type": "Feature",
      "id": "13546545641",
      "geometry": {
        "type": "Point",
        "coordinates": [
          -79.0573282,
          -8.0661234
        ]
      },
      "properties": {
        "id": "13546545641",
        "name": "",
        "type": "bus_stop",
        "category": "transport",
        "subcategory": "bus_stop",
        "description": "3(27-29-31)"
      }
    },
    {
      "type": "Feature",
      "id": "13546545682",
      "geometry": {
        "type": "Point",
        "coordinates": [
          -79.0618425,
          -8.0644019
        ]
      },
      "properties": {
        "id": "13546545682",
        "name": "",
        "type": "bus_stop",
        "category": "transport",
        "subcategory": "bus_stop",
        "description": "2(27-9)"
      }
    },
    {
      "type": "Feature",
      "id": "13546545745",
      "geometry": {
        "type": "Point",
        "coordinates": [
          -79.065333,
          -8.0651663
        ]
      },
      "properties": {
        "id": "13546545745",
        "name": "",
        "type": "bus_stop",
        "category": "transport",
        "subcategory": "bus_stop",
        "description": "2(27-9)"
      }
    },
    {
      "type": "Feature",
      "id": "13546546367",
      "geometry": {
        "type": "Point",
        "coordinates": [
          -79.0684644,
          -8.0665879
        ]
      },
      "properties": {
        "id": "13546546367",
        "name": "",
        "type": "bus_stop",
        "category": "transport",
        "subcategory": "bus_stop",
        "description": "1(27)"
      }
    },
    {
      "type": "Feature",
      "id": "13546545733",
      "geometry": {
        "type": "Point",
        "coordinates": [
          -79.076996,
          -8.0601747
        ]
      },
      "properties": {
        "id": "13546545733",
        "name": "",
        "type": "bus_stop",
        "category": "transport",
        "subcategory": "bus_stop",
        "description": "2(27-78)"
      }
    },
    {
      "type": "Feature",
      "id": "13546545732",
      "geometry": {
        "type": "Point",
        "coordinates": [
          -79.0786431,
          -8.05826
        ]
      },
      "properties": {
        "id": "13546545732",
        "name": "",
        "type": "bus_stop",
        "category": "transport",
        "subcategory": "bus_stop",
        "description": "2(27-78)"
      }
    },
    {
      "type": "Feature",
      "id": "13546545748",
      "geometry": {
        "type": "Point",
        "coordinates": [
          -79.079293,
          -8.0566792
        ]
      },
      "properties": {
        "id": "13546545748",
        "name": "",
        "type": "bus_stop",
        "category": "transport",
        "subcategory": "bus_stop",
        "description": "3(27-78-9)"
      }
    },
    {
      "type": "Feature",
      "id": "13379882222",
      "geometry": {
        "type": "Point",
        "coordinates": [
          -79.0856919,
          -8.0467635
        ]
      },
      "properties": {
        "id": "13379882222",
        "name": "Carretera Panamericana Norte",
        "type": "bus_stop",
        "category": "transport",
        "subcategory": "bus_stop",
        "description": "1(27)"
      }
    },
    {
      "type": "Feature",
      "id": "13546545174",
      "geometry": {
        "type": "Point",
        "coordinates": [
          -79.0201216,
          -8.1174099
        ]
      },
      "properties": {
        "id": "13546545174",
        "name": "",
        "type": "bus_stop",
        "category": "transport",
        "subcategory": "bus_stop",
        "description": "1(27)"
      }
    },
    {
      "type": "Feature",
      "id": "13546545175",
      "geometry": {
        "type": "Point",
        "coordinates": [
          -79.0192133,
          -8.1203533
        ]
      },
      "properties": {
        "id": "13546545175",
        "name": "",
        "type": "bus_stop",
        "category": "transport",
        "subcategory": "bus_stop",
        "description": "1(27)"
      }
    },
    {
      "type": "Feature",
      "id": "13546545982",
      "geometry": {
        "type": "Point",
        "coordinates": [
          -79.0146854,
          -8.12144
        ]
      },
      "properties": {
        "id": "13546545982",
        "name": "",
        "type": "bus_stop",
        "category": "transport",
        "subcategory": "bus_stop",
        "description": "2(27-50)"
      }
    },
    {
      "type": "Feature",
      "id": "13546545981",
      "geometry": {
        "type": "Point",
        "coordinates": [
          -79.0137949,
          -8.1220949
        ]
      },
      "properties": {
        "id": "13546545981",
        "name": "",
        "type": "bus_stop",
        "category": "transport",
        "subcategory": "bus_stop",
        "description": "1(27)"
      }
    },
    {
      "type": "Feature",
      "id": "13546535091",
      "geometry": {
        "type": "Point",
        "coordinates": [
          -79.0109713,
          -8.1211779
        ]
      },
      "properties": {
        "id": "13546535091",
        "name": "",
        "type": "bus_stop",
        "category": "transport",
        "subcategory": "bus_stop",
        "description": "1(27)"
      }
    },
    {
      "type": "Feature",
      "id": "13546545208",
      "geometry": {
        "type": "Point",
        "coordinates": [
          -79.0095757,
          -8.1216578
        ]
      },
      "properties": {
        "id": "13546545208",
        "name": "",
        "type": "bus_stop",
        "category": "transport",
        "subcategory": "bus_stop",
        "description": "1(27)"
      }
    },
    {
      "type": "Feature",
      "id": "13546546009",
      "geometry": {
        "type": "Point",
        "coordinates": [
          -79.0079055,
          -8.1208708
        ]
      },
      "properties": {
        "id": "13546546009",
        "name": "",
        "type": "bus_stop",
        "category": "transport",
        "subcategory": "bus_stop",
        "description": "4(27-63-65-66)"
      }
    },
    {
      "type": "Feature",
      "id": "13546546010",
      "geometry": {
        "type": "Point",
        "coordinates": [
          -79.0063595,
          -8.1197064
        ]
      },
      "properties": {
        "id": "13546546010",
        "name": "",
        "type": "bus_stop",
        "category": "transport",
        "subcategory": "bus_stop",
        "description": "3(27-65-66)"
      }
    },
    {
      "type": "Feature",
      "id": "13546546011",
      "geometry": {
        "type": "Point",
        "coordinates": [
          -79.005402,
          -8.1182663
        ]
      },
      "properties": {
        "id": "13546546011",
        "name": "",
        "type": "bus_stop",
        "category": "transport",
        "subcategory": "bus_stop",
        "description": "3(27-65-66)"
      }
    },
    {
      "type": "Feature",
      "id": "13546535057",
      "geometry": {
        "type": "Point",
        "coordinates": [
          -79.0064732,
          -8.1170584
        ]
      },
      "properties": {
        "id": "13546535057",
        "name": "",
        "type": "bus_stop",
        "category": "transport",
        "subcategory": "bus_stop",
        "description": "1(27)"
      }
    },
    {
      "type": "Feature",
      "id": "13546546031",
      "geometry": {
        "type": "Point",
        "coordinates": [
          -79.0076784,
          -8.1150428
        ]
      },
      "properties": {
        "id": "13546546031",
        "name": "",
        "type": "bus_stop",
        "category": "transport",
        "subcategory": "bus_stop",
        "description": "2(27-65)"
      }
    },
    {
      "type": "Feature",
      "id": "13546546029",
      "geometry": {
        "type": "Point",
        "coordinates": [
          -79.010582,
          -8.1149214
        ]
      },
      "properties": {
        "id": "13546546029",
        "name": "",
        "type": "bus_stop",
        "category": "transport",
        "subcategory": "bus_stop",
        "description": "2(27-65)"
      }
    },
    {
      "type": "Feature",
      "id": "13546546025",
      "geometry": {
        "type": "Point",
        "coordinates": [
          -79.0144628,
          -8.114337
        ]
      },
      "properties": {
        "id": "13546546025",
        "name": "",
        "type": "bus_stop",
        "category": "transport",
        "subcategory": "bus_stop",
        "description": "2(27-65)"
      }
    },
    {
      "type": "Feature",
      "id": "13379874814",
      "geometry": {
        "type": "Point",
        "coordinates": [
          -79.0166411,
          -8.1164975
        ]
      },
      "properties": {
        "id": "13379874814",
        "name": "Jirón Francisco de Zela",
        "type": "bus_stop",
        "category": "transport",
        "subcategory": "bus_stop",
        "description": "1(27)"
      }
    },
    {
      "type": "Feature",
      "id": "13546545771",
      "geometry": {
        "type": "Point",
        "coordinates": [
          -79.0782874,
          -8.0529627
        ]
      },
      "properties": {
        "id": "13546545771",
        "name": "",
        "type": "bus_stop",
        "category": "transport",
        "subcategory": "bus_stop",
        "description": "1(27)"
      }
    },
    {
      "type": "Feature",
      "id": "13546545773",
      "geometry": {
        "type": "Point",
        "coordinates": [
          -79.0753484,
          -8.0522204
        ]
      },
      "properties": {
        "id": "13546545773",
        "name": "",
        "type": "bus_stop",
        "category": "transport",
        "subcategory": "bus_stop",
        "description": "1(27)"
      }
    },
    {
      "type": "Feature",
      "id": "13546545772",
      "geometry": {
        "type": "Point",
        "coordinates": [
          -79.0739027,
          -8.0538648
        ]
      },
      "properties": {
        "id": "13546545772",
        "name": "",
        "type": "bus_stop",
        "category": "transport",
        "subcategory": "bus_stop",
        "description": "1(27)"
      }
    },
    {
      "type": "Feature",
      "id": "13546545774",
      "geometry": {
        "type": "Point",
        "coordinates": [
          -79.0746153,
          -8.0554082
        ]
      },
      "properties": {
        "id": "13546545774",
        "name": "",
        "type": "bus_stop",
        "category": "transport",
        "subcategory": "bus_stop",
        "description": "1(27)"
      }
    },
    {
      "type": "Feature",
      "id": "13546545776",
      "geometry": {
        "type": "Point",
        "coordinates": [
          -79.0737768,
          -8.0573416
        ]
      },
      "properties": {
        "id": "13546545776",
        "name": "",
        "type": "bus_stop",
        "category": "transport",
        "subcategory": "bus_stop",
        "description": "1(27)"
      }
    },
    {
      "type": "Feature",
      "id": "13546545775",
      "geometry": {
        "type": "Point",
        "coordinates": [
          -79.0745648,
          -8.0587873
        ]
      },
      "properties": {
        "id": "13546545775",
        "name": "",
        "type": "bus_stop",
        "category": "transport",
        "subcategory": "bus_stop",
        "description": "1(27)"
      }
    },
    {
      "type": "Feature",
      "id": "13546545744",
      "geometry": {
        "type": "Point",
        "coordinates": [
          -79.0669947,
          -8.0638709
        ]
      },
      "properties": {
        "id": "13546545744",
        "name": "",
        "type": "bus_stop",
        "category": "transport",
        "subcategory": "bus_stop",
        "description": "1(27)"
      }
    },
    {
      "type": "Feature",
      "id": "13546545743",
      "geometry": {
        "type": "Point",
        "coordinates": [
          -79.0694913,
          -8.0629009
        ]
      },
      "properties": {
        "id": "13546545743",
        "name": "",
        "type": "bus_stop",
        "category": "transport",
        "subcategory": "bus_stop",
        "description": "1(27)"
      }
    },
    {
      "type": "Feature",
      "id": "13546545742",
      "geometry": {
        "type": "Point",
        "coordinates": [
          -79.0716499,
          -8.0617711
        ]
      },
      "properties": {
        "id": "13546545742",
        "name": "",
        "type": "bus_stop",
        "category": "transport",
        "subcategory": "bus_stop",
        "description": "1(27)"
      }
    },
    {
      "type": "Feature",
      "id": "13546545741",
      "geometry": {
        "type": "Point",
        "coordinates": [
          -79.0738046,
          -8.0606652
        ]
      },
      "properties": {
        "id": "13546545741",
        "name": "",
        "type": "bus_stop",
        "category": "transport",
        "subcategory": "bus_stop",
        "description": "1(27)"
      }
    },
    {
      "type": "Feature",
      "id": "13546545614",
      "geometry": {
        "type": "Point",
        "coordinates": [
          -79.0765439,
          -8.0513339
        ]
      },
      "properties": {
        "id": "13546545614",
        "name": "",
        "type": "bus_stop",
        "category": "transport",
        "subcategory": "bus_stop",
        "description": "1(27)"
      }
    },
    {
      "type": "Feature",
      "id": "13546545793",
      "geometry": {
        "type": "Point",
        "coordinates": [
          -79.0789683,
          -8.0533872
        ]
      },
      "properties": {
        "id": "13546545793",
        "name": "",
        "type": "bus_stop",
        "category": "transport",
        "subcategory": "bus_stop",
        "description": "1(27)"
      }
    },
    {
      "type": "Feature",
      "id": "13546545769",
      "geometry": {
        "type": "Point",
        "coordinates": [
          -79.076017,
          -8.0510148
        ]
      },
      "properties": {
        "id": "13546545769",
        "name": "",
        "type": "bus_stop",
        "category": "transport",
        "subcategory": "bus_stop",
        "description": "1(27)"
      }
    },
    {
      "type": "Feature",
      "id": "13546545768",
      "geometry": {
        "type": "Point",
        "coordinates": [
          -79.073897,
          -8.0492056
        ]
      },
      "properties": {
        "id": "13546545768",
        "name": "",
        "type": "bus_stop",
        "category": "transport",
        "subcategory": "bus_stop",
        "description": "1(27)"
      }
    },
    {
      "type": "Feature",
      "id": "13546545767",
      "geometry": {
        "type": "Point",
        "coordinates": [
          -79.0718171,
          -8.0473649
        ]
      },
      "properties": {
        "id": "13546545767",
        "name": "",
        "type": "bus_stop",
        "category": "transport",
        "subcategory": "bus_stop",
        "description": "1(27)"
      }
    },
    {
      "type": "Feature",
      "id": "13546546371",
      "geometry": {
        "type": "Point",
        "coordinates": [
          -79.0698795,
          -8.0457675
        ]
      },
      "properties": {
        "id": "13546546371",
        "name": "",
        "type": "bus_stop",
        "category": "transport",
        "subcategory": "bus_stop",
        "description": "1(27)"
      }
    },
    {
      "type": "Feature",
      "id": "13546545634",
      "geometry": {
        "type": "Point",
        "coordinates": [
          -79.0685845,
          -8.0467223
        ]
      },
      "properties": {
        "id": "13546545634",
        "name": "",
        "type": "bus_stop",
        "category": "transport",
        "subcategory": "bus_stop",
        "description": "1(27)"
      }
    },
    {
      "type": "Feature",
      "id": "1098626557",
      "geometry": {
        "type": "Point",
        "coordinates": [
          -79.0696424,
          -8.0454902
        ]
      },
      "properties": {
        "id": "1098626557",
        "name": "Avenida Manuel Scorza y Jirón Álamos",
        "type": "bus_stop",
        "category": "transport",
        "subcategory": "bus_stop",
        "description": "1(27)"
      }
    },
    {
      "type": "Feature",
      "id": "1098593590",
      "geometry": {
        "type": "Point",
        "coordinates": [
          -79.0022986,
          -8.103047
        ]
      },
      "properties": {
        "id": "1098593590",
        "name": "Avenida Federico Villarreal y Avenida Honorio Delgado",
        "type": "bus_stop",
        "category": "transport",
        "subcategory": "bus_stop",
        "description": "1(28)"
      }
    },
    {
      "type": "Feature",
      "id": "13546545999",
      "geometry": {
        "type": "Point",
        "coordinates": [
          -79.0031288,
          -8.1027801
        ]
      },
      "properties": {
        "id": "13546545999",
        "name": "",
        "type": "bus_stop",
        "category": "transport",
        "subcategory": "bus_stop",
        "description": "1(28)"
      }
    },
    {
      "type": "Feature",
      "id": "13546545870",
      "geometry": {
        "type": "Point",
        "coordinates": [
          -79.0046382,
          -8.1028601
        ]
      },
      "properties": {
        "id": "13546545870",
        "name": "",
        "type": "bus_stop",
        "category": "transport",
        "subcategory": "bus_stop",
        "description": "4(28-32-66-81)"
      }
    },
    {
      "type": "Feature",
      "id": "13546535073",
      "geometry": {
        "type": "Point",
        "coordinates": [
          -79.0057225,
          -8.1034844
        ]
      },
      "properties": {
        "id": "13546535073",
        "name": "",
        "type": "bus_stop",
        "category": "transport",
        "subcategory": "bus_stop",
        "description": "4(28-32-66-81)"
      }
    },
    {
      "type": "Feature",
      "id": "13546535075",
      "geometry": {
        "type": "Point",
        "coordinates": [
          -79.0068118,
          -8.10618
        ]
      },
      "properties": {
        "id": "13546535075",
        "name": "",
        "type": "bus_stop",
        "category": "transport",
        "subcategory": "bus_stop",
        "description": "5(28-29-32-4-81)"
      }
    },
    {
      "type": "Feature",
      "id": "13546546006",
      "geometry": {
        "type": "Point",
        "coordinates": [
          -79.0303213,
          -8.1261258
        ]
      },
      "properties": {
        "id": "13546546006",
        "name": "",
        "type": "bus_stop",
        "category": "transport",
        "subcategory": "bus_stop",
        "description": "7(28-37-43-47-48-62-84)"
      }
    },
    {
      "type": "Feature",
      "id": "13546545206",
      "geometry": {
        "type": "Point",
        "coordinates": [
          -79.0281444,
          -8.122105
        ]
      },
      "properties": {
        "id": "13546545206",
        "name": "",
        "type": "bus_stop",
        "category": "transport",
        "subcategory": "bus_stop",
        "description": "7(28-37-43-47-48-62-84)"
      }
    },
    {
      "type": "Feature",
      "id": "13546545916",
      "geometry": {
        "type": "Point",
        "coordinates": [
          -79.0352097,
          -8.1030767
        ]
      },
      "properties": {
        "id": "13546545916",
        "name": "",
        "type": "bus_stop",
        "category": "transport",
        "subcategory": "bus_stop",
        "description": "5(28-31-32-78-81)"
      }
    },
    {
      "type": "Feature",
      "id": "1873334289",
      "geometry": {
        "type": "Point",
        "coordinates": [
          -79.0682182,
          -8.0131333
        ]
      },
      "properties": {
        "id": "1873334289",
        "name": "Avenida Miguel Grau",
        "type": "bus_stop",
        "category": "transport",
        "subcategory": "bus_stop",
        "description": "1(28)"
      }
    },
    {
      "type": "Feature",
      "id": "5463831053",
      "geometry": {
        "type": "Point",
        "coordinates": [
          -79.080524,
          -8.0634372
        ]
      },
      "properties": {
        "id": "5463831053",
        "name": "Avenida Pisacc y Avenida Alan Garcia",
        "type": "bus_stop",
        "category": "transport",
        "subcategory": "bus_stop",
        "description": "1(29)"
      }
    },
    {
      "type": "Feature",
      "id": "13546546000",
      "geometry": {
        "type": "Point",
        "coordinates": [
          -79.00294,
          -8.1027701
        ]
      },
      "properties": {
        "id": "13546546000",
        "name": "",
        "type": "bus_stop",
        "category": "transport",
        "subcategory": "bus_stop",
        "description": "2(28-29)"
      }
    },
    {
      "type": "Feature",
      "id": "13546545272",
      "geometry": {
        "type": "Point",
        "coordinates": [
          -79.0013809,
          -8.0996265
        ]
      },
      "properties": {
        "id": "13546545272",
        "name": "",
        "type": "bus_stop",
        "category": "transport",
        "subcategory": "bus_stop",
        "description": "2(29-32)"
      }
    },
    {
      "type": "Feature",
      "id": "13546546070",
      "geometry": {
        "type": "Point",
        "coordinates": [
          -78.9960467,
          -8.0973298
        ]
      },
      "properties": {
        "id": "13546546070",
        "name": "",
        "type": "bus_stop",
        "category": "transport",
        "subcategory": "bus_stop",
        "description": "3(29-31-32)"
      }
    },
    {
      "type": "Feature",
      "id": "13546546069",
      "geometry": {
        "type": "Point",
        "coordinates": [
          -78.996933,
          -8.0985798
        ]
      },
      "properties": {
        "id": "13546546069",
        "name": "",
        "type": "bus_stop",
        "category": "transport",
        "subcategory": "bus_stop",
        "description": "3(29-31-32)"
      }
    },
    {
      "type": "Feature",
      "id": "13546545270",
      "geometry": {
        "type": "Point",
        "coordinates": [
          -79.0015972,
          -8.1028063
        ]
      },
      "properties": {
        "id": "13546545270",
        "name": "",
        "type": "bus_stop",
        "category": "transport",
        "subcategory": "bus_stop",
        "description": "3(29-31-32)"
      }
    },
    {
      "type": "Feature",
      "id": "2604198847",
      "geometry": {
        "type": "Point",
        "coordinates": [
          -79.0021649,
          -8.1032458
        ]
      },
      "properties": {
        "id": "2604198847",
        "name": "Avenida Federico Villarreal Sur y Avenida Federico Villarreal y Avenida 5 de Abril",
        "type": "bus_stop",
        "category": "transport",
        "subcategory": "bus_stop",
        "description": "3(29-31-32)"
      }
    },
    {
      "type": "Feature",
      "id": "13546545740",
      "geometry": {
        "type": "Point",
        "coordinates": [
          -79.0683023,
          -8.0644166
        ]
      },
      "properties": {
        "id": "13546545740",
        "name": "",
        "type": "bus_stop",
        "category": "transport",
        "subcategory": "bus_stop",
        "description": "1(9)"
      }
    },
    {
      "type": "Feature",
      "id": "13546545739",
      "geometry": {
        "type": "Point",
        "coordinates": [
          -79.0702981,
          -8.0637175
        ]
      },
      "properties": {
        "id": "13546545739",
        "name": "",
        "type": "bus_stop",
        "category": "transport",
        "subcategory": "bus_stop",
        "description": "1(9)"
      }
    },
    {
      "type": "Feature",
      "id": "13546545738",
      "geometry": {
        "type": "Point",
        "coordinates": [
          -79.0723551,
          -8.0626332
        ]
      },
      "properties": {
        "id": "13546545738",
        "name": "",
        "type": "bus_stop",
        "category": "transport",
        "subcategory": "bus_stop",
        "description": "1(9)"
      }
    },
    {
      "type": "Feature",
      "id": "13546545747",
      "geometry": {
        "type": "Point",
        "coordinates": [
          -79.0761233,
          -8.0594529
        ]
      },
      "properties": {
        "id": "13546545747",
        "name": "",
        "type": "bus_stop",
        "category": "transport",
        "subcategory": "bus_stop",
        "description": "1(9)"
      }
    },
    {
      "type": "Feature",
      "id": "13546545734",
      "geometry": {
        "type": "Point",
        "coordinates": [
          -79.0777965,
          -8.0575353
        ]
      },
      "properties": {
        "id": "13546545734",
        "name": "",
        "type": "bus_stop",
        "category": "transport",
        "subcategory": "bus_stop",
        "description": "1(9)"
      }
    },
    {
      "type": "Feature",
      "id": "13546545693",
      "geometry": {
        "type": "Point",
        "coordinates": [
          -79.0810866,
          -8.058097
        ]
      },
      "properties": {
        "id": "13546545693",
        "name": "",
        "type": "bus_stop",
        "category": "transport",
        "subcategory": "bus_stop",
        "description": "1(9)"
      }
    },
    {
      "type": "Feature",
      "id": "13546545688",
      "geometry": {
        "type": "Point",
        "coordinates": [
          -79.0827196,
          -8.0594817
        ]
      },
      "properties": {
        "id": "13546545688",
        "name": "",
        "type": "bus_stop",
        "category": "transport",
        "subcategory": "bus_stop",
        "description": "1(9)"
      }
    },
    {
      "type": "Feature",
      "id": "13546546366",
      "geometry": {
        "type": "Point",
        "coordinates": [
          -79.0745726,
          -8.0614915
        ]
      },
      "properties": {
        "id": "13546546366",
        "name": "",
        "type": "bus_stop",
        "category": "transport",
        "subcategory": "bus_stop",
        "description": "1(9)"
      }
    },
    {
      "type": "Feature",
      "id": "1098635577",
      "geometry": {
        "type": "Point",
        "coordinates": [
          -79.0798396,
          -8.0638379
        ]
      },
      "properties": {
        "id": "1098635577",
        "name": "Avenida Pisacc",
        "type": "bus_stop",
        "category": "transport",
        "subcategory": "bus_stop",
        "description": "3(29-30-31)"
      }
    },
    {
      "type": "Feature",
      "id": "13546545691",
      "geometry": {
        "type": "Point",
        "coordinates": [
          -79.0628071,
          -8.0714219
        ]
      },
      "properties": {
        "id": "13546545691",
        "name": "",
        "type": "bus_stop",
        "category": "transport",
        "subcategory": "bus_stop",
        "description": "2(30-78)"
      }
    },
    {
      "type": "Feature",
      "id": "13546546304",
      "geometry": {
        "type": "Point",
        "coordinates": [
          -79.0605818,
          -8.0726609
        ]
      },
      "properties": {
        "id": "13546546304",
        "name": "",
        "type": "bus_stop",
        "category": "transport",
        "subcategory": "bus_stop",
        "description": "2(30-78)"
      }
    },
    {
      "type": "Feature",
      "id": "13546545346",
      "geometry": {
        "type": "Point",
        "coordinates": [
          -78.9942852,
          -8.1817216
        ]
      },
      "properties": {
        "id": "13546545346",
        "name": "",
        "type": "bus_stop",
        "category": "transport",
        "subcategory": "bus_stop",
        "description": "4(30-39-40-72)"
      }
    },
    {
      "type": "Feature",
      "id": "13546545302",
      "geometry": {
        "type": "Point",
        "coordinates": [
          -78.9934343,
          -8.1824072
        ]
      },
      "properties": {
        "id": "13546545302",
        "name": "",
        "type": "bus_stop",
        "category": "transport",
        "subcategory": "bus_stop",
        "description": "4(30-39-40-72)"
      }
    },
    {
      "type": "Feature",
      "id": "13546545349",
      "geometry": {
        "type": "Point",
        "coordinates": [
          -78.9935808,
          -8.1835616
        ]
      },
      "properties": {
        "id": "13546545349",
        "name": "",
        "type": "bus_stop",
        "category": "transport",
        "subcategory": "bus_stop",
        "description": "1(30)"
      }
    },
    {
      "type": "Feature",
      "id": "13546545348",
      "geometry": {
        "type": "Point",
        "coordinates": [
          -78.9916017,
          -8.1851345
        ]
      },
      "properties": {
        "id": "13546545348",
        "name": "",
        "type": "bus_stop",
        "category": "transport",
        "subcategory": "bus_stop",
        "description": "1(30)"
      }
    },
    {
      "type": "Feature",
      "id": "1098626822",
      "geometry": {
        "type": "Point",
        "coordinates": [
          -78.9837518,
          -8.1874621
        ]
      },
      "properties": {
        "id": "1098626822",
        "name": "Avenida Abelardo Quiñones",
        "type": "bus_stop",
        "category": "transport",
        "subcategory": "bus_stop",
        "description": "1(30)"
      }
    },
    {
      "type": "Feature",
      "id": "13546545970",
      "geometry": {
        "type": "Point",
        "coordinates": [
          -79.0029652,
          -8.1034887
        ]
      },
      "properties": {
        "id": "13546545970",
        "name": "",
        "type": "bus_stop",
        "category": "transport",
        "subcategory": "bus_stop",
        "description": "3(29-32-81)"
      }
    },
    {
      "type": "Feature",
      "id": "13546545915",
      "geometry": {
        "type": "Point",
        "coordinates": [
          -79.0353404,
          -8.1034978
        ]
      },
      "properties": {
        "id": "13546545915",
        "name": "",
        "type": "bus_stop",
        "category": "transport",
        "subcategory": "bus_stop",
        "description": "6(28-31-32-35-78-81)"
      }
    },
    {
      "type": "Feature",
      "id": "13546546068",
      "geometry": {
        "type": "Point",
        "coordinates": [
          -78.9988359,
          -8.1002701
        ]
      },
      "properties": {
        "id": "13546546068",
        "name": "",
        "type": "bus_stop",
        "category": "transport",
        "subcategory": "bus_stop",
        "description": "1(31)"
      }
    },
    {
      "type": "Feature",
      "id": "13546546071",
      "geometry": {
        "type": "Point",
        "coordinates": [
          -78.9970251,
          -8.0949471
        ]
      },
      "properties": {
        "id": "13546546071",
        "name": "",
        "type": "bus_stop",
        "category": "transport",
        "subcategory": "bus_stop",
        "description": "1(31)"
      }
    },
    {
      "type": "Feature",
      "id": "13546546072",
      "geometry": {
        "type": "Point",
        "coordinates": [
          -78.9995128,
          -8.0949266
        ]
      },
      "properties": {
        "id": "13546546072",
        "name": "",
        "type": "bus_stop",
        "category": "transport",
        "subcategory": "bus_stop",
        "description": "1(31)"
      }
    },
    {
      "type": "Feature",
      "id": "13546546073",
      "geometry": {
        "type": "Point",
        "coordinates": [
          -79.0008402,
          -8.0962256
        ]
      },
      "properties": {
        "id": "13546546073",
        "name": "",
        "type": "bus_stop",
        "category": "transport",
        "subcategory": "bus_stop",
        "description": "1(31)"
      }
    },
    {
      "type": "Feature",
      "id": "13546546074",
      "geometry": {
        "type": "Point",
        "coordinates": [
          -79.0010685,
          -8.0976209
        ]
      },
      "properties": {
        "id": "13546546074",
        "name": "",
        "type": "bus_stop",
        "category": "transport",
        "subcategory": "bus_stop",
        "description": "1(31)"
      }
    },
    {
      "type": "Feature",
      "id": "13546545271",
      "geometry": {
        "type": "Point",
        "coordinates": [
          -79.0020733,
          -8.1014172
        ]
      },
      "properties": {
        "id": "13546545271",
        "name": "",
        "type": "bus_stop",
        "category": "transport",
        "subcategory": "bus_stop",
        "description": "1(31)"
      }
    },
    {
      "type": "Feature",
      "id": "13546545973",
      "geometry": {
        "type": "Point",
        "coordinates": [
          -79.0128857,
          -8.1070951
        ]
      },
      "properties": {
        "id": "13546545973",
        "name": "",
        "type": "bus_stop",
        "category": "transport",
        "subcategory": "bus_stop",
        "description": "2(31-66)"
      }
    },
    {
      "type": "Feature",
      "id": "5491294966",
      "geometry": {
        "type": "Point",
        "coordinates": [
          -79.0701736,
          -8.053093
        ]
      },
      "properties": {
        "id": "5491294966",
        "name": "Avenida José Faustino Sánchez Carrión",
        "type": "bus_stop",
        "category": "transport",
        "subcategory": "bus_stop",
        "description": "1(32)"
      }
    },
    {
      "type": "Feature",
      "id": "13546546368",
      "geometry": {
        "type": "Point",
        "coordinates": [
          -79.0668335,
          -8.0527492
        ]
      },
      "properties": {
        "id": "13546546368",
        "name": "",
        "type": "bus_stop",
        "category": "transport",
        "subcategory": "bus_stop",
        "description": "1(32)"
      }
    },
    {
      "type": "Feature",
      "id": "13546545751",
      "geometry": {
        "type": "Point",
        "coordinates": [
          -79.0657956,
          -8.0507888
        ]
      },
      "properties": {
        "id": "13546545751",
        "name": "",
        "type": "bus_stop",
        "category": "transport",
        "subcategory": "bus_stop",
        "description": "1(32)"
      }
    },
    {
      "type": "Feature",
      "id": "13546535074",
      "geometry": {
        "type": "Point",
        "coordinates": [
          -79.0055867,
          -8.103425
        ]
      },
      "properties": {
        "id": "13546535074",
        "name": "",
        "type": "bus_stop",
        "category": "transport",
        "subcategory": "bus_stop",
        "description": "3(32-66-81)"
      }
    },
    {
      "type": "Feature",
      "id": "13546545971",
      "geometry": {
        "type": "Point",
        "coordinates": [
          -79.0025649,
          -8.1034192
        ]
      },
      "properties": {
        "id": "13546545971",
        "name": "",
        "type": "bus_stop",
        "category": "transport",
        "subcategory": "bus_stop",
        "description": "2(32-81)"
      }
    },
    {
      "type": "Feature",
      "id": "13546545730",
      "geometry": {
        "type": "Point",
        "coordinates": [
          -79.0684571,
          -8.0494141
        ]
      },
      "properties": {
        "id": "13546545730",
        "name": "",
        "type": "bus_stop",
        "category": "transport",
        "subcategory": "bus_stop",
        "description": "2(32-59)"
      }
    },
    {
      "type": "Feature",
      "id": "1098594928",
      "geometry": {
        "type": "Point",
        "coordinates": [
          -79.068519,
          -8.0499128
        ]
      },
      "properties": {
        "id": "1098594928",
        "name": "Avenida José Faustino Sánchez Carrión y Jirón Brasil",
        "type": "bus_stop",
        "category": "transport",
        "subcategory": "bus_stop",
        "description": "1(32)"
      }
    },
    {
      "type": "Feature",
      "id": "13546546313",
      "geometry": {
        "type": "Point",
        "coordinates": [
          -79.0515199,
          -8.0565957
        ]
      },
      "properties": {
        "id": "13546546313",
        "name": "",
        "type": "bus_stop",
        "category": "transport",
        "subcategory": "bus_stop",
        "description": "1(33)"
      }
    },
    {
      "type": "Feature",
      "id": "13546545701",
      "geometry": {
        "type": "Point",
        "coordinates": [
          -79.0509376,
          -8.0564311
        ]
      },
      "properties": {
        "id": "13546545701",
        "name": "",
        "type": "bus_stop",
        "category": "transport",
        "subcategory": "bus_stop",
        "description": "1(33)"
      }
    },
    {
      "type": "Feature",
      "id": "13546546312",
      "geometry": {
        "type": "Point",
        "coordinates": [
          -79.0489176,
          -8.0614137
        ]
      },
      "properties": {
        "id": "13546546312",
        "name": "",
        "type": "bus_stop",
        "category": "transport",
        "subcategory": "bus_stop",
        "description": "2(33-57)"
      }
    },
    {
      "type": "Feature",
      "id": "13546546353",
      "geometry": {
        "type": "Point",
        "coordinates": [
          -79.0492407,
          -8.0614838
        ]
      },
      "properties": {
        "id": "13546546353",
        "name": "",
        "type": "bus_stop",
        "category": "transport",
        "subcategory": "bus_stop",
        "description": "2(33-57)"
      }
    },
    {
      "type": "Feature",
      "id": "13546545626",
      "geometry": {
        "type": "Point",
        "coordinates": [
          -79.0500282,
          -8.0620253
        ]
      },
      "properties": {
        "id": "13546545626",
        "name": "",
        "type": "bus_stop",
        "category": "transport",
        "subcategory": "bus_stop",
        "description": "2(33-57)"
      }
    },
    {
      "type": "Feature",
      "id": "13546545729",
      "geometry": {
        "type": "Point",
        "coordinates": [
          -79.0499468,
          -8.0622019
        ]
      },
      "properties": {
        "id": "13546545729",
        "name": "",
        "type": "bus_stop",
        "category": "transport",
        "subcategory": "bus_stop",
        "description": "2(33-57)"
      }
    },
    {
      "type": "Feature",
      "id": "13546545631",
      "geometry": {
        "type": "Point",
        "coordinates": [
          -79.0482491,
          -8.0676206
        ]
      },
      "properties": {
        "id": "13546545631",
        "name": "",
        "type": "bus_stop",
        "category": "transport",
        "subcategory": "bus_stop",
        "description": "2(33-57)"
      }
    },
    {
      "type": "Feature",
      "id": "13546545667",
      "geometry": {
        "type": "Point",
        "coordinates": [
          -79.0401015,
          -8.082387
        ]
      },
      "properties": {
        "id": "13546545667",
        "name": "",
        "type": "bus_stop",
        "category": "transport",
        "subcategory": "bus_stop",
        "description": "2(33-57)"
      }
    },
    {
      "type": "Feature",
      "id": "13546545676",
      "geometry": {
        "type": "Point",
        "coordinates": [
          -79.040937,
          -8.0847742
        ]
      },
      "properties": {
        "id": "13546545676",
        "name": "",
        "type": "bus_stop",
        "category": "transport",
        "subcategory": "bus_stop",
        "description": "2(33-57)"
      }
    },
    {
      "type": "Feature",
      "id": "13546546209",
      "geometry": {
        "type": "Point",
        "coordinates": [
          -78.9990939,
          -8.0815139
        ]
      },
      "properties": {
        "id": "13546546209",
        "name": "",
        "type": "bus_stop",
        "category": "transport",
        "subcategory": "bus_stop",
        "description": "1(33)"
      }
    },
    {
      "type": "Feature",
      "id": "13546546211",
      "geometry": {
        "type": "Point",
        "coordinates": [
          -78.9955326,
          -8.0831629
        ]
      },
      "properties": {
        "id": "13546546211",
        "name": "",
        "type": "bus_stop",
        "category": "transport",
        "subcategory": "bus_stop",
        "description": "1(33)"
      }
    },
    {
      "type": "Feature",
      "id": "13546546210",
      "geometry": {
        "type": "Point",
        "coordinates": [
          -78.9952695,
          -8.0834177
        ]
      },
      "properties": {
        "id": "13546546210",
        "name": "",
        "type": "bus_stop",
        "category": "transport",
        "subcategory": "bus_stop",
        "description": "1(33)"
      }
    },
    {
      "type": "Feature",
      "id": "8168056293",
      "geometry": {
        "type": "Point",
        "coordinates": [
          -78.9939938,
          -8.086568
        ]
      },
      "properties": {
        "id": "8168056293",
        "name": "Sin nombre",
        "type": "bus_stop",
        "category": "transport",
        "subcategory": "bus_stop",
        "description": "1(33)"
      }
    },
    {
      "type": "Feature",
      "id": "13546545458",
      "geometry": {
        "type": "Point",
        "coordinates": [
          -78.9975499,
          -8.0837239
        ]
      },
      "properties": {
        "id": "13546545458",
        "name": "",
        "type": "bus_stop",
        "category": "transport",
        "subcategory": "bus_stop",
        "description": "2(33-62)"
      }
    },
    {
      "type": "Feature",
      "id": "13546545727",
      "geometry": {
        "type": "Point",
        "coordinates": [
          -79.0481364,
          -8.0677103
        ]
      },
      "properties": {
        "id": "13546545727",
        "name": "",
        "type": "bus_stop",
        "category": "transport",
        "subcategory": "bus_stop",
        "description": "2(33-57)"
      }
    },
    {
      "type": "Feature",
      "id": "13546545728",
      "geometry": {
        "type": "Point",
        "coordinates": [
          -79.0492531,
          -8.0648568
        ]
      },
      "properties": {
        "id": "13546545728",
        "name": "",
        "type": "bus_stop",
        "category": "transport",
        "subcategory": "bus_stop",
        "description": "2(33-57)"
      }
    },
    {
      "type": "Feature",
      "id": "13546545632",
      "geometry": {
        "type": "Point",
        "coordinates": [
          -79.0493035,
          -8.0646658
        ]
      },
      "properties": {
        "id": "13546545632",
        "name": "",
        "type": "bus_stop",
        "category": "transport",
        "subcategory": "bus_stop",
        "description": "2(33-57)"
      }
    },
    {
      "type": "Feature",
      "id": "11793990948",
      "geometry": {
        "type": "Point",
        "coordinates": [
          -79.0745743,
          -7.9930206
        ]
      },
      "properties": {
        "id": "11793990948",
        "name": "Carretera Panamericana Norte",
        "type": "bus_stop",
        "category": "transport",
        "subcategory": "bus_stop",
        "description": "2(33-34)"
      }
    },
    {
      "type": "Feature",
      "id": "13546546270",
      "geometry": {
        "type": "Point",
        "coordinates": [
          -79.0589251,
          -8.0297127
        ]
      },
      "properties": {
        "id": "13546546270",
        "name": "",
        "type": "bus_stop",
        "category": "transport",
        "subcategory": "bus_stop",
        "description": "2(34-36)"
      }
    },
    {
      "type": "Feature",
      "id": "13546546269",
      "geometry": {
        "type": "Point",
        "coordinates": [
          -79.0590476,
          -8.0297431
        ]
      },
      "properties": {
        "id": "13546546269",
        "name": "",
        "type": "bus_stop",
        "category": "transport",
        "subcategory": "bus_stop",
        "description": "2(34-36)"
      }
    },
    {
      "type": "Feature",
      "id": "1098633245",
      "geometry": {
        "type": "Point",
        "coordinates": [
          -79.0246021,
          -8.0800403
        ]
      },
      "properties": {
        "id": "1098633245",
        "name": "Calle 5 de Noviembre y Calle 9 de Octubre",
        "type": "bus_stop",
        "category": "transport",
        "subcategory": "bus_stop",
        "description": "1(34)"
      }
    },
    {
      "type": "Feature",
      "id": "13546545572",
      "geometry": {
        "type": "Point",
        "coordinates": [
          -79.0234545,
          -8.079952
        ]
      },
      "properties": {
        "id": "13546545572",
        "name": "",
        "type": "bus_stop",
        "category": "transport",
        "subcategory": "bus_stop",
        "description": "2(34-36)"
      }
    },
    {
      "type": "Feature",
      "id": "13546535097",
      "geometry": {
        "type": "Point",
        "coordinates": [
          -79.0123873,
          -8.097709
        ]
      },
      "properties": {
        "id": "13546535097",
        "name": "",
        "type": "bus_stop",
        "category": "transport",
        "subcategory": "bus_stop",
        "description": "19(34-40-48-49-50-52-55-60-61-64-69-71-72-73-74-75-76-77-82)"
      }
    },
    {
      "type": "Feature",
      "id": "1098628621",
      "geometry": {
        "type": "Point",
        "coordinates": [
          -79.0749936,
          -8.0600742
        ]
      },
      "properties": {
        "id": "1098628621",
        "name": "Jirón los Tulipanes",
        "type": "bus_stop",
        "category": "transport",
        "subcategory": "bus_stop",
        "description": "1(35)"
      }
    },
    {
      "type": "Feature",
      "id": "13546545422",
      "geometry": {
        "type": "Point",
        "coordinates": [
          -78.998873,
          -8.0864962
        ]
      },
      "properties": {
        "id": "13546545422",
        "name": "",
        "type": "bus_stop",
        "category": "transport",
        "subcategory": "bus_stop",
        "description": "3(35-52-62)"
      }
    },
    {
      "type": "Feature",
      "id": "13546545423",
      "geometry": {
        "type": "Point",
        "coordinates": [
          -78.9963388,
          -8.087217
        ]
      },
      "properties": {
        "id": "13546545423",
        "name": "",
        "type": "bus_stop",
        "category": "transport",
        "subcategory": "bus_stop",
        "description": "3(13-35-52)"
      }
    },
    {
      "type": "Feature",
      "id": "13546546206",
      "geometry": {
        "type": "Point",
        "coordinates": [
          -78.9939937,
          -8.0886327
        ]
      },
      "properties": {
        "id": "13546546206",
        "name": "",
        "type": "bus_stop",
        "category": "transport",
        "subcategory": "bus_stop",
        "description": "2(13-35)"
      }
    },
    {
      "type": "Feature",
      "id": "13546546140",
      "geometry": {
        "type": "Point",
        "coordinates": [
          -78.9918306,
          -8.0858895
        ]
      },
      "properties": {
        "id": "13546546140",
        "name": "",
        "type": "bus_stop",
        "category": "transport",
        "subcategory": "bus_stop",
        "description": "2(13-35)"
      }
    },
    {
      "type": "Feature",
      "id": "13546546229",
      "geometry": {
        "type": "Point",
        "coordinates": [
          -78.9936224,
          -8.0799871
        ]
      },
      "properties": {
        "id": "13546546229",
        "name": "",
        "type": "bus_stop",
        "category": "transport",
        "subcategory": "bus_stop",
        "description": "2(13-35)"
      }
    },
    {
      "type": "Feature",
      "id": "1098633662",
      "geometry": {
        "type": "Point",
        "coordinates": [
          -78.9936701,
          -8.0682863
        ]
      },
      "properties": {
        "id": "1098633662",
        "name": "Calle Andres Razuri y Calle San Martin",
        "type": "bus_stop",
        "category": "transport",
        "subcategory": "bus_stop",
        "description": "1(35)"
      }
    },
    {
      "type": "Feature",
      "id": "1873334296",
      "geometry": {
        "type": "Point",
        "coordinates": [
          -79.0678331,
          -8.0143077
        ]
      },
      "properties": {
        "id": "1873334296",
        "name": "Avenida Miguel Grau",
        "type": "bus_stop",
        "category": "transport",
        "subcategory": "bus_stop",
        "description": "2(36-37)"
      }
    },
    {
      "type": "Feature",
      "id": "2339884512",
      "geometry": {
        "type": "Point",
        "coordinates": [
          -79.026525,
          -8.0640975
        ]
      },
      "properties": {
        "id": "2339884512",
        "name": "Calle China y Prolongación Avenida Las Margaritas y Avenida Dinamarca",
        "type": "bus_stop",
        "category": "transport",
        "subcategory": "bus_stop",
        "description": "1(36)"
      }
    },
    {
      "type": "Feature",
      "id": "13546535040",
      "geometry": {
        "type": "Point",
        "coordinates": [
          -79.0323048,
          -8.1168802
        ]
      },
      "properties": {
        "id": "13546535040",
        "name": "",
        "type": "bus_stop",
        "category": "transport",
        "subcategory": "bus_stop",
        "description": "6(37-49-50-52-61-75)"
      }
    },
    {
      "type": "Feature",
      "id": "1557312584",
      "geometry": {
        "type": "Point",
        "coordinates": [
          -79.0375487,
          -8.1369998
        ]
      },
      "properties": {
        "id": "1557312584",
        "name": "Avenida Prolongación César Vallejo y Calle San Gabriel",
        "type": "bus_stop",
        "category": "transport",
        "subcategory": "bus_stop",
        "description": "1(37)"
      }
    },
    {
      "type": "Feature",
      "id": "5478862777",
      "geometry": {
        "type": "Point",
        "coordinates": [
          -78.99222,
          -8.1366916
        ]
      },
      "properties": {
        "id": "5478862777",
        "name": "Sin nombre",
        "type": "bus_stop",
        "category": "transport",
        "subcategory": "bus_stop",
        "description": "2(38-44)"
      }
    },
    {
      "type": "Feature",
      "id": "13546546129",
      "geometry": {
        "type": "Point",
        "coordinates": [
          -78.9923114,
          -8.1383248
        ]
      },
      "properties": {
        "id": "13546546129",
        "name": "",
        "type": "bus_stop",
        "category": "transport",
        "subcategory": "bus_stop",
        "description": "2(38-44)"
      }
    },
    {
      "type": "Feature",
      "id": "13546546128",
      "geometry": {
        "type": "Point",
        "coordinates": [
          -78.9923593,
          -8.138437
        ]
      },
      "properties": {
        "id": "13546546128",
        "name": "",
        "type": "bus_stop",
        "category": "transport",
        "subcategory": "bus_stop",
        "description": "2(38-44)"
      }
    },
    {
      "type": "Feature",
      "id": "13546545311",
      "geometry": {
        "type": "Point",
        "coordinates": [
          -78.9938007,
          -8.1384144
        ]
      },
      "properties": {
        "id": "13546545311",
        "name": "",
        "type": "bus_stop",
        "category": "transport",
        "subcategory": "bus_stop",
        "description": "2(38-44)"
      }
    },
    {
      "type": "Feature",
      "id": "13546545307",
      "geometry": {
        "type": "Point",
        "coordinates": [
          -78.9952113,
          -8.1356992
        ]
      },
      "properties": {
        "id": "13546545307",
        "name": "",
        "type": "bus_stop",
        "category": "transport",
        "subcategory": "bus_stop",
        "description": "2(38-44)"
      }
    },
    {
      "type": "Feature",
      "id": "13546546093",
      "geometry": {
        "type": "Point",
        "coordinates": [
          -78.9948816,
          -8.1329792
        ]
      },
      "properties": {
        "id": "13546546093",
        "name": "",
        "type": "bus_stop",
        "category": "transport",
        "subcategory": "bus_stop",
        "description": "2(38-44)"
      }
    },
    {
      "type": "Feature",
      "id": "13546545329",
      "geometry": {
        "type": "Point",
        "coordinates": [
          -78.9966881,
          -8.1342703
        ]
      },
      "properties": {
        "id": "13546545329",
        "name": "",
        "type": "bus_stop",
        "category": "transport",
        "subcategory": "bus_stop",
        "description": "2(38-44)"
      }
    },
    {
      "type": "Feature",
      "id": "13546546096",
      "geometry": {
        "type": "Point",
        "coordinates": [
          -78.9973597,
          -8.1369773
        ]
      },
      "properties": {
        "id": "13546546096",
        "name": "",
        "type": "bus_stop",
        "category": "transport",
        "subcategory": "bus_stop",
        "description": "2(38-44)"
      }
    },
    {
      "type": "Feature",
      "id": "13546545330",
      "geometry": {
        "type": "Point",
        "coordinates": [
          -78.9980847,
          -8.1397134
        ]
      },
      "properties": {
        "id": "13546545330",
        "name": "",
        "type": "bus_stop",
        "category": "transport",
        "subcategory": "bus_stop",
        "description": "2(38-44)"
      }
    },
    {
      "type": "Feature",
      "id": "13546545309",
      "geometry": {
        "type": "Point",
        "coordinates": [
          -78.9992882,
          -8.1435688
        ]
      },
      "properties": {
        "id": "13546545309",
        "name": "",
        "type": "bus_stop",
        "category": "transport",
        "subcategory": "bus_stop",
        "description": "2(38-44)"
      }
    },
    {
      "type": "Feature",
      "id": "13546546104",
      "geometry": {
        "type": "Point",
        "coordinates": [
          -79.0026151,
          -8.1470241
        ]
      },
      "properties": {
        "id": "13546546104",
        "name": "",
        "type": "bus_stop",
        "category": "transport",
        "subcategory": "bus_stop",
        "description": "2(38-44)"
      }
    },
    {
      "type": "Feature",
      "id": "13546545327",
      "geometry": {
        "type": "Point",
        "coordinates": [
          -79.0058303,
          -8.1475498
        ]
      },
      "properties": {
        "id": "13546545327",
        "name": "",
        "type": "bus_stop",
        "category": "transport",
        "subcategory": "bus_stop",
        "description": "2(38-44)"
      }
    },
    {
      "type": "Feature",
      "id": "13546545967",
      "geometry": {
        "type": "Point",
        "coordinates": [
          -79.0208143,
          -8.1198077
        ]
      },
      "properties": {
        "id": "13546545967",
        "name": "",
        "type": "bus_stop",
        "category": "transport",
        "subcategory": "bus_stop",
        "description": "7(38-39-42-44-45-67-70)"
      }
    },
    {
      "type": "Feature",
      "id": "13546545159",
      "geometry": {
        "type": "Point",
        "coordinates": [
          -79.0220605,
          -8.1173316
        ]
      },
      "properties": {
        "id": "13546545159",
        "name": "",
        "type": "bus_stop",
        "category": "transport",
        "subcategory": "bus_stop",
        "description": "7(38-39-42-44-45-67-70)"
      }
    },
    {
      "type": "Feature",
      "id": "1088227401",
      "geometry": {
        "type": "Point",
        "coordinates": [
          -79.0198924,
          -8.1128508
        ]
      },
      "properties": {
        "id": "1088227401",
        "name": "Avenida los Incas y Calle José Galvez",
        "type": "bus_stop",
        "category": "transport",
        "subcategory": "bus_stop",
        "description": "1(38)"
      }
    },
    {
      "type": "Feature",
      "id": "1098620524",
      "geometry": {
        "type": "Point",
        "coordinates": [
          -78.9916117,
          -8.1790864
        ]
      },
      "properties": {
        "id": "1098620524",
        "name": "Panamericana Norte",
        "type": "bus_stop",
        "category": "transport",
        "subcategory": "bus_stop",
        "description": "2(39-40)"
      }
    },
    {
      "type": "Feature",
      "id": "13546545303",
      "geometry": {
        "type": "Point",
        "coordinates": [
          -78.9894656,
          -8.1809281
        ]
      },
      "properties": {
        "id": "13546545303",
        "name": "",
        "type": "bus_stop",
        "category": "transport",
        "subcategory": "bus_stop",
        "description": "5(39-40-68-70-72)"
      }
    },
    {
      "type": "Feature",
      "id": "13546546088",
      "geometry": {
        "type": "Point",
        "coordinates": [
          -78.9866416,
          -8.1830243
        ]
      },
      "properties": {
        "id": "13546546088",
        "name": "",
        "type": "bus_stop",
        "category": "transport",
        "subcategory": "bus_stop",
        "description": "5(39-40-68-70-72)"
      }
    },
    {
      "type": "Feature",
      "id": "13546545284",
      "geometry": {
        "type": "Point",
        "coordinates": [
          -78.9838078,
          -8.1852327
        ]
      },
      "properties": {
        "id": "13546545284",
        "name": "",
        "type": "bus_stop",
        "category": "transport",
        "subcategory": "bus_stop",
        "description": "5(39-40-68-70-72)"
      }
    },
    {
      "type": "Feature",
      "id": "13546546075",
      "geometry": {
        "type": "Point",
        "coordinates": [
          -78.9795803,
          -8.1882321
        ]
      },
      "properties": {
        "id": "13546546075",
        "name": "",
        "type": "bus_stop",
        "category": "transport",
        "subcategory": "bus_stop",
        "description": "3(39-68-70)"
      }
    },
    {
      "type": "Feature",
      "id": "13546546082",
      "geometry": {
        "type": "Point",
        "coordinates": [
          -78.9741267,
          -8.1921699
        ]
      },
      "properties": {
        "id": "13546546082",
        "name": "",
        "type": "bus_stop",
        "category": "transport",
        "subcategory": "bus_stop",
        "description": "3(39-68-70)"
      }
    },
    {
      "type": "Feature",
      "id": "13546546083",
      "geometry": {
        "type": "Point",
        "coordinates": [
          -78.9712951,
          -8.1946849
        ]
      },
      "properties": {
        "id": "13546546083",
        "name": "",
        "type": "bus_stop",
        "category": "transport",
        "subcategory": "bus_stop",
        "description": "3(39-68-70)"
      }
    },
    {
      "type": "Feature",
      "id": "13546546081",
      "geometry": {
        "type": "Point",
        "coordinates": [
          -78.9852063,
          -8.1884746
        ]
      },
      "properties": {
        "id": "13546546081",
        "name": "",
        "type": "bus_stop",
        "category": "transport",
        "subcategory": "bus_stop",
        "description": "2(39-70)"
      }
    },
    {
      "type": "Feature",
      "id": "13546545282",
      "geometry": {
        "type": "Point",
        "coordinates": [
          -78.9879346,
          -8.186447
        ]
      },
      "properties": {
        "id": "13546545282",
        "name": "",
        "type": "bus_stop",
        "category": "transport",
        "subcategory": "bus_stop",
        "description": "2(39-70)"
      }
    },
    {
      "type": "Feature",
      "id": "13546545345",
      "geometry": {
        "type": "Point",
        "coordinates": [
          -78.990632,
          -8.1844429
        ]
      },
      "properties": {
        "id": "13546545345",
        "name": "",
        "type": "bus_stop",
        "category": "transport",
        "subcategory": "bus_stop",
        "description": "3(39-40-70)"
      }
    },
    {
      "type": "Feature",
      "id": "13546545872",
      "geometry": {
        "type": "Point",
        "coordinates": [
          -79.0286131,
          -8.0914319
        ]
      },
      "properties": {
        "id": "13546545872",
        "name": "",
        "type": "bus_stop",
        "category": "transport",
        "subcategory": "bus_stop",
        "description": "1(39)"
      }
    },
    {
      "type": "Feature",
      "id": "13546545563",
      "geometry": {
        "type": "Point",
        "coordinates": [
          -79.0251283,
          -8.0878795
        ]
      },
      "properties": {
        "id": "13546545563",
        "name": "",
        "type": "bus_stop",
        "category": "transport",
        "subcategory": "bus_stop",
        "description": "2(39-62)"
      }
    },
    {
      "type": "Feature",
      "id": "13546545567",
      "geometry": {
        "type": "Point",
        "coordinates": [
          -79.028078,
          -8.0838647
        ]
      },
      "properties": {
        "id": "13546545567",
        "name": "",
        "type": "bus_stop",
        "category": "transport",
        "subcategory": "bus_stop",
        "description": "2(39-70)"
      }
    },
    {
      "type": "Feature",
      "id": "13546546302",
      "geometry": {
        "type": "Point",
        "coordinates": [
          -79.0304228,
          -8.083003
        ]
      },
      "properties": {
        "id": "13546546302",
        "name": "",
        "type": "bus_stop",
        "category": "transport",
        "subcategory": "bus_stop",
        "description": "2(39-70)"
      }
    },
    {
      "type": "Feature",
      "id": "13546546300",
      "geometry": {
        "type": "Point",
        "coordinates": [
          -79.0280604,
          -8.0761374
        ]
      },
      "properties": {
        "id": "13546546300",
        "name": "",
        "type": "bus_stop",
        "category": "transport",
        "subcategory": "bus_stop",
        "description": "2(39-70)"
      }
    },
    {
      "type": "Feature",
      "id": "13546545557",
      "geometry": {
        "type": "Point",
        "coordinates": [
          -79.0275422,
          -8.0727021
        ]
      },
      "properties": {
        "id": "13546545557",
        "name": "",
        "type": "bus_stop",
        "category": "transport",
        "subcategory": "bus_stop",
        "description": "2(39-70)"
      }
    },
    {
      "type": "Feature",
      "id": "13546545796",
      "geometry": {
        "type": "Point",
        "coordinates": [
          -79.0278217,
          -8.0697124
        ]
      },
      "properties": {
        "id": "13546545796",
        "name": "",
        "type": "bus_stop",
        "category": "transport",
        "subcategory": "bus_stop",
        "description": "2(39-70)"
      }
    },
    {
      "type": "Feature",
      "id": "13546545837",
      "geometry": {
        "type": "Point",
        "coordinates": [
          -79.0300435,
          -8.0658092
        ]
      },
      "properties": {
        "id": "13546545837",
        "name": "",
        "type": "bus_stop",
        "category": "transport",
        "subcategory": "bus_stop",
        "description": "1(39)"
      }
    },
    {
      "type": "Feature",
      "id": "13546545836",
      "geometry": {
        "type": "Point",
        "coordinates": [
          -79.0319392,
          -8.0644078
        ]
      },
      "properties": {
        "id": "13546545836",
        "name": "",
        "type": "bus_stop",
        "category": "transport",
        "subcategory": "bus_stop",
        "description": "2(39-70)"
      }
    },
    {
      "type": "Feature",
      "id": "13546545653",
      "geometry": {
        "type": "Point",
        "coordinates": [
          -79.0338873,
          -8.0629477
        ]
      },
      "properties": {
        "id": "13546545653",
        "name": "",
        "type": "bus_stop",
        "category": "transport",
        "subcategory": "bus_stop",
        "description": "1(39)"
      }
    },
    {
      "type": "Feature",
      "id": "8129796284",
      "geometry": {
        "type": "Point",
        "coordinates": [
          -79.0338966,
          -8.0620097
        ]
      },
      "properties": {
        "id": "8129796284",
        "name": "Calle Miguel Grau",
        "type": "bus_stop",
        "category": "transport",
        "subcategory": "bus_stop",
        "description": "1(39)"
      }
    },
    {
      "type": "Feature",
      "id": "5483458623",
      "geometry": {
        "type": "Point",
        "coordinates": [
          -79.0334263,
          -8.0619889
        ]
      },
      "properties": {
        "id": "5483458623",
        "name": "Sin nombre",
        "type": "bus_stop",
        "category": "transport",
        "subcategory": "bus_stop",
        "description": "1(39)"
      }
    },
    {
      "type": "Feature",
      "id": "13546545558",
      "geometry": {
        "type": "Point",
        "coordinates": [
          -79.0294529,
          -8.0789068
        ]
      },
      "properties": {
        "id": "13546545558",
        "name": "",
        "type": "bus_stop",
        "category": "transport",
        "subcategory": "bus_stop",
        "description": "2(39-70)"
      }
    },
    {
      "type": "Feature",
      "id": "13546545566",
      "geometry": {
        "type": "Point",
        "coordinates": [
          -79.0279664,
          -8.0839012
        ]
      },
      "properties": {
        "id": "13546545566",
        "name": "",
        "type": "bus_stop",
        "category": "transport",
        "subcategory": "bus_stop",
        "description": "2(39-70)"
      }
    },
    {
      "type": "Feature",
      "id": "13546545564",
      "geometry": {
        "type": "Point",
        "coordinates": [
          -79.0255837,
          -8.0846388
        ]
      },
      "properties": {
        "id": "13546545564",
        "name": "",
        "type": "bus_stop",
        "category": "transport",
        "subcategory": "bus_stop",
        "description": "1(39)"
      }
    },
    {
      "type": "Feature",
      "id": "13546545871",
      "geometry": {
        "type": "Point",
        "coordinates": [
          -79.0286772,
          -8.0913147
        ]
      },
      "properties": {
        "id": "13546545871",
        "name": "",
        "type": "bus_stop",
        "category": "transport",
        "subcategory": "bus_stop",
        "description": "1(39)"
      }
    },
    {
      "type": "Feature",
      "id": "13546545312",
      "geometry": {
        "type": "Point",
        "coordinates": [
          -78.9957028,
          -8.1760158
        ]
      },
      "properties": {
        "id": "13546545312",
        "name": "",
        "type": "bus_stop",
        "category": "transport",
        "subcategory": "bus_stop",
        "description": "3(39-68-70)"
      }
    },
    {
      "type": "Feature",
      "id": "13546546089",
      "geometry": {
        "type": "Point",
        "coordinates": [
          -78.9921884,
          -8.178774
        ]
      },
      "properties": {
        "id": "13546546089",
        "name": "",
        "type": "bus_stop",
        "category": "transport",
        "subcategory": "bus_stop",
        "description": "4(39-68-70-72)"
      }
    },
    {
      "type": "Feature",
      "id": "13546546298",
      "geometry": {
        "type": "Point",
        "coordinates": [
          -79.0263426,
          -8.0709439
        ]
      },
      "properties": {
        "id": "13546546298",
        "name": "",
        "type": "bus_stop",
        "category": "transport",
        "subcategory": "bus_stop",
        "description": "1(39)"
      }
    },
    {
      "type": "Feature",
      "id": "13546545285",
      "geometry": {
        "type": "Point",
        "coordinates": [
          -78.9862486,
          -8.1888284
        ]
      },
      "properties": {
        "id": "13546545285",
        "name": "",
        "type": "bus_stop",
        "category": "transport",
        "subcategory": "bus_stop",
        "description": "2(40-72)"
      }
    },
    {
      "type": "Feature",
      "id": "13546545347",
      "geometry": {
        "type": "Point",
        "coordinates": [
          -78.9897928,
          -8.1870925
        ]
      },
      "properties": {
        "id": "13546545347",
        "name": "",
        "type": "bus_stop",
        "category": "transport",
        "subcategory": "bus_stop",
        "description": "2(40-72)"
      }
    },
    {
      "type": "Feature",
      "id": "13546545447",
      "geometry": {
        "type": "Point",
        "coordinates": [
          -79.0093643,
          -8.084235
        ]
      },
      "properties": {
        "id": "13546545447",
        "name": "",
        "type": "bus_stop",
        "category": "transport",
        "subcategory": "bus_stop",
        "description": "2(40-72)"
      }
    },
    {
      "type": "Feature",
      "id": "13546545443",
      "geometry": {
        "type": "Point",
        "coordinates": [
          -79.0093835,
          -8.0813644
        ]
      },
      "properties": {
        "id": "13546545443",
        "name": "",
        "type": "bus_stop",
        "category": "transport",
        "subcategory": "bus_stop",
        "description": "2(40-72)"
      }
    },
    {
      "type": "Feature",
      "id": "13546545452",
      "geometry": {
        "type": "Point",
        "coordinates": [
          -79.0085582,
          -8.0804605
        ]
      },
      "properties": {
        "id": "13546545452",
        "name": "",
        "type": "bus_stop",
        "category": "transport",
        "subcategory": "bus_stop",
        "description": "3(16-40-72)"
      }
    },
    {
      "type": "Feature",
      "id": "13546545409",
      "geometry": {
        "type": "Point",
        "coordinates": [
          -79.0069731,
          -8.0782346
        ]
      },
      "properties": {
        "id": "13546545409",
        "name": "",
        "type": "bus_stop",
        "category": "transport",
        "subcategory": "bus_stop",
        "description": "2(40-72)"
      }
    },
    {
      "type": "Feature",
      "id": "13546545488",
      "geometry": {
        "type": "Point",
        "coordinates": [
          -79.004273,
          -8.0724338
        ]
      },
      "properties": {
        "id": "13546545488",
        "name": "",
        "type": "bus_stop",
        "category": "transport",
        "subcategory": "bus_stop",
        "description": "3(40-49-72)"
      }
    },
    {
      "type": "Feature",
      "id": "1098644192",
      "geometry": {
        "type": "Point",
        "coordinates": [
          -79.0061332,
          -8.0711328
        ]
      },
      "properties": {
        "id": "1098644192",
        "name": "Calle Inca Roca y Calle Ascencio Vergara",
        "type": "bus_stop",
        "category": "transport",
        "subcategory": "bus_stop",
        "description": "1(40)"
      }
    },
    {
      "type": "Feature",
      "id": "1098630415",
      "geometry": {
        "type": "Point",
        "coordinates": [
          -79.006547,
          -8.0721511
        ]
      },
      "properties": {
        "id": "1098630415",
        "name": "Calle Inca Roca y Jirón Inca Roca",
        "type": "bus_stop",
        "category": "transport",
        "subcategory": "bus_stop",
        "description": "2(40-72)"
      }
    },
    {
      "type": "Feature",
      "id": "13546545487",
      "geometry": {
        "type": "Point",
        "coordinates": [
          -79.0043625,
          -8.07241
        ]
      },
      "properties": {
        "id": "13546545487",
        "name": "",
        "type": "bus_stop",
        "category": "transport",
        "subcategory": "bus_stop",
        "description": "3(40-49-72)"
      }
    },
    {
      "type": "Feature",
      "id": "13546545273",
      "geometry": {
        "type": "Point",
        "coordinates": [
          -78.9861461,
          -8.1889431
        ]
      },
      "properties": {
        "id": "13546545273",
        "name": "",
        "type": "bus_stop",
        "category": "transport",
        "subcategory": "bus_stop",
        "description": "2(40-72)"
      }
    },
    {
      "type": "Feature",
      "id": "13546545297",
      "geometry": {
        "type": "Point",
        "coordinates": [
          -78.9893114,
          -8.1807516
        ]
      },
      "properties": {
        "id": "13546545297",
        "name": "",
        "type": "bus_stop",
        "category": "transport",
        "subcategory": "bus_stop",
        "description": "4(39-40-68-72)"
      }
    },
    {
      "type": "Feature",
      "id": "5282388366",
      "geometry": {
        "type": "Point",
        "coordinates": [
          -79.0012087,
          -8.193799
        ]
      },
      "properties": {
        "id": "5282388366",
        "name": "Avenida Independencia",
        "type": "bus_stop",
        "category": "transport",
        "subcategory": "bus_stop",
        "description": "1(41)"
      }
    },
    {
      "type": "Feature",
      "id": "13546545306",
      "geometry": {
        "type": "Point",
        "coordinates": [
          -79.0061386,
          -8.1887133
        ]
      },
      "properties": {
        "id": "13546545306",
        "name": "",
        "type": "bus_stop",
        "category": "transport",
        "subcategory": "bus_stop",
        "description": "5(41-42-43-45-67)"
      }
    },
    {
      "type": "Feature",
      "id": "13546545322",
      "geometry": {
        "type": "Point",
        "coordinates": [
          -79.0118064,
          -8.1820721
        ]
      },
      "properties": {
        "id": "13546545322",
        "name": "",
        "type": "bus_stop",
        "category": "transport",
        "subcategory": "bus_stop",
        "description": "6(41-42-43-45-67-84)"
      }
    },
    {
      "type": "Feature",
      "id": "8743805428",
      "geometry": {
        "type": "Point",
        "coordinates": [
          -79.0125262,
          -8.1806225
        ]
      },
      "properties": {
        "id": "8743805428",
        "name": "Avenida Perú",
        "type": "bus_stop",
        "category": "transport",
        "subcategory": "bus_stop",
        "description": "6(41-42-43-45-67-84)"
      }
    },
    {
      "type": "Feature",
      "id": "12121155299",
      "geometry": {
        "type": "Point",
        "coordinates": [
          -79.0125514,
          -8.1768674
        ]
      },
      "properties": {
        "id": "12121155299",
        "name": "Avenida de La Marina",
        "type": "bus_stop",
        "category": "transport",
        "subcategory": "bus_stop",
        "description": "6(41-42-43-45-67-84)"
      }
    },
    {
      "type": "Feature",
      "id": "13546546101",
      "geometry": {
        "type": "Point",
        "coordinates": [
          -79.0119408,
          -8.1744099
        ]
      },
      "properties": {
        "id": "13546546101",
        "name": "",
        "type": "bus_stop",
        "category": "transport",
        "subcategory": "bus_stop",
        "description": "6(41-42-43-45-67-84)"
      }
    },
    {
      "type": "Feature",
      "id": "13546545318",
      "geometry": {
        "type": "Point",
        "coordinates": [
          -79.0112971,
          -8.1716275
        ]
      },
      "properties": {
        "id": "13546545318",
        "name": "",
        "type": "bus_stop",
        "category": "transport",
        "subcategory": "bus_stop",
        "description": "6(41-42-43-45-67-84)"
      }
    },
    {
      "type": "Feature",
      "id": "13546535082",
      "geometry": {
        "type": "Point",
        "coordinates": [
          -79.0262441,
          -8.09126
        ]
      },
      "properties": {
        "id": "13546535082",
        "name": "",
        "type": "bus_stop",
        "category": "transport",
        "subcategory": "bus_stop",
        "description": "4(39-41-62-70)"
      }
    },
    {
      "type": "Feature",
      "id": "13546545562",
      "geometry": {
        "type": "Point",
        "coordinates": [
          -79.0220543,
          -8.0807811
        ]
      },
      "properties": {
        "id": "13546545562",
        "name": "",
        "type": "bus_stop",
        "category": "transport",
        "subcategory": "bus_stop",
        "description": "4(41-42-45-67)"
      }
    },
    {
      "type": "Feature",
      "id": "13546545605",
      "geometry": {
        "type": "Point",
        "coordinates": [
          -79.0225113,
          -8.0768976
        ]
      },
      "properties": {
        "id": "13546545605",
        "name": "",
        "type": "bus_stop",
        "category": "transport",
        "subcategory": "bus_stop",
        "description": "4(41-42-45-67)"
      }
    },
    {
      "type": "Feature",
      "id": "13546545846",
      "geometry": {
        "type": "Point",
        "coordinates": [
          -79.0220497,
          -8.0598027
        ]
      },
      "properties": {
        "id": "13546545846",
        "name": "",
        "type": "bus_stop",
        "category": "transport",
        "subcategory": "bus_stop",
        "description": "2(41-45)"
      }
    },
    {
      "type": "Feature",
      "id": "2339886605",
      "geometry": {
        "type": "Point",
        "coordinates": [
          -79.0233251,
          -8.0547972
        ]
      },
      "properties": {
        "id": "2339886605",
        "name": "Via Evitamiento Milagro",
        "type": "bus_stop",
        "category": "transport",
        "subcategory": "bus_stop",
        "description": "1(41)"
      }
    },
    {
      "type": "Feature",
      "id": "13546546406",
      "geometry": {
        "type": "Point",
        "coordinates": [
          -79.0233756,
          -8.0548494
        ]
      },
      "properties": {
        "id": "13546546406",
        "name": "",
        "type": "bus_stop",
        "category": "transport",
        "subcategory": "bus_stop",
        "description": "1(41)"
      }
    },
    {
      "type": "Feature",
      "id": "13546546377",
      "geometry": {
        "type": "Point",
        "coordinates": [
          -79.0203136,
          -8.0656215
        ]
      },
      "properties": {
        "id": "13546546377",
        "name": "",
        "type": "bus_stop",
        "category": "transport",
        "subcategory": "bus_stop",
        "description": "1(41)"
      }
    },
    {
      "type": "Feature",
      "id": "13546545606",
      "geometry": {
        "type": "Point",
        "coordinates": [
          -79.0226164,
          -8.0768681
        ]
      },
      "properties": {
        "id": "13546545606",
        "name": "",
        "type": "bus_stop",
        "category": "transport",
        "subcategory": "bus_stop",
        "description": "4(41-42-45-67)"
      }
    },
    {
      "type": "Feature",
      "id": "13546535083",
      "geometry": {
        "type": "Point",
        "coordinates": [
          -79.0263178,
          -8.0910758
        ]
      },
      "properties": {
        "id": "13546535083",
        "name": "",
        "type": "bus_stop",
        "category": "transport",
        "subcategory": "bus_stop",
        "description": "3(39-41-70)"
      }
    },
    {
      "type": "Feature",
      "id": "13546545335",
      "geometry": {
        "type": "Point",
        "coordinates": [
          -79.0113746,
          -8.1715419
        ]
      },
      "properties": {
        "id": "13546545335",
        "name": "",
        "type": "bus_stop",
        "category": "transport",
        "subcategory": "bus_stop",
        "description": "6(41-42-43-45-67-84)"
      }
    },
    {
      "type": "Feature",
      "id": "13546546116",
      "geometry": {
        "type": "Point",
        "coordinates": [
          -79.0120394,
          -8.1742805
        ]
      },
      "properties": {
        "id": "13546546116",
        "name": "",
        "type": "bus_stop",
        "category": "transport",
        "subcategory": "bus_stop",
        "description": "6(41-42-43-45-67-84)"
      }
    },
    {
      "type": "Feature",
      "id": "13546546113",
      "geometry": {
        "type": "Point",
        "coordinates": [
          -79.0128484,
          -8.1766198
        ]
      },
      "properties": {
        "id": "13546546113",
        "name": "",
        "type": "bus_stop",
        "category": "transport",
        "subcategory": "bus_stop",
        "description": "6(41-42-43-45-67-84)"
      }
    },
    {
      "type": "Feature",
      "id": "13546546127",
      "geometry": {
        "type": "Point",
        "coordinates": [
          -79.0146422,
          -8.179071
        ]
      },
      "properties": {
        "id": "13546546127",
        "name": "",
        "type": "bus_stop",
        "category": "transport",
        "subcategory": "bus_stop",
        "description": "6(41-42-43-45-67-84)"
      }
    },
    {
      "type": "Feature",
      "id": "13546546124",
      "geometry": {
        "type": "Point",
        "coordinates": [
          -79.0134117,
          -8.1797118
        ]
      },
      "properties": {
        "id": "13546546124",
        "name": "",
        "type": "bus_stop",
        "category": "transport",
        "subcategory": "bus_stop",
        "description": "6(41-42-43-45-67-84)"
      }
    },
    {
      "type": "Feature",
      "id": "13546545320",
      "geometry": {
        "type": "Point",
        "coordinates": [
          -79.0128595,
          -8.1800686
        ]
      },
      "properties": {
        "id": "13546545320",
        "name": "",
        "type": "bus_stop",
        "category": "transport",
        "subcategory": "bus_stop",
        "description": "6(41-42-43-45-67-84)"
      }
    },
    {
      "type": "Feature",
      "id": "13546545339",
      "geometry": {
        "type": "Point",
        "coordinates": [
          -79.0118523,
          -8.1823127
        ]
      },
      "properties": {
        "id": "13546545339",
        "name": "",
        "type": "bus_stop",
        "category": "transport",
        "subcategory": "bus_stop",
        "description": "6(41-42-43-45-67-84)"
      }
    },
    {
      "type": "Feature",
      "id": "13546545321",
      "geometry": {
        "type": "Point",
        "coordinates": [
          -79.0103151,
          -8.1847173
        ]
      },
      "properties": {
        "id": "13546545321",
        "name": "",
        "type": "bus_stop",
        "category": "transport",
        "subcategory": "bus_stop",
        "description": "6(41-42-43-45-67-84)"
      }
    },
    {
      "type": "Feature",
      "id": "13546546091",
      "geometry": {
        "type": "Point",
        "coordinates": [
          -79.007885,
          -8.1870141
        ]
      },
      "properties": {
        "id": "13546546091",
        "name": "",
        "type": "bus_stop",
        "category": "transport",
        "subcategory": "bus_stop",
        "description": "6(41-42-43-45-67-84)"
      }
    },
    {
      "type": "Feature",
      "id": "13546545305",
      "geometry": {
        "type": "Point",
        "coordinates": [
          -79.0062284,
          -8.1887912
        ]
      },
      "properties": {
        "id": "13546545305",
        "name": "",
        "type": "bus_stop",
        "category": "transport",
        "subcategory": "bus_stop",
        "description": "2(41-84)"
      }
    },
    {
      "type": "Feature",
      "id": "11812523500",
      "geometry": {
        "type": "Point",
        "coordinates": [
          -79.0226286,
          -8.0633489
        ]
      },
      "properties": {
        "id": "11812523500",
        "name": "Avenida Dinamarca y Prolongación Avenida 12 de Noviembre",
        "type": "bus_stop",
        "category": "transport",
        "subcategory": "bus_stop",
        "description": "4(42-43-67-84)"
      }
    },
    {
      "type": "Feature",
      "id": "13546545855",
      "geometry": {
        "type": "Point",
        "coordinates": [
          -79.0231314,
          -8.0581946
        ]
      },
      "properties": {
        "id": "13546545855",
        "name": "",
        "type": "bus_stop",
        "category": "transport",
        "subcategory": "bus_stop",
        "description": "4(42-43-67-84)"
      }
    },
    {
      "type": "Feature",
      "id": "13546545845",
      "geometry": {
        "type": "Point",
        "coordinates": [
          -79.0194134,
          -8.0589759
        ]
      },
      "properties": {
        "id": "13546545845",
        "name": "",
        "type": "bus_stop",
        "category": "transport",
        "subcategory": "bus_stop",
        "description": "5(42-43-45-67-84)"
      }
    },
    {
      "type": "Feature",
      "id": "13546546412",
      "geometry": {
        "type": "Point",
        "coordinates": [
          -79.018885,
          -8.0639135
        ]
      },
      "properties": {
        "id": "13546546412",
        "name": "",
        "type": "bus_stop",
        "category": "transport",
        "subcategory": "bus_stop",
        "description": "5(42-43-45-67-84)"
      }
    },
    {
      "type": "Feature",
      "id": "13546545856",
      "geometry": {
        "type": "Point",
        "coordinates": [
          -79.0215366,
          -8.0644231
        ]
      },
      "properties": {
        "id": "13546545856",
        "name": "",
        "type": "bus_stop",
        "category": "transport",
        "subcategory": "bus_stop",
        "description": "5(42-43-45-67-84)"
      }
    },
    {
      "type": "Feature",
      "id": "13546545323",
      "geometry": {
        "type": "Point",
        "coordinates": [
          -79.0153848,
          -8.1770864
        ]
      },
      "properties": {
        "id": "13546545323",
        "name": "",
        "type": "bus_stop",
        "category": "transport",
        "subcategory": "bus_stop",
        "description": "5(42-43-45-67-84)"
      }
    },
    {
      "type": "Feature",
      "id": "13546545308",
      "geometry": {
        "type": "Point",
        "coordinates": [
          -79.0160564,
          -8.1781298
        ]
      },
      "properties": {
        "id": "13546545308",
        "name": "",
        "type": "bus_stop",
        "category": "transport",
        "subcategory": "bus_stop",
        "description": "5(42-43-45-67-84)"
      }
    },
    {
      "type": "Feature",
      "id": "1098612874",
      "geometry": {
        "type": "Point",
        "coordinates": [
          -79.0066337,
          -8.1882523
        ]
      },
      "properties": {
        "id": "1098612874",
        "name": "Avenida Independencia y Calle Miguiel Graú",
        "type": "bus_stop",
        "category": "transport",
        "subcategory": "bus_stop",
        "description": "5(42-43-45-67-84)"
      }
    },
    {
      "type": "Feature",
      "id": "13381608067",
      "geometry": {
        "type": "Point",
        "coordinates": [
          -79.0066016,
          -8.1882198
        ]
      },
      "properties": {
        "id": "13381608067",
        "name": "Calle Miguiel Graú",
        "type": "bus_stop",
        "category": "transport",
        "subcategory": "bus_stop",
        "description": "3(42-43-45)"
      }
    },
    {
      "type": "Feature",
      "id": "13546545319",
      "geometry": {
        "type": "Point",
        "coordinates": [
          -79.0059138,
          -8.1876327
        ]
      },
      "properties": {
        "id": "13546545319",
        "name": "",
        "type": "bus_stop",
        "category": "transport",
        "subcategory": "bus_stop",
        "description": "4(42-43-45-67)"
      }
    },
    {
      "type": "Feature",
      "id": "13546546118",
      "geometry": {
        "type": "Point",
        "coordinates": [
          -79.0045168,
          -8.1871996
        ]
      },
      "properties": {
        "id": "13546546118",
        "name": "",
        "type": "bus_stop",
        "category": "transport",
        "subcategory": "bus_stop",
        "description": "4(42-43-45-67)"
      }
    },
    {
      "type": "Feature",
      "id": "13546546100",
      "geometry": {
        "type": "Point",
        "coordinates": [
          -79.0038593,
          -8.1897178
        ]
      },
      "properties": {
        "id": "13546546100",
        "name": "",
        "type": "bus_stop",
        "category": "transport",
        "subcategory": "bus_stop",
        "description": "4(42-43-45-67)"
      }
    },
    {
      "type": "Feature",
      "id": "13546545324",
      "geometry": {
        "type": "Point",
        "coordinates": [
          -79.0160342,
          -8.1780372
        ]
      },
      "properties": {
        "id": "13546545324",
        "name": "",
        "type": "bus_stop",
        "category": "transport",
        "subcategory": "bus_stop",
        "description": "5(42-43-45-67-84)"
      }
    },
    {
      "type": "Feature",
      "id": "13546545317",
      "geometry": {
        "type": "Point",
        "coordinates": [
          -79.0152849,
          -8.177255
        ]
      },
      "properties": {
        "id": "13546545317",
        "name": "",
        "type": "bus_stop",
        "category": "transport",
        "subcategory": "bus_stop",
        "description": "5(42-43-45-67-84)"
      }
    },
    {
      "type": "Feature",
      "id": "13546545326",
      "geometry": {
        "type": "Point",
        "coordinates": [
          -79.0141359,
          -8.1779895
        ]
      },
      "properties": {
        "id": "13546545326",
        "name": "",
        "type": "bus_stop",
        "category": "transport",
        "subcategory": "bus_stop",
        "description": "5(42-43-45-67-84)"
      }
    },
    {
      "type": "Feature",
      "id": "13546545843",
      "geometry": {
        "type": "Point",
        "coordinates": [
          -79.0219677,
          -8.0575144
        ]
      },
      "properties": {
        "id": "13546545843",
        "name": "",
        "type": "bus_stop",
        "category": "transport",
        "subcategory": "bus_stop",
        "description": "4(42-43-67-84)"
      }
    },
    {
      "type": "Feature",
      "id": "1015292444",
      "geometry": {
        "type": "Point",
        "coordinates": [
          -79.0198386,
          -8.1128836
        ]
      },
      "properties": {
        "id": "1015292444",
        "name": "Avenida los Incas y Calle José Galvez",
        "type": "bus_stop",
        "category": "transport",
        "subcategory": "bus_stop",
        "description": "1(44)"
      }
    },
    {
      "type": "Feature",
      "id": "13546546108",
      "geometry": {
        "type": "Point",
        "coordinates": [
          -79.0085287,
          -8.1496453
        ]
      },
      "properties": {
        "id": "13546546108",
        "name": "",
        "type": "bus_stop",
        "category": "transport",
        "subcategory": "bus_stop",
        "description": "1(44)"
      }
    },
    {
      "type": "Feature",
      "id": "13546546095",
      "geometry": {
        "type": "Point",
        "coordinates": [
          -79.0024036,
          -8.1470131
        ]
      },
      "properties": {
        "id": "13546546095",
        "name": "",
        "type": "bus_stop",
        "category": "transport",
        "subcategory": "bus_stop",
        "description": "1(44)"
      }
    },
    {
      "type": "Feature",
      "id": "13546545331",
      "geometry": {
        "type": "Point",
        "coordinates": [
          -78.999195,
          -8.1436099
        ]
      },
      "properties": {
        "id": "13546545331",
        "name": "",
        "type": "bus_stop",
        "category": "transport",
        "subcategory": "bus_stop",
        "description": "1(44)"
      }
    },
    {
      "type": "Feature",
      "id": "13546546107",
      "geometry": {
        "type": "Point",
        "coordinates": [
          -78.9971089,
          -8.1371455
        ]
      },
      "properties": {
        "id": "13546546107",
        "name": "",
        "type": "bus_stop",
        "category": "transport",
        "subcategory": "bus_stop",
        "description": "1(44)"
      }
    },
    {
      "type": "Feature",
      "id": "13546545310",
      "geometry": {
        "type": "Point",
        "coordinates": [
          -78.9965503,
          -8.134411
        ]
      },
      "properties": {
        "id": "13546545310",
        "name": "",
        "type": "bus_stop",
        "category": "transport",
        "subcategory": "bus_stop",
        "description": "1(44)"
      }
    },
    {
      "type": "Feature",
      "id": "13546546094",
      "geometry": {
        "type": "Point",
        "coordinates": [
          -78.9949591,
          -8.1330704
        ]
      },
      "properties": {
        "id": "13546546094",
        "name": "",
        "type": "bus_stop",
        "category": "transport",
        "subcategory": "bus_stop",
        "description": "1(44)"
      }
    },
    {
      "type": "Feature",
      "id": "13546545328",
      "geometry": {
        "type": "Point",
        "coordinates": [
          -78.9939314,
          -8.1385754
        ]
      },
      "properties": {
        "id": "13546545328",
        "name": "",
        "type": "bus_stop",
        "category": "transport",
        "subcategory": "bus_stop",
        "description": "1(44)"
      }
    },
    {
      "type": "Feature",
      "id": "13381640382",
      "geometry": {
        "type": "Point",
        "coordinates": [
          -79.0215375,
          -8.0630419
        ]
      },
      "properties": {
        "id": "13381640382",
        "name": "Avenida Albania",
        "type": "bus_stop",
        "category": "transport",
        "subcategory": "bus_stop",
        "description": "1(45)"
      }
    },
    {
      "type": "Feature",
      "id": "13381666201",
      "geometry": {
        "type": "Point",
        "coordinates": [
          -78.9939348,
          -8.0646087
        ]
      },
      "properties": {
        "id": "13381666201",
        "name": "Calle Villalonga",
        "type": "bus_stop",
        "category": "transport",
        "subcategory": "bus_stop",
        "description": "2(46-47)"
      }
    },
    {
      "type": "Feature",
      "id": "13546545415",
      "geometry": {
        "type": "Point",
        "coordinates": [
          -78.9951616,
          -8.0649188
        ]
      },
      "properties": {
        "id": "13546545415",
        "name": "",
        "type": "bus_stop",
        "category": "transport",
        "subcategory": "bus_stop",
        "description": "2(46-48)"
      }
    },
    {
      "type": "Feature",
      "id": "13546545416",
      "geometry": {
        "type": "Point",
        "coordinates": [
          -78.9962666,
          -8.0677646
        ]
      },
      "properties": {
        "id": "13546545416",
        "name": "",
        "type": "bus_stop",
        "category": "transport",
        "subcategory": "bus_stop",
        "description": "2(46-48)"
      }
    },
    {
      "type": "Feature",
      "id": "13546545463",
      "geometry": {
        "type": "Point",
        "coordinates": [
          -78.9953944,
          -8.0694986
        ]
      },
      "properties": {
        "id": "13546545463",
        "name": "",
        "type": "bus_stop",
        "category": "transport",
        "subcategory": "bus_stop",
        "description": "1(46)"
      }
    },
    {
      "type": "Feature",
      "id": "13546546205",
      "geometry": {
        "type": "Point",
        "coordinates": [
          -78.9973603,
          -8.0706249
        ]
      },
      "properties": {
        "id": "13546546205",
        "name": "",
        "type": "bus_stop",
        "category": "transport",
        "subcategory": "bus_stop",
        "description": "5(46-47-48-62-64)"
      }
    },
    {
      "type": "Feature",
      "id": "13546545457",
      "geometry": {
        "type": "Point",
        "coordinates": [
          -78.9980621,
          -8.0729311
        ]
      },
      "properties": {
        "id": "13546545457",
        "name": "",
        "type": "bus_stop",
        "category": "transport",
        "subcategory": "bus_stop",
        "description": "5(46-47-48-62-64)"
      }
    },
    {
      "type": "Feature",
      "id": "13546545421",
      "geometry": {
        "type": "Point",
        "coordinates": [
          -79.0011545,
          -8.0858133
        ]
      },
      "properties": {
        "id": "13546545421",
        "name": "",
        "type": "bus_stop",
        "category": "transport",
        "subcategory": "bus_stop",
        "description": "2(46-52)"
      }
    },
    {
      "type": "Feature",
      "id": "2610202760",
      "geometry": {
        "type": "Point",
        "coordinates": [
          -79.0441158,
          -8.1165216
        ]
      },
      "properties": {
        "id": "2610202760",
        "name": "Avenida América Oeste y Avenida Antenor Orrego",
        "type": "bus_stop",
        "category": "transport",
        "subcategory": "bus_stop",
        "description": "1(46)"
      }
    },
    {
      "type": "Feature",
      "id": "13546545435",
      "geometry": {
        "type": "Point",
        "coordinates": [
          -79.0009174,
          -8.0829646
        ]
      },
      "properties": {
        "id": "13546545435",
        "name": "",
        "type": "bus_stop",
        "category": "transport",
        "subcategory": "bus_stop",
        "description": "5(46-47-48-54-64)"
      }
    },
    {
      "type": "Feature",
      "id": "13546546207",
      "geometry": {
        "type": "Point",
        "coordinates": [
          -78.9972071,
          -8.0706758
        ]
      },
      "properties": {
        "id": "13546546207",
        "name": "",
        "type": "bus_stop",
        "category": "transport",
        "subcategory": "bus_stop",
        "description": "6(46-47-48-54-62-64)"
      }
    },
    {
      "type": "Feature",
      "id": "13546545464",
      "geometry": {
        "type": "Point",
        "coordinates": [
          -78.9954009,
          -8.0696425
        ]
      },
      "properties": {
        "id": "13546545464",
        "name": "",
        "type": "bus_stop",
        "category": "transport",
        "subcategory": "bus_stop",
        "description": "1(46)"
      }
    },
    {
      "type": "Feature",
      "id": "13546545419",
      "geometry": {
        "type": "Point",
        "coordinates": [
          -78.9961527,
          -8.0677649
        ]
      },
      "properties": {
        "id": "13546545419",
        "name": "",
        "type": "bus_stop",
        "category": "transport",
        "subcategory": "bus_stop",
        "description": "2(46-48)"
      }
    },
    {
      "type": "Feature",
      "id": "13546546221",
      "geometry": {
        "type": "Point",
        "coordinates": [
          -78.993813,
          -8.0685459
        ]
      },
      "properties": {
        "id": "13546546221",
        "name": "",
        "type": "bus_stop",
        "category": "transport",
        "subcategory": "bus_stop",
        "description": "1(47)"
      }
    },
    {
      "type": "Feature",
      "id": "1098594938",
      "geometry": {
        "type": "Point",
        "coordinates": [
          -79.0530435,
          -8.1343542
        ]
      },
      "properties": {
        "id": "1098594938",
        "name": "Jirón las Ficus y Calle los Girasoles",
        "type": "bus_stop",
        "category": "transport",
        "subcategory": "bus_stop",
        "description": "1(47)"
      }
    },
    {
      "type": "Feature",
      "id": "13546535063",
      "geometry": {
        "type": "Point",
        "coordinates": [
          -79.0298805,
          -8.1049117
        ]
      },
      "properties": {
        "id": "13546535063",
        "name": "",
        "type": "bus_stop",
        "category": "transport",
        "subcategory": "bus_stop",
        "description": "1(47)"
      }
    },
    {
      "type": "Feature",
      "id": "13546545470",
      "geometry": {
        "type": "Point",
        "coordinates": [
          -79.0088574,
          -8.0861796
        ]
      },
      "properties": {
        "id": "13546545470",
        "name": "",
        "type": "bus_stop",
        "category": "transport",
        "subcategory": "bus_stop",
        "description": "2(47-62)"
      }
    },
    {
      "type": "Feature",
      "id": "13546545469",
      "geometry": {
        "type": "Point",
        "coordinates": [
          -79.0059746,
          -8.0863878
        ]
      },
      "properties": {
        "id": "13546545469",
        "name": "",
        "type": "bus_stop",
        "category": "transport",
        "subcategory": "bus_stop",
        "description": "2(47-62)"
      }
    },
    {
      "type": "Feature",
      "id": "13546545420",
      "geometry": {
        "type": "Point",
        "coordinates": [
          -79.0039192,
          -8.0850744
        ]
      },
      "properties": {
        "id": "13546545420",
        "name": "",
        "type": "bus_stop",
        "category": "transport",
        "subcategory": "bus_stop",
        "description": "4(47-48-52-62)"
      }
    },
    {
      "type": "Feature",
      "id": "13546545462",
      "geometry": {
        "type": "Point",
        "coordinates": [
          -78.9932455,
          -8.065591
        ]
      },
      "properties": {
        "id": "13546545462",
        "name": "",
        "type": "bus_stop",
        "category": "transport",
        "subcategory": "bus_stop",
        "description": "1(47)"
      }
    },
    {
      "type": "Feature",
      "id": "4749755305",
      "geometry": {
        "type": "Point",
        "coordinates": [
          -78.9945168,
          -8.0505607
        ]
      },
      "properties": {
        "id": "4749755305",
        "name": "Sin nombre",
        "type": "bus_stop",
        "category": "transport",
        "subcategory": "bus_stop",
        "description": "1(48)"
      }
    },
    {
      "type": "Feature",
      "id": "13381664564",
      "geometry": {
        "type": "Point",
        "coordinates": [
          -79.0302077,
          -8.1264164
        ]
      },
      "properties": {
        "id": "13381664564",
        "name": "Sin nombre",
        "type": "bus_stop",
        "category": "transport",
        "subcategory": "bus_stop",
        "description": "1(48)"
      }
    },
    {
      "type": "Feature",
      "id": "1098620244",
      "geometry": {
        "type": "Point",
        "coordinates": [
          -79.045232,
          -8.1304479
        ]
      },
      "properties": {
        "id": "1098620244",
        "name": "Avenida Victor Raul Haya de la Torre y Calle 5",
        "type": "bus_stop",
        "category": "transport",
        "subcategory": "bus_stop",
        "description": "1(49)"
      }
    },
    {
      "type": "Feature",
      "id": "13546545145",
      "geometry": {
        "type": "Point",
        "coordinates": [
          -79.0172476,
          -8.1040335
        ]
      },
      "properties": {
        "id": "13546545145",
        "name": "",
        "type": "bus_stop",
        "category": "transport",
        "subcategory": "bus_stop",
        "description": "10(13-49-50-52-54-60-61-73-75-77)"
      }
    },
    {
      "type": "Feature",
      "id": "13546545144",
      "geometry": {
        "type": "Point",
        "coordinates": [
          -79.015181,
          -8.1021076
        ]
      },
      "properties": {
        "id": "13546545144",
        "name": "",
        "type": "bus_stop",
        "category": "transport",
        "subcategory": "bus_stop",
        "description": "10(13-49-50-52-54-60-61-73-75-77)"
      }
    },
    {
      "type": "Feature",
      "id": "13546535087",
      "geometry": {
        "type": "Point",
        "coordinates": [
          -79.0128853,
          -8.1000516
        ]
      },
      "properties": {
        "id": "13546535087",
        "name": "",
        "type": "bus_stop",
        "category": "transport",
        "subcategory": "bus_stop",
        "description": "13(13-49-50-51-52-54-60-61-73-75-76-77-82)"
      }
    },
    {
      "type": "Feature",
      "id": "13546545893",
      "geometry": {
        "type": "Point",
        "coordinates": [
          -79.011152,
          -8.0974314
        ]
      },
      "properties": {
        "id": "13546545893",
        "name": "",
        "type": "bus_stop",
        "category": "transport",
        "subcategory": "bus_stop",
        "description": "13(13-49-50-51-52-54-60-61-73-75-76-77-82)"
      }
    },
    {
      "type": "Feature",
      "id": "13546545479",
      "geometry": {
        "type": "Point",
        "coordinates": [
          -79.0016584,
          -8.0761836
        ]
      },
      "properties": {
        "id": "13546545479",
        "name": "",
        "type": "bus_stop",
        "category": "transport",
        "subcategory": "bus_stop",
        "description": "2(49-80)"
      }
    },
    {
      "type": "Feature",
      "id": "13546546227",
      "geometry": {
        "type": "Point",
        "coordinates": [
          -79.0052267,
          -8.0749786
        ]
      },
      "properties": {
        "id": "13546546227",
        "name": "",
        "type": "bus_stop",
        "category": "transport",
        "subcategory": "bus_stop",
        "description": "2(49-80)"
      }
    },
    {
      "type": "Feature",
      "id": "13546545844",
      "geometry": {
        "type": "Point",
        "coordinates": [
          -79.0034992,
          -8.058327
        ]
      },
      "properties": {
        "id": "13546545844",
        "name": "",
        "type": "bus_stop",
        "category": "transport",
        "subcategory": "bus_stop",
        "description": "4(49-54-62-64)"
      }
    },
    {
      "type": "Feature",
      "id": "13546546404",
      "geometry": {
        "type": "Point",
        "coordinates": [
          -79.0024693,
          -8.0547912
        ]
      },
      "properties": {
        "id": "13546546404",
        "name": "",
        "type": "bus_stop",
        "category": "transport",
        "subcategory": "bus_stop",
        "description": "4(49-54-62-64)"
      }
    },
    {
      "type": "Feature",
      "id": "13546545835",
      "geometry": {
        "type": "Point",
        "coordinates": [
          -79.0012785,
          -8.0512158
        ]
      },
      "properties": {
        "id": "13546545835",
        "name": "",
        "type": "bus_stop",
        "category": "transport",
        "subcategory": "bus_stop",
        "description": "4(49-54-62-64)"
      }
    },
    {
      "type": "Feature",
      "id": "13546545820",
      "geometry": {
        "type": "Point",
        "coordinates": [
          -79.0032898,
          -8.0495684
        ]
      },
      "properties": {
        "id": "13546545820",
        "name": "",
        "type": "bus_stop",
        "category": "transport",
        "subcategory": "bus_stop",
        "description": "1(49)"
      }
    },
    {
      "type": "Feature",
      "id": "13546546396",
      "geometry": {
        "type": "Point",
        "coordinates": [
          -79.0063687,
          -8.0487249
        ]
      },
      "properties": {
        "id": "13546546396",
        "name": "",
        "type": "bus_stop",
        "category": "transport",
        "subcategory": "bus_stop",
        "description": "1(49)"
      }
    },
    {
      "type": "Feature",
      "id": "3133843835",
      "geometry": {
        "type": "Point",
        "coordinates": [
          -79.0072871,
          -8.0485034
        ]
      },
      "properties": {
        "id": "3133843835",
        "name": "Calle 10",
        "type": "bus_stop",
        "category": "transport",
        "subcategory": "bus_stop",
        "description": "1(49)"
      }
    },
    {
      "type": "Feature",
      "id": "13546545486",
      "geometry": {
        "type": "Point",
        "coordinates": [
          -79.0040774,
          -8.0699131
        ]
      },
      "properties": {
        "id": "13546545486",
        "name": "",
        "type": "bus_stop",
        "category": "transport",
        "subcategory": "bus_stop",
        "description": "2(49-80)"
      }
    },
    {
      "type": "Feature",
      "id": "13546546228",
      "geometry": {
        "type": "Point",
        "coordinates": [
          -79.0049673,
          -8.0752439
        ]
      },
      "properties": {
        "id": "13546546228",
        "name": "",
        "type": "bus_stop",
        "category": "transport",
        "subcategory": "bus_stop",
        "description": "1(49)"
      }
    },
    {
      "type": "Feature",
      "id": "5491451744",
      "geometry": {
        "type": "Point",
        "coordinates": [
          -78.9519533,
          -8.0803833
        ]
      },
      "properties": {
        "id": "5491451744",
        "name": "Sin nombre",
        "type": "bus_stop",
        "category": "transport",
        "subcategory": "bus_stop",
        "description": "1(50)"
      }
    },
    {
      "type": "Feature",
      "id": "13546546154",
      "geometry": {
        "type": "Point",
        "coordinates": [
          -78.9517437,
          -8.0804878
        ]
      },
      "properties": {
        "id": "13546546154",
        "name": "",
        "type": "bus_stop",
        "category": "transport",
        "subcategory": "bus_stop",
        "description": "1(50)"
      }
    },
    {
      "type": "Feature",
      "id": "13546546174",
      "geometry": {
        "type": "Point",
        "coordinates": [
          -78.9555062,
          -8.084822
        ]
      },
      "properties": {
        "id": "13546546174",
        "name": "",
        "type": "bus_stop",
        "category": "transport",
        "subcategory": "bus_stop",
        "description": "1(50)"
      }
    },
    {
      "type": "Feature",
      "id": "13546546178",
      "geometry": {
        "type": "Point",
        "coordinates": [
          -78.9617648,
          -8.0869016
        ]
      },
      "properties": {
        "id": "13546546178",
        "name": "",
        "type": "bus_stop",
        "category": "transport",
        "subcategory": "bus_stop",
        "description": "5(50-60-61-75-77)"
      }
    },
    {
      "type": "Feature",
      "id": "13546546166",
      "geometry": {
        "type": "Point",
        "coordinates": [
          -78.9633385,
          -8.088349
        ]
      },
      "properties": {
        "id": "13546546166",
        "name": "",
        "type": "bus_stop",
        "category": "transport",
        "subcategory": "bus_stop",
        "description": "1(50)"
      }
    },
    {
      "type": "Feature",
      "id": "13546545378",
      "geometry": {
        "type": "Point",
        "coordinates": [
          -78.9635073,
          -8.0889753
        ]
      },
      "properties": {
        "id": "13546545378",
        "name": "",
        "type": "bus_stop",
        "category": "transport",
        "subcategory": "bus_stop",
        "description": "1(50)"
      }
    },
    {
      "type": "Feature",
      "id": "13546545984",
      "geometry": {
        "type": "Point",
        "coordinates": [
          -79.0175871,
          -8.1194551
        ]
      },
      "properties": {
        "id": "13546545984",
        "name": "",
        "type": "bus_stop",
        "category": "transport",
        "subcategory": "bus_stop",
        "description": "1(50)"
      }
    },
    {
      "type": "Feature",
      "id": "5455991412",
      "geometry": {
        "type": "Point",
        "coordinates": [
          -79.0143501,
          -8.1216315
        ]
      },
      "properties": {
        "id": "5455991412",
        "name": "Calle Fernando de Montesinos y José Joaquín Inclan",
        "type": "bus_stop",
        "category": "transport",
        "subcategory": "bus_stop",
        "description": "1(50)"
      }
    },
    {
      "type": "Feature",
      "id": "13546545154",
      "geometry": {
        "type": "Point",
        "coordinates": [
          -79.0148852,
          -8.1224318
        ]
      },
      "properties": {
        "id": "13546545154",
        "name": "",
        "type": "bus_stop",
        "category": "transport",
        "subcategory": "bus_stop",
        "description": "1(50)"
      }
    },
    {
      "type": "Feature",
      "id": "13546545153",
      "geometry": {
        "type": "Point",
        "coordinates": [
          -79.0162783,
          -8.1236828
        ]
      },
      "properties": {
        "id": "13546545153",
        "name": "",
        "type": "bus_stop",
        "category": "transport",
        "subcategory": "bus_stop",
        "description": "1(50)"
      }
    },
    {
      "type": "Feature",
      "id": "13546545955",
      "geometry": {
        "type": "Point",
        "coordinates": [
          -79.0180506,
          -8.1244133
        ]
      },
      "properties": {
        "id": "13546545955",
        "name": "",
        "type": "bus_stop",
        "category": "transport",
        "subcategory": "bus_stop",
        "description": "1(50)"
      }
    },
    {
      "type": "Feature",
      "id": "13546545865",
      "geometry": {
        "type": "Point",
        "coordinates": [
          -79.0188965,
          -8.1255707
        ]
      },
      "properties": {
        "id": "13546545865",
        "name": "",
        "type": "bus_stop",
        "category": "transport",
        "subcategory": "bus_stop",
        "description": "1(50)"
      }
    },
    {
      "type": "Feature",
      "id": "13546545866",
      "geometry": {
        "type": "Point",
        "coordinates": [
          -79.0199047,
          -8.1266899
        ]
      },
      "properties": {
        "id": "13546545866",
        "name": "",
        "type": "bus_stop",
        "category": "transport",
        "subcategory": "bus_stop",
        "description": "4(50-60-73-77)"
      }
    },
    {
      "type": "Feature",
      "id": "13546535041",
      "geometry": {
        "type": "Point",
        "coordinates": [
          -79.0210377,
          -8.1278301
        ]
      },
      "properties": {
        "id": "13546535041",
        "name": "",
        "type": "bus_stop",
        "category": "transport",
        "subcategory": "bus_stop",
        "description": "4(50-60-73-77)"
      }
    },
    {
      "type": "Feature",
      "id": "13546545920",
      "geometry": {
        "type": "Point",
        "coordinates": [
          -79.0207637,
          -8.1292985
        ]
      },
      "properties": {
        "id": "13546545920",
        "name": "",
        "type": "bus_stop",
        "category": "transport",
        "subcategory": "bus_stop",
        "description": "3(50-73-77)"
      }
    },
    {
      "type": "Feature",
      "id": "13546545379",
      "geometry": {
        "type": "Point",
        "coordinates": [
          -78.9640547,
          -8.0903123
        ]
      },
      "properties": {
        "id": "13546545379",
        "name": "",
        "type": "bus_stop",
        "category": "transport",
        "subcategory": "bus_stop",
        "description": "1(50)"
      }
    },
    {
      "type": "Feature",
      "id": "13546546168",
      "geometry": {
        "type": "Point",
        "coordinates": [
          -78.963126,
          -8.0883313
        ]
      },
      "properties": {
        "id": "13546546168",
        "name": "",
        "type": "bus_stop",
        "category": "transport",
        "subcategory": "bus_stop",
        "description": "1(50)"
      }
    },
    {
      "type": "Feature",
      "id": "13546546165",
      "geometry": {
        "type": "Point",
        "coordinates": [
          -78.9610188,
          -8.0868147
        ]
      },
      "properties": {
        "id": "13546546165",
        "name": "",
        "type": "bus_stop",
        "category": "transport",
        "subcategory": "bus_stop",
        "description": "5(50-60-61-73-75)"
      }
    },
    {
      "type": "Feature",
      "id": "13546546159",
      "geometry": {
        "type": "Point",
        "coordinates": [
          -78.955531,
          -8.0849631
        ]
      },
      "properties": {
        "id": "13546546159",
        "name": "",
        "type": "bus_stop",
        "category": "transport",
        "subcategory": "bus_stop",
        "description": "1(50)"
      }
    },
    {
      "type": "Feature",
      "id": "2604535925",
      "geometry": {
        "type": "Point",
        "coordinates": [
          -78.9529819,
          -8.0799767
        ]
      },
      "properties": {
        "id": "2604535925",
        "name": "Sin nombre",
        "type": "bus_stop",
        "category": "transport",
        "subcategory": "bus_stop",
        "description": "1(50)"
      }
    },
    {
      "type": "Feature",
      "id": "4743986172",
      "geometry": {
        "type": "Point",
        "coordinates": [
          -78.9499629,
          -8.0713647
        ]
      },
      "properties": {
        "id": "4743986172",
        "name": "Sin nombre",
        "type": "bus_stop",
        "category": "transport",
        "subcategory": "bus_stop",
        "description": "1(51)"
      }
    },
    {
      "type": "Feature",
      "id": "13546545357",
      "geometry": {
        "type": "Point",
        "coordinates": [
          -78.9527083,
          -8.0684744
        ]
      },
      "properties": {
        "id": "13546545357",
        "name": "",
        "type": "bus_stop",
        "category": "transport",
        "subcategory": "bus_stop",
        "description": "1(51)"
      }
    },
    {
      "type": "Feature",
      "id": "13546546145",
      "geometry": {
        "type": "Point",
        "coordinates": [
          -78.9531234,
          -8.0682407
        ]
      },
      "properties": {
        "id": "13546546145",
        "name": "",
        "type": "bus_stop",
        "category": "transport",
        "subcategory": "bus_stop",
        "description": "1(51)"
      }
    },
    {
      "type": "Feature",
      "id": "13546546146",
      "geometry": {
        "type": "Point",
        "coordinates": [
          -78.9550941,
          -8.0681962
        ]
      },
      "properties": {
        "id": "13546546146",
        "name": "",
        "type": "bus_stop",
        "category": "transport",
        "subcategory": "bus_stop",
        "description": "1(51)"
      }
    },
    {
      "type": "Feature",
      "id": "13546545358",
      "geometry": {
        "type": "Point",
        "coordinates": [
          -78.9548792,
          -8.0712887
        ]
      },
      "properties": {
        "id": "13546545358",
        "name": "",
        "type": "bus_stop",
        "category": "transport",
        "subcategory": "bus_stop",
        "description": "1(51)"
      }
    },
    {
      "type": "Feature",
      "id": "13546545360",
      "geometry": {
        "type": "Point",
        "coordinates": [
          -78.9574229,
          -8.0731556
        ]
      },
      "properties": {
        "id": "13546545360",
        "name": "",
        "type": "bus_stop",
        "category": "transport",
        "subcategory": "bus_stop",
        "description": "1(51)"
      }
    },
    {
      "type": "Feature",
      "id": "13546546175",
      "geometry": {
        "type": "Point",
        "coordinates": [
          -78.9577498,
          -8.0854975
        ]
      },
      "properties": {
        "id": "13546546175",
        "name": "",
        "type": "bus_stop",
        "category": "transport",
        "subcategory": "bus_stop",
        "description": "2(51-77)"
      }
    },
    {
      "type": "Feature",
      "id": "13546535094",
      "geometry": {
        "type": "Point",
        "coordinates": [
          -78.9998172,
          -8.0931011
        ]
      },
      "properties": {
        "id": "13546535094",
        "name": "",
        "type": "bus_stop",
        "category": "transport",
        "subcategory": "bus_stop",
        "description": "2(51-52)"
      }
    },
    {
      "type": "Feature",
      "id": "13546545895",
      "geometry": {
        "type": "Point",
        "coordinates": [
          -78.9966117,
          -8.0936343
        ]
      },
      "properties": {
        "id": "13546545895",
        "name": "",
        "type": "bus_stop",
        "category": "transport",
        "subcategory": "bus_stop",
        "description": "3(51-52-81)"
      }
    },
    {
      "type": "Feature",
      "id": "13546546170",
      "geometry": {
        "type": "Point",
        "coordinates": [
          -78.9578491,
          -8.0851706
        ]
      },
      "properties": {
        "id": "13546546170",
        "name": "",
        "type": "bus_stop",
        "category": "transport",
        "subcategory": "bus_stop",
        "description": "2(51-77)"
      }
    },
    {
      "type": "Feature",
      "id": "13546546148",
      "geometry": {
        "type": "Point",
        "coordinates": [
          -78.9581667,
          -8.0815584
        ]
      },
      "properties": {
        "id": "13546546148",
        "name": "",
        "type": "bus_stop",
        "category": "transport",
        "subcategory": "bus_stop",
        "description": "1(51)"
      }
    },
    {
      "type": "Feature",
      "id": "13546545361",
      "geometry": {
        "type": "Point",
        "coordinates": [
          -78.9573763,
          -8.0732395
        ]
      },
      "properties": {
        "id": "13546545361",
        "name": "",
        "type": "bus_stop",
        "category": "transport",
        "subcategory": "bus_stop",
        "description": "1(51)"
      }
    },
    {
      "type": "Feature",
      "id": "13546545359",
      "geometry": {
        "type": "Point",
        "coordinates": [
          -78.9548467,
          -8.0711808
        ]
      },
      "properties": {
        "id": "13546545359",
        "name": "",
        "type": "bus_stop",
        "category": "transport",
        "subcategory": "bus_stop",
        "description": "1(51)"
      }
    },
    {
      "type": "Feature",
      "id": "13546546142",
      "geometry": {
        "type": "Point",
        "coordinates": [
          -78.95041,
          -8.0699765
        ]
      },
      "properties": {
        "id": "13546546142",
        "name": "",
        "type": "bus_stop",
        "category": "transport",
        "subcategory": "bus_stop",
        "description": "1(51)"
      }
    },
    {
      "type": "Feature",
      "id": "13546546143",
      "geometry": {
        "type": "Point",
        "coordinates": [
          -78.9503335,
          -8.0700442
        ]
      },
      "properties": {
        "id": "13546546143",
        "name": "",
        "type": "bus_stop",
        "category": "transport",
        "subcategory": "bus_stop",
        "description": "1(51)"
      }
    },
    {
      "type": "Feature",
      "id": "4743979964",
      "geometry": {
        "type": "Point",
        "coordinates": [
          -78.949926,
          -8.071611
        ]
      },
      "properties": {
        "id": "4743979964",
        "name": "Sin nombre",
        "type": "bus_stop",
        "category": "transport",
        "subcategory": "bus_stop",
        "description": "1(51)"
      }
    },
    {
      "type": "Feature",
      "id": "13546545821",
      "geometry": {
        "type": "Point",
        "coordinates": [
          -79.0060785,
          -8.0525473
        ]
      },
      "properties": {
        "id": "13546545821",
        "name": "",
        "type": "bus_stop",
        "category": "transport",
        "subcategory": "bus_stop",
        "description": "1(23)"
      }
    },
    {
      "type": "Feature",
      "id": "13546545824",
      "geometry": {
        "type": "Point",
        "coordinates": [
          -79.0047071,
          -8.0545099
        ]
      },
      "properties": {
        "id": "13546545824",
        "name": "",
        "type": "bus_stop",
        "category": "transport",
        "subcategory": "bus_stop",
        "description": "1(23)"
      }
    },
    {
      "type": "Feature",
      "id": "13546546398",
      "geometry": {
        "type": "Point",
        "coordinates": [
          -79.0056593,
          -8.0576025
        ]
      },
      "properties": {
        "id": "13546546398",
        "name": "",
        "type": "bus_stop",
        "category": "transport",
        "subcategory": "bus_stop",
        "description": "1(23)"
      }
    },
    {
      "type": "Feature",
      "id": "13546545829",
      "geometry": {
        "type": "Point",
        "coordinates": [
          -79.0046582,
          -8.0651233
        ]
      },
      "properties": {
        "id": "13546545829",
        "name": "",
        "type": "bus_stop",
        "category": "transport",
        "subcategory": "bus_stop",
        "description": "1(23)"
      }
    },
    {
      "type": "Feature",
      "id": "13546545474",
      "geometry": {
        "type": "Point",
        "coordinates": [
          -79.0107518,
          -8.0691946
        ]
      },
      "properties": {
        "id": "13546545474",
        "name": "",
        "type": "bus_stop",
        "category": "transport",
        "subcategory": "bus_stop",
        "description": "1(23)"
      }
    },
    {
      "type": "Feature",
      "id": "13546545448",
      "geometry": {
        "type": "Point",
        "coordinates": [
          -79.0157151,
          -8.0709397
        ]
      },
      "properties": {
        "id": "13546545448",
        "name": "",
        "type": "bus_stop",
        "category": "transport",
        "subcategory": "bus_stop",
        "description": "2(16-23)"
      }
    },
    {
      "type": "Feature",
      "id": "13546545831",
      "geometry": {
        "type": "Point",
        "coordinates": [
          -79.01025,
          -8.0666683
        ]
      },
      "properties": {
        "id": "13546545831",
        "name": "",
        "type": "bus_stop",
        "category": "transport",
        "subcategory": "bus_stop",
        "description": "1(23)"
      }
    },
    {
      "type": "Feature",
      "id": "13546545830",
      "geometry": {
        "type": "Point",
        "coordinates": [
          -79.0077534,
          -8.0657189
        ]
      },
      "properties": {
        "id": "13546545830",
        "name": "",
        "type": "bus_stop",
        "category": "transport",
        "subcategory": "bus_stop",
        "description": "1(23)"
      }
    },
    {
      "type": "Feature",
      "id": "13546546397",
      "geometry": {
        "type": "Point",
        "coordinates": [
          -79.005577,
          -8.0576508
        ]
      },
      "properties": {
        "id": "13546546397",
        "name": "",
        "type": "bus_stop",
        "category": "transport",
        "subcategory": "bus_stop",
        "description": "1(23)"
      }
    },
    {
      "type": "Feature",
      "id": "13546545823",
      "geometry": {
        "type": "Point",
        "coordinates": [
          -79.0046194,
          -8.0545594
        ]
      },
      "properties": {
        "id": "13546545823",
        "name": "",
        "type": "bus_stop",
        "category": "transport",
        "subcategory": "bus_stop",
        "description": "1(23)"
      }
    },
    {
      "type": "Feature",
      "id": "13546545822",
      "geometry": {
        "type": "Point",
        "coordinates": [
          -79.0059574,
          -8.0524226
        ]
      },
      "properties": {
        "id": "13546545822",
        "name": "",
        "type": "bus_stop",
        "category": "transport",
        "subcategory": "bus_stop",
        "description": "1(23)"
      }
    },
    {
      "type": "Feature",
      "id": "10736007612",
      "geometry": {
        "type": "Point",
        "coordinates": [
          -78.9963647,
          -8.093532
        ]
      },
      "properties": {
        "id": "10736007612",
        "name": "Avenida Pesqueda y Avenida Libertad",
        "type": "bus_stop",
        "category": "transport",
        "subcategory": "bus_stop",
        "description": "1(52)"
      }
    },
    {
      "type": "Feature",
      "id": "13546546067",
      "geometry": {
        "type": "Point",
        "coordinates": [
          -78.9957014,
          -8.0920732
        ]
      },
      "properties": {
        "id": "13546546067",
        "name": "",
        "type": "bus_stop",
        "category": "transport",
        "subcategory": "bus_stop",
        "description": "2(52-81)"
      }
    },
    {
      "type": "Feature",
      "id": "13546545266",
      "geometry": {
        "type": "Point",
        "coordinates": [
          -78.9934506,
          -8.0895806
        ]
      },
      "properties": {
        "id": "13546545266",
        "name": "",
        "type": "bus_stop",
        "category": "transport",
        "subcategory": "bus_stop",
        "description": "1(52)"
      }
    },
    {
      "type": "Feature",
      "id": "13546545164",
      "geometry": {
        "type": "Point",
        "coordinates": [
          -79.0334941,
          -8.1200729
        ]
      },
      "properties": {
        "id": "13546545164",
        "name": "",
        "type": "bus_stop",
        "category": "transport",
        "subcategory": "bus_stop",
        "description": "3(52-61-75)"
      }
    },
    {
      "type": "Feature",
      "id": "13546545165",
      "geometry": {
        "type": "Point",
        "coordinates": [
          -79.0346739,
          -8.1229207
        ]
      },
      "properties": {
        "id": "13546545165",
        "name": "",
        "type": "bus_stop",
        "category": "transport",
        "subcategory": "bus_stop",
        "description": "3(52-61-75)"
      }
    },
    {
      "type": "Feature",
      "id": "13546545167",
      "geometry": {
        "type": "Point",
        "coordinates": [
          -79.0356127,
          -8.1253041
        ]
      },
      "properties": {
        "id": "13546545167",
        "name": "",
        "type": "bus_stop",
        "category": "transport",
        "subcategory": "bus_stop",
        "description": "3(52-61-75)"
      }
    },
    {
      "type": "Feature",
      "id": "5087571029",
      "geometry": {
        "type": "Point",
        "coordinates": [
          -78.9962529,
          -8.0935094
        ]
      },
      "properties": {
        "id": "5087571029",
        "name": "Avenida Pesqueda y Avenida Libertad",
        "type": "bus_stop",
        "category": "transport",
        "subcategory": "bus_stop",
        "description": "1(52)"
      }
    },
    {
      "type": "Feature",
      "id": "13546545972",
      "geometry": {
        "type": "Point",
        "coordinates": [
          -78.9934587,
          -8.0916679
        ]
      },
      "properties": {
        "id": "13546545972",
        "name": "",
        "type": "bus_stop",
        "category": "transport",
        "subcategory": "bus_stop",
        "description": "1(52)"
      }
    },
    {
      "type": "Feature",
      "id": "13546535036",
      "geometry": {
        "type": "Point",
        "coordinates": [
          -78.9945504,
          -8.0910439
        ]
      },
      "properties": {
        "id": "13546535036",
        "name": "",
        "type": "bus_stop",
        "category": "transport",
        "subcategory": "bus_stop",
        "description": "2(51-52)"
      }
    },
    {
      "type": "Feature",
      "id": "13546535053",
      "geometry": {
        "type": "Point",
        "coordinates": [
          -78.9949152,
          -8.0912862
        ]
      },
      "properties": {
        "id": "13546535053",
        "name": "",
        "type": "bus_stop",
        "category": "transport",
        "subcategory": "bus_stop",
        "description": "2(51-52)"
      }
    },
    {
      "type": "Feature",
      "id": "13546545896",
      "geometry": {
        "type": "Point",
        "coordinates": [
          -78.9968987,
          -8.0935049
        ]
      },
      "properties": {
        "id": "13546545896",
        "name": "",
        "type": "bus_stop",
        "category": "transport",
        "subcategory": "bus_stop",
        "description": "2(51-52)"
      }
    },
    {
      "type": "Feature",
      "id": "5087571023",
      "geometry": {
        "type": "Point",
        "coordinates": [
          -78.9967397,
          -8.0936075
        ]
      },
      "properties": {
        "id": "5087571023",
        "name": "Avenida Pesqueda",
        "type": "bus_stop",
        "category": "transport",
        "subcategory": "bus_stop",
        "description": "1(52)"
      }
    },
    {
      "type": "Feature",
      "id": "1098627171",
      "geometry": {
        "type": "Point",
        "coordinates": [
          -79.0431418,
          -8.1279873
        ]
      },
      "properties": {
        "id": "1098627171",
        "name": "Calle 5 y Avenida los Pajuiles",
        "type": "bus_stop",
        "category": "transport",
        "subcategory": "bus_stop",
        "description": "1(53)"
      }
    },
    {
      "type": "Feature",
      "id": "3157983276",
      "geometry": {
        "type": "Point",
        "coordinates": [
          -78.980267,
          -8.0676541
        ]
      },
      "properties": {
        "id": "3157983276",
        "name": "Sin nombre",
        "type": "bus_stop",
        "category": "transport",
        "subcategory": "bus_stop",
        "description": "3(54-62-64)"
      }
    },
    {
      "type": "Feature",
      "id": "13546546133",
      "geometry": {
        "type": "Point",
        "coordinates": [
          -78.9797228,
          -8.0677132
        ]
      },
      "properties": {
        "id": "13546546133",
        "name": "",
        "type": "bus_stop",
        "category": "transport",
        "subcategory": "bus_stop",
        "description": "3(54-62-64)"
      }
    },
    {
      "type": "Feature",
      "id": "13546546137",
      "geometry": {
        "type": "Point",
        "coordinates": [
          -78.9793416,
          -8.0642117
        ]
      },
      "properties": {
        "id": "13546546137",
        "name": "",
        "type": "bus_stop",
        "category": "transport",
        "subcategory": "bus_stop",
        "description": "3(54-62-64)"
      }
    },
    {
      "type": "Feature",
      "id": "13546546136",
      "geometry": {
        "type": "Point",
        "coordinates": [
          -78.9762182,
          -8.0637201
        ]
      },
      "properties": {
        "id": "13546546136",
        "name": "",
        "type": "bus_stop",
        "category": "transport",
        "subcategory": "bus_stop",
        "description": "3(54-62-64)"
      }
    },
    {
      "type": "Feature",
      "id": "13546545356",
      "geometry": {
        "type": "Point",
        "coordinates": [
          -78.9779059,
          -8.0661673
        ]
      },
      "properties": {
        "id": "13546545356",
        "name": "",
        "type": "bus_stop",
        "category": "transport",
        "subcategory": "bus_stop",
        "description": "3(54-62-64)"
      }
    },
    {
      "type": "Feature",
      "id": "13546546138",
      "geometry": {
        "type": "Point",
        "coordinates": [
          -78.980207,
          -8.067617
        ]
      },
      "properties": {
        "id": "13546546138",
        "name": "",
        "type": "bus_stop",
        "category": "transport",
        "subcategory": "bus_stop",
        "description": "3(54-62-64)"
      }
    },
    {
      "type": "Feature",
      "id": "13546546139",
      "geometry": {
        "type": "Point",
        "coordinates": [
          -78.9833998,
          -8.0679914
        ]
      },
      "properties": {
        "id": "13546546139",
        "name": "",
        "type": "bus_stop",
        "category": "transport",
        "subcategory": "bus_stop",
        "description": "3(54-62-64)"
      }
    },
    {
      "type": "Feature",
      "id": "13546546213",
      "geometry": {
        "type": "Point",
        "coordinates": [
          -78.9866036,
          -8.0702459
        ]
      },
      "properties": {
        "id": "13546546213",
        "name": "",
        "type": "bus_stop",
        "category": "transport",
        "subcategory": "bus_stop",
        "description": "6(13-54-55-56-62-64)"
      }
    },
    {
      "type": "Feature",
      "id": "13546546041",
      "geometry": {
        "type": "Point",
        "coordinates": [
          -79.0436952,
          -8.116145
        ]
      },
      "properties": {
        "id": "13546546041",
        "name": "",
        "type": "bus_stop",
        "category": "transport",
        "subcategory": "bus_stop",
        "description": "2(54-65)"
      }
    },
    {
      "type": "Feature",
      "id": "13546545226",
      "geometry": {
        "type": "Point",
        "coordinates": [
          -79.041305,
          -8.1133857
        ]
      },
      "properties": {
        "id": "13546545226",
        "name": "",
        "type": "bus_stop",
        "category": "transport",
        "subcategory": "bus_stop",
        "description": "2(54-65)"
      }
    },
    {
      "type": "Feature",
      "id": "13546545225",
      "geometry": {
        "type": "Point",
        "coordinates": [
          -79.039763,
          -8.1109658
        ]
      },
      "properties": {
        "id": "13546545225",
        "name": "",
        "type": "bus_stop",
        "category": "transport",
        "subcategory": "bus_stop",
        "description": "2(54-65)"
      }
    },
    {
      "type": "Feature",
      "id": "13546546223",
      "geometry": {
        "type": "Point",
        "coordinates": [
          -79.0026743,
          -8.0724742
        ]
      },
      "properties": {
        "id": "13546546223",
        "name": "",
        "type": "bus_stop",
        "category": "transport",
        "subcategory": "bus_stop",
        "description": "4(16-54-62-64)"
      }
    },
    {
      "type": "Feature",
      "id": "13546545483",
      "geometry": {
        "type": "Point",
        "coordinates": [
          -79.002161,
          -8.069303
        ]
      },
      "properties": {
        "id": "13546545483",
        "name": "",
        "type": "bus_stop",
        "category": "transport",
        "subcategory": "bus_stop",
        "description": "3(54-62-64)"
      }
    },
    {
      "type": "Feature",
      "id": "13546545482",
      "geometry": {
        "type": "Point",
        "coordinates": [
          -79.0022366,
          -8.0665313
        ]
      },
      "properties": {
        "id": "13546545482",
        "name": "",
        "type": "bus_stop",
        "category": "transport",
        "subcategory": "bus_stop",
        "description": "3(54-62-64)"
      }
    },
    {
      "type": "Feature",
      "id": "13546545848",
      "geometry": {
        "type": "Point",
        "coordinates": [
          -79.0045859,
          -8.0618386
        ]
      },
      "properties": {
        "id": "13546545848",
        "name": "",
        "type": "bus_stop",
        "category": "transport",
        "subcategory": "bus_stop",
        "description": "3(54-62-64)"
      }
    },
    {
      "type": "Feature",
      "id": "13546546400",
      "geometry": {
        "type": "Point",
        "coordinates": [
          -79.0002307,
          -8.0480134
        ]
      },
      "properties": {
        "id": "13546546400",
        "name": "",
        "type": "bus_stop",
        "category": "transport",
        "subcategory": "bus_stop",
        "description": "3(54-62-64)"
      }
    },
    {
      "type": "Feature",
      "id": "13546546399",
      "geometry": {
        "type": "Point",
        "coordinates": [
          -79.0000337,
          -8.0476441
        ]
      },
      "properties": {
        "id": "13546546399",
        "name": "",
        "type": "bus_stop",
        "category": "transport",
        "subcategory": "bus_stop",
        "description": "3(54-62-64)"
      }
    },
    {
      "type": "Feature",
      "id": "8167819251",
      "geometry": {
        "type": "Point",
        "coordinates": [
          -78.9996319,
          -8.0463677
        ]
      },
      "properties": {
        "id": "8167819251",
        "name": "Sin nombre",
        "type": "bus_stop",
        "category": "transport",
        "subcategory": "bus_stop",
        "description": "3(54-62-64)"
      }
    },
    {
      "type": "Feature",
      "id": "13546545859",
      "geometry": {
        "type": "Point",
        "coordinates": [
          -79.0013417,
          -8.0511351
        ]
      },
      "properties": {
        "id": "13546545859",
        "name": "",
        "type": "bus_stop",
        "category": "transport",
        "subcategory": "bus_stop",
        "description": "3(54-62-64)"
      }
    },
    {
      "type": "Feature",
      "id": "13546545825",
      "geometry": {
        "type": "Point",
        "coordinates": [
          -79.0035942,
          -8.0582878
        ]
      },
      "properties": {
        "id": "13546545825",
        "name": "",
        "type": "bus_stop",
        "category": "transport",
        "subcategory": "bus_stop",
        "description": "3(54-62-64)"
      }
    },
    {
      "type": "Feature",
      "id": "13546545800",
      "geometry": {
        "type": "Point",
        "coordinates": [
          -79.0034378,
          -8.0645327
        ]
      },
      "properties": {
        "id": "13546545800",
        "name": "",
        "type": "bus_stop",
        "category": "transport",
        "subcategory": "bus_stop",
        "description": "3(54-62-64)"
      }
    },
    {
      "type": "Feature",
      "id": "13546545484",
      "geometry": {
        "type": "Point",
        "coordinates": [
          -79.0032977,
          -8.0717218
        ]
      },
      "properties": {
        "id": "13546545484",
        "name": "",
        "type": "bus_stop",
        "category": "transport",
        "subcategory": "bus_stop",
        "description": "3(54-62-64)"
      }
    },
    {
      "type": "Feature",
      "id": "13546545456",
      "geometry": {
        "type": "Point",
        "coordinates": [
          -79.0012593,
          -8.0747842
        ]
      },
      "properties": {
        "id": "13546545456",
        "name": "",
        "type": "bus_stop",
        "category": "transport",
        "subcategory": "bus_stop",
        "description": "3(54-62-64)"
      }
    },
    {
      "type": "Feature",
      "id": "13546545460",
      "geometry": {
        "type": "Point",
        "coordinates": [
          -78.9927219,
          -8.0722846
        ]
      },
      "properties": {
        "id": "13546545460",
        "name": "",
        "type": "bus_stop",
        "category": "transport",
        "subcategory": "bus_stop",
        "description": "3(54-62-64)"
      }
    },
    {
      "type": "Feature",
      "id": "13546546141",
      "geometry": {
        "type": "Point",
        "coordinates": [
          -78.9882328,
          -8.0730883
        ]
      },
      "properties": {
        "id": "13546546141",
        "name": "",
        "type": "bus_stop",
        "category": "transport",
        "subcategory": "bus_stop",
        "description": "3(54-62-64)"
      }
    },
    {
      "type": "Feature",
      "id": "13546546134",
      "geometry": {
        "type": "Point",
        "coordinates": [
          -78.9831567,
          -8.0678699
        ]
      },
      "properties": {
        "id": "13546546134",
        "name": "",
        "type": "bus_stop",
        "category": "transport",
        "subcategory": "bus_stop",
        "description": "3(54-62-64)"
      }
    },
    {
      "type": "Feature",
      "id": "13546545481",
      "geometry": {
        "type": "Point",
        "coordinates": [
          -78.9969846,
          -8.077835
        ]
      },
      "properties": {
        "id": "13546545481",
        "name": "",
        "type": "bus_stop",
        "category": "transport",
        "subcategory": "bus_stop",
        "description": "2(55-56)"
      }
    },
    {
      "type": "Feature",
      "id": "13546545440",
      "geometry": {
        "type": "Point",
        "coordinates": [
          -78.994871,
          -8.0744531
        ]
      },
      "properties": {
        "id": "13546545440",
        "name": "",
        "type": "bus_stop",
        "category": "transport",
        "subcategory": "bus_stop",
        "description": "3(13-55-56)"
      }
    },
    {
      "type": "Feature",
      "id": "13546545444",
      "geometry": {
        "type": "Point",
        "coordinates": [
          -78.9939223,
          -8.0720672
        ]
      },
      "properties": {
        "id": "13546545444",
        "name": "",
        "type": "bus_stop",
        "category": "transport",
        "subcategory": "bus_stop",
        "description": "3(13-55-56)"
      }
    },
    {
      "type": "Feature",
      "id": "13546545439",
      "geometry": {
        "type": "Point",
        "coordinates": [
          -78.990355,
          -8.071512
        ]
      },
      "properties": {
        "id": "13546545439",
        "name": "",
        "type": "bus_stop",
        "category": "transport",
        "subcategory": "bus_stop",
        "description": "3(13-55-56)"
      }
    },
    {
      "type": "Feature",
      "id": "3728336240",
      "geometry": {
        "type": "Point",
        "coordinates": [
          -79.0384371,
          -8.1243765
        ]
      },
      "properties": {
        "id": "3728336240",
        "name": "Óvalo Larco y Avenida Victor Larco Herrera",
        "type": "bus_stop",
        "category": "transport",
        "subcategory": "bus_stop",
        "description": "1(13)"
      }
    },
    {
      "type": "Feature",
      "id": "13546545429",
      "geometry": {
        "type": "Point",
        "coordinates": [
          -78.991788,
          -8.0662863
        ]
      },
      "properties": {
        "id": "13546545429",
        "name": "",
        "type": "bus_stop",
        "category": "transport",
        "subcategory": "bus_stop",
        "description": "2(55-56)"
      }
    },
    {
      "type": "Feature",
      "id": "13546545428",
      "geometry": {
        "type": "Point",
        "coordinates": [
          -78.9928678,
          -8.068958
        ]
      },
      "properties": {
        "id": "13546545428",
        "name": "",
        "type": "bus_stop",
        "category": "transport",
        "subcategory": "bus_stop",
        "description": "2(55-56)"
      }
    },
    {
      "type": "Feature",
      "id": "13546535065",
      "geometry": {
        "type": "Point",
        "coordinates": [
          -79.0372314,
          -8.1048656
        ]
      },
      "properties": {
        "id": "13546535065",
        "name": "",
        "type": "bus_stop",
        "category": "transport",
        "subcategory": "bus_stop",
        "description": "1(56)"
      }
    },
    {
      "type": "Feature",
      "id": "13546546268",
      "geometry": {
        "type": "Point",
        "coordinates": [
          -79.0545901,
          -8.0928578
        ]
      },
      "properties": {
        "id": "13546546268",
        "name": "",
        "type": "bus_stop",
        "category": "transport",
        "subcategory": "bus_stop",
        "description": "1(56)"
      }
    },
    {
      "type": "Feature",
      "id": "13546546237",
      "geometry": {
        "type": "Point",
        "coordinates": [
          -79.0526884,
          -8.0907488
        ]
      },
      "properties": {
        "id": "13546546237",
        "name": "",
        "type": "bus_stop",
        "category": "transport",
        "subcategory": "bus_stop",
        "description": "1(56)"
      }
    },
    {
      "type": "Feature",
      "id": "13546545496",
      "geometry": {
        "type": "Point",
        "coordinates": [
          -79.0526454,
          -8.0855391
        ]
      },
      "properties": {
        "id": "13546545496",
        "name": "",
        "type": "bus_stop",
        "category": "transport",
        "subcategory": "bus_stop",
        "description": "1(56)"
      }
    },
    {
      "type": "Feature",
      "id": "13546546236",
      "geometry": {
        "type": "Point",
        "coordinates": [
          -79.0538717,
          -8.0898841
        ]
      },
      "properties": {
        "id": "13546546236",
        "name": "",
        "type": "bus_stop",
        "category": "transport",
        "subcategory": "bus_stop",
        "description": "1(56)"
      }
    },
    {
      "type": "Feature",
      "id": "13546545525",
      "geometry": {
        "type": "Point",
        "coordinates": [
          -79.0568686,
          -8.0999365
        ]
      },
      "properties": {
        "id": "13546545525",
        "name": "",
        "type": "bus_stop",
        "category": "transport",
        "subcategory": "bus_stop",
        "description": "1(56)"
      }
    },
    {
      "type": "Feature",
      "id": "13546545432",
      "geometry": {
        "type": "Point",
        "coordinates": [
          -78.9927085,
          -8.0690162
        ]
      },
      "properties": {
        "id": "13546545432",
        "name": "",
        "type": "bus_stop",
        "category": "transport",
        "subcategory": "bus_stop",
        "description": "2(55-56)"
      }
    },
    {
      "type": "Feature",
      "id": "13546545412",
      "geometry": {
        "type": "Point",
        "coordinates": [
          -78.9916576,
          -8.066324
        ]
      },
      "properties": {
        "id": "13546545412",
        "name": "",
        "type": "bus_stop",
        "category": "transport",
        "subcategory": "bus_stop",
        "description": "2(55-56)"
      }
    },
    {
      "type": "Feature",
      "id": "13546545413",
      "geometry": {
        "type": "Point",
        "coordinates": [
          -78.9908436,
          -8.0641839
        ]
      },
      "properties": {
        "id": "13546545413",
        "name": "",
        "type": "bus_stop",
        "category": "transport",
        "subcategory": "bus_stop",
        "description": "2(55-56)"
      }
    },
    {
      "type": "Feature",
      "id": "1098629711",
      "geometry": {
        "type": "Point",
        "coordinates": [
          -79.0499476,
          -8.0559679
        ]
      },
      "properties": {
        "id": "1098629711",
        "name": "Calle 11 y Calle los Geranios",
        "type": "bus_stop",
        "category": "transport",
        "subcategory": "bus_stop",
        "description": "1(57)"
      }
    },
    {
      "type": "Feature",
      "id": "13546545395",
      "geometry": {
        "type": "Point",
        "coordinates": [
          -79.0505444,
          -8.1479676
        ]
      },
      "properties": {
        "id": "13546545395",
        "name": "",
        "type": "bus_stop",
        "category": "transport",
        "subcategory": "bus_stop",
        "description": "3(25-57-58)"
      }
    },
    {
      "type": "Feature",
      "id": "7901099865",
      "geometry": {
        "type": "Point",
        "coordinates": [
          -79.0472235,
          -8.148302
        ]
      },
      "properties": {
        "id": "7901099865",
        "name": "Prolongación Avenida Bolivia y Calle Mariscal Nieto",
        "type": "bus_stop",
        "category": "transport",
        "subcategory": "bus_stop",
        "description": "1(57)"
      }
    },
    {
      "type": "Feature",
      "id": "5073954131",
      "geometry": {
        "type": "Point",
        "coordinates": [
          -79.0472755,
          -8.1483641
        ]
      },
      "properties": {
        "id": "5073954131",
        "name": "Calle Mariscal Nieto y Prolongación Avenida Bolivia",
        "type": "bus_stop",
        "category": "transport",
        "subcategory": "bus_stop",
        "description": "1(57)"
      }
    },
    {
      "type": "Feature",
      "id": "13546545384",
      "geometry": {
        "type": "Point",
        "coordinates": [
          -79.0384177,
          -8.1337364
        ]
      },
      "properties": {
        "id": "13546545384",
        "name": "",
        "type": "bus_stop",
        "category": "transport",
        "subcategory": "bus_stop",
        "description": "1(57)"
      }
    },
    {
      "type": "Feature",
      "id": "13546545644",
      "geometry": {
        "type": "Point",
        "coordinates": [
          -79.0417705,
          -8.0643386
        ]
      },
      "properties": {
        "id": "13546545644",
        "name": "",
        "type": "bus_stop",
        "category": "transport",
        "subcategory": "bus_stop",
        "description": "2(25-58)"
      }
    },
    {
      "type": "Feature",
      "id": "13546545646",
      "geometry": {
        "type": "Point",
        "coordinates": [
          -79.039564,
          -8.066567
        ]
      },
      "properties": {
        "id": "13546545646",
        "name": "",
        "type": "bus_stop",
        "category": "transport",
        "subcategory": "bus_stop",
        "description": "2(25-58)"
      }
    },
    {
      "type": "Feature",
      "id": "13546545649",
      "geometry": {
        "type": "Point",
        "coordinates": [
          -79.0374148,
          -8.0678167
        ]
      },
      "properties": {
        "id": "13546545649",
        "name": "",
        "type": "bus_stop",
        "category": "transport",
        "subcategory": "bus_stop",
        "description": "2(25-58)"
      }
    },
    {
      "type": "Feature",
      "id": "13546545650",
      "geometry": {
        "type": "Point",
        "coordinates": [
          -79.0360159,
          -8.0665027
        ]
      },
      "properties": {
        "id": "13546545650",
        "name": "",
        "type": "bus_stop",
        "category": "transport",
        "subcategory": "bus_stop",
        "description": "2(25-58)"
      }
    },
    {
      "type": "Feature",
      "id": "13546545658",
      "geometry": {
        "type": "Point",
        "coordinates": [
          -79.0358248,
          -8.0779075
        ]
      },
      "properties": {
        "id": "13546545658",
        "name": "",
        "type": "bus_stop",
        "category": "transport",
        "subcategory": "bus_stop",
        "description": "2(25-58)"
      }
    },
    {
      "type": "Feature",
      "id": "13546545660",
      "geometry": {
        "type": "Point",
        "coordinates": [
          -79.0324612,
          -8.0816258
        ]
      },
      "properties": {
        "id": "13546545660",
        "name": "",
        "type": "bus_stop",
        "category": "transport",
        "subcategory": "bus_stop",
        "description": "2(25-58)"
      }
    },
    {
      "type": "Feature",
      "id": "13546546192",
      "geometry": {
        "type": "Point",
        "coordinates": [
          -79.0469936,
          -8.1487138
        ]
      },
      "properties": {
        "id": "13546546192",
        "name": "",
        "type": "bus_stop",
        "category": "transport",
        "subcategory": "bus_stop",
        "description": "2(25-58)"
      }
    },
    {
      "type": "Feature",
      "id": "13546545656",
      "geometry": {
        "type": "Point",
        "coordinates": [
          -79.0327812,
          -8.0834781
        ]
      },
      "properties": {
        "id": "13546545656",
        "name": "",
        "type": "bus_stop",
        "category": "transport",
        "subcategory": "bus_stop",
        "description": "1(58)"
      }
    },
    {
      "type": "Feature",
      "id": "13546545394",
      "geometry": {
        "type": "Point",
        "coordinates": [
          -79.0537444,
          -8.1447275
        ]
      },
      "properties": {
        "id": "13546545394",
        "name": "",
        "type": "bus_stop",
        "category": "transport",
        "subcategory": "bus_stop",
        "description": "1(58)"
      }
    },
    {
      "type": "Feature",
      "id": "13546545404",
      "geometry": {
        "type": "Point",
        "coordinates": [
          -79.0536381,
          -8.1447642
        ]
      },
      "properties": {
        "id": "13546545404",
        "name": "",
        "type": "bus_stop",
        "category": "transport",
        "subcategory": "bus_stop",
        "description": "1(58)"
      }
    },
    {
      "type": "Feature",
      "id": "13546546325",
      "geometry": {
        "type": "Point",
        "coordinates": [
          -79.0314262,
          -8.0857501
        ]
      },
      "properties": {
        "id": "13546546325",
        "name": "",
        "type": "bus_stop",
        "category": "transport",
        "subcategory": "bus_stop",
        "description": "1(58)"
      }
    },
    {
      "type": "Feature",
      "id": "13546545493",
      "geometry": {
        "type": "Point",
        "coordinates": [
          -79.0685253,
          -8.0262616
        ]
      },
      "properties": {
        "id": "13546545493",
        "name": "",
        "type": "bus_stop",
        "category": "transport",
        "subcategory": "bus_stop",
        "description": "1(59)"
      }
    },
    {
      "type": "Feature",
      "id": "13546545492",
      "geometry": {
        "type": "Point",
        "coordinates": [
          -79.0675175,
          -8.0292226
        ]
      },
      "properties": {
        "id": "13546545492",
        "name": "",
        "type": "bus_stop",
        "category": "transport",
        "subcategory": "bus_stop",
        "description": "1(59)"
      }
    },
    {
      "type": "Feature",
      "id": "13546545491",
      "geometry": {
        "type": "Point",
        "coordinates": [
          -79.0666986,
          -8.0318797
        ]
      },
      "properties": {
        "id": "13546545491",
        "name": "",
        "type": "bus_stop",
        "category": "transport",
        "subcategory": "bus_stop",
        "description": "1(59)"
      }
    },
    {
      "type": "Feature",
      "id": "13546545527",
      "geometry": {
        "type": "Point",
        "coordinates": [
          -79.0725194,
          -8.0383547
        ]
      },
      "properties": {
        "id": "13546545527",
        "name": "",
        "type": "bus_stop",
        "category": "transport",
        "subcategory": "bus_stop",
        "description": "1(59)"
      }
    },
    {
      "type": "Feature",
      "id": "13546546271",
      "geometry": {
        "type": "Point",
        "coordinates": [
          -79.0755401,
          -8.0419891
        ]
      },
      "properties": {
        "id": "13546546271",
        "name": "",
        "type": "bus_stop",
        "category": "transport",
        "subcategory": "bus_stop",
        "description": "1(59)"
      }
    },
    {
      "type": "Feature",
      "id": "13546545529",
      "geometry": {
        "type": "Point",
        "coordinates": [
          -79.0731429,
          -8.0447344
        ]
      },
      "properties": {
        "id": "13546545529",
        "name": "",
        "type": "bus_stop",
        "category": "transport",
        "subcategory": "bus_stop",
        "description": "1(59)"
      }
    },
    {
      "type": "Feature",
      "id": "13546545528",
      "geometry": {
        "type": "Point",
        "coordinates": [
          -79.0730631,
          -8.0449004
        ]
      },
      "properties": {
        "id": "13546545528",
        "name": "",
        "type": "bus_stop",
        "category": "transport",
        "subcategory": "bus_stop",
        "description": "1(59)"
      }
    },
    {
      "type": "Feature",
      "id": "13546545678",
      "geometry": {
        "type": "Point",
        "coordinates": [
          -79.0709189,
          -8.0473756
        ]
      },
      "properties": {
        "id": "13546545678",
        "name": "",
        "type": "bus_stop",
        "category": "transport",
        "subcategory": "bus_stop",
        "description": "1(59)"
      }
    },
    {
      "type": "Feature",
      "id": "13546545526",
      "geometry": {
        "type": "Point",
        "coordinates": [
          -79.0724132,
          -8.038365
        ]
      },
      "properties": {
        "id": "13546545526",
        "name": "",
        "type": "bus_stop",
        "category": "transport",
        "subcategory": "bus_stop",
        "description": "1(59)"
      }
    },
    {
      "type": "Feature",
      "id": "13546545531",
      "geometry": {
        "type": "Point",
        "coordinates": [
          -79.0671909,
          -8.0343478
        ]
      },
      "properties": {
        "id": "13546545531",
        "name": "",
        "type": "bus_stop",
        "category": "transport",
        "subcategory": "bus_stop",
        "description": "1(59)"
      }
    },
    {
      "type": "Feature",
      "id": "13546546233",
      "geometry": {
        "type": "Point",
        "coordinates": [
          -79.0665408,
          -8.0340843
        ]
      },
      "properties": {
        "id": "13546546233",
        "name": "",
        "type": "bus_stop",
        "category": "transport",
        "subcategory": "bus_stop",
        "description": "1(59)"
      }
    },
    {
      "type": "Feature",
      "id": "13546546278",
      "geometry": {
        "type": "Point",
        "coordinates": [
          -79.0663938,
          -8.0323716
        ]
      },
      "properties": {
        "id": "13546546278",
        "name": "",
        "type": "bus_stop",
        "category": "transport",
        "subcategory": "bus_stop",
        "description": "1(59)"
      }
    },
    {
      "type": "Feature",
      "id": "13546545532",
      "geometry": {
        "type": "Point",
        "coordinates": [
          -79.0673487,
          -8.029467
        ]
      },
      "properties": {
        "id": "13546545532",
        "name": "",
        "type": "bus_stop",
        "category": "transport",
        "subcategory": "bus_stop",
        "description": "1(59)"
      }
    },
    {
      "type": "Feature",
      "id": "13546545541",
      "geometry": {
        "type": "Point",
        "coordinates": [
          -79.0683855,
          -8.0262537
        ]
      },
      "properties": {
        "id": "13546545541",
        "name": "",
        "type": "bus_stop",
        "category": "transport",
        "subcategory": "bus_stop",
        "description": "1(59)"
      }
    },
    {
      "type": "Feature",
      "id": "13546545533",
      "geometry": {
        "type": "Point",
        "coordinates": [
          -79.0661484,
          -8.0144948
        ]
      },
      "properties": {
        "id": "13546545533",
        "name": "",
        "type": "bus_stop",
        "category": "transport",
        "subcategory": "bus_stop",
        "description": "1(59)"
      }
    },
    {
      "type": "Feature",
      "id": "1015292385",
      "geometry": {
        "type": "Point",
        "coordinates": [
          -79.0023925,
          -8.1031136
        ]
      },
      "properties": {
        "id": "1015292385",
        "name": "Avenida Federico Villarreal y Avenida Honorio Delgado",
        "type": "bus_stop",
        "category": "transport",
        "subcategory": "bus_stop",
        "description": "1(28)"
      }
    },
    {
      "type": "Feature",
      "id": "334658243",
      "geometry": {
        "type": "Point",
        "coordinates": [
          -78.9629815,
          -8.0879214
        ]
      },
      "properties": {
        "id": "334658243",
        "name": "Avenida Julian Arce",
        "type": "bus_stop",
        "category": "transport",
        "subcategory": "bus_stop",
        "description": "2(60-61)"
      }
    },
    {
      "type": "Feature",
      "id": "13546545222",
      "geometry": {
        "type": "Point",
        "coordinates": [
          -79.0208585,
          -8.1226011
        ]
      },
      "properties": {
        "id": "13546545222",
        "name": "",
        "type": "bus_stop",
        "category": "transport",
        "subcategory": "bus_stop",
        "description": "3(60-73-77)"
      }
    },
    {
      "type": "Feature",
      "id": "13546545221",
      "geometry": {
        "type": "Point",
        "coordinates": [
          -79.0196757,
          -8.1237183
        ]
      },
      "properties": {
        "id": "13546545221",
        "name": "",
        "type": "bus_stop",
        "category": "transport",
        "subcategory": "bus_stop",
        "description": "3(60-73-77)"
      }
    },
    {
      "type": "Feature",
      "id": "13546545155",
      "geometry": {
        "type": "Point",
        "coordinates": [
          -79.0191382,
          -8.12517
        ]
      },
      "properties": {
        "id": "13546545155",
        "name": "",
        "type": "bus_stop",
        "category": "transport",
        "subcategory": "bus_stop",
        "description": "3(60-73-77)"
      }
    },
    {
      "type": "Feature",
      "id": "5473860085",
      "geometry": {
        "type": "Point",
        "coordinates": [
          -79.0209381,
          -8.1285379
        ]
      },
      "properties": {
        "id": "5473860085",
        "name": "Sin nombre",
        "type": "bus_stop",
        "category": "transport",
        "subcategory": "bus_stop",
        "description": "2(60-73)"
      }
    },
    {
      "type": "Feature",
      "id": "13546545135",
      "geometry": {
        "type": "Point",
        "coordinates": [
          -79.02053,
          -8.1281068
        ]
      },
      "properties": {
        "id": "13546545135",
        "name": "",
        "type": "bus_stop",
        "category": "transport",
        "subcategory": "bus_stop",
        "description": "3(60-73-77)"
      }
    },
    {
      "type": "Feature",
      "id": "316254431",
      "geometry": {
        "type": "Point",
        "coordinates": [
          -79.0229815,
          -8.1230626
        ]
      },
      "properties": {
        "id": "316254431",
        "name": "Avenida América Sur y Plaza Miguel Grau",
        "type": "bus_stop",
        "category": "transport",
        "subcategory": "bus_stop",
        "description": "1(61)"
      }
    },
    {
      "type": "Feature",
      "id": "13546545436",
      "geometry": {
        "type": "Point",
        "coordinates": [
          -78.9913915,
          -8.0741255
        ]
      },
      "properties": {
        "id": "13546545436",
        "name": "",
        "type": "bus_stop",
        "category": "transport",
        "subcategory": "bus_stop",
        "description": "3(56-62-64)"
      }
    },
    {
      "type": "Feature",
      "id": "13546545459",
      "geometry": {
        "type": "Point",
        "coordinates": [
          -78.995652,
          -8.0711028
        ]
      },
      "properties": {
        "id": "13546545459",
        "name": "",
        "type": "bus_stop",
        "category": "transport",
        "subcategory": "bus_stop",
        "description": "2(62-64)"
      }
    },
    {
      "type": "Feature",
      "id": "13546545250",
      "geometry": {
        "type": "Point",
        "coordinates": [
          -79.0327339,
          -8.1027413
        ]
      },
      "properties": {
        "id": "13546545250",
        "name": "",
        "type": "bus_stop",
        "category": "transport",
        "subcategory": "bus_stop",
        "description": "3(4-51-62)"
      }
    },
    {
      "type": "Feature",
      "id": "13546545461",
      "geometry": {
        "type": "Point",
        "coordinates": [
          -78.9905465,
          -8.0742353
        ]
      },
      "properties": {
        "id": "13546545461",
        "name": "",
        "type": "bus_stop",
        "category": "transport",
        "subcategory": "bus_stop",
        "description": "2(62-64)"
      }
    },
    {
      "type": "Feature",
      "id": "13546545438",
      "geometry": {
        "type": "Point",
        "coordinates": [
          -78.9851967,
          -8.0678251
        ]
      },
      "properties": {
        "id": "13546545438",
        "name": "",
        "type": "bus_stop",
        "category": "transport",
        "subcategory": "bus_stop",
        "description": "2(62-64)"
      }
    },
    {
      "type": "Feature",
      "id": "1091407281",
      "geometry": {
        "type": "Point",
        "coordinates": [
          -79.1193472,
          -8.0733842
        ]
      },
      "properties": {
        "id": "1091407281",
        "name": "Avenida Circunvalación y Avenida Victor Larco Herrera",
        "type": "bus_stop",
        "category": "transport",
        "subcategory": "bus_stop",
        "description": "1(63)"
      }
    },
    {
      "type": "Feature",
      "id": "13546535070",
      "geometry": {
        "type": "Point",
        "coordinates": [
          -79.0055578,
          -8.1123406
        ]
      },
      "properties": {
        "id": "13546535070",
        "name": "",
        "type": "bus_stop",
        "category": "transport",
        "subcategory": "bus_stop",
        "description": "2(63-65)"
      }
    },
    {
      "type": "Feature",
      "id": "13546545886",
      "geometry": {
        "type": "Point",
        "coordinates": [
          -79.0031758,
          -8.1119923
        ]
      },
      "properties": {
        "id": "13546545886",
        "name": "",
        "type": "bus_stop",
        "category": "transport",
        "subcategory": "bus_stop",
        "description": "2(63-65)"
      }
    },
    {
      "type": "Feature",
      "id": "13546545169",
      "geometry": {
        "type": "Point",
        "coordinates": [
          -79.0032359,
          -8.1089912
        ]
      },
      "properties": {
        "id": "13546545169",
        "name": "",
        "type": "bus_stop",
        "category": "transport",
        "subcategory": "bus_stop",
        "description": "2(63-65)"
      }
    },
    {
      "type": "Feature",
      "id": "13546545179",
      "geometry": {
        "type": "Point",
        "coordinates": [
          -78.9994893,
          -8.1066696
        ]
      },
      "properties": {
        "id": "13546545179",
        "name": "",
        "type": "bus_stop",
        "category": "transport",
        "subcategory": "bus_stop",
        "description": "3(63-65-66)"
      }
    },
    {
      "type": "Feature",
      "id": "13546545178",
      "geometry": {
        "type": "Point",
        "coordinates": [
          -78.9972496,
          -8.108362
        ]
      },
      "properties": {
        "id": "13546545178",
        "name": "",
        "type": "bus_stop",
        "category": "transport",
        "subcategory": "bus_stop",
        "description": "3(63-65-66)"
      }
    },
    {
      "type": "Feature",
      "id": "13546546182",
      "geometry": {
        "type": "Point",
        "coordinates": [
          -78.9948321,
          -8.1095524
        ]
      },
      "properties": {
        "id": "13546546182",
        "name": "",
        "type": "bus_stop",
        "category": "transport",
        "subcategory": "bus_stop",
        "description": "3(63-65-66)"
      }
    },
    {
      "type": "Feature",
      "id": "13546545382",
      "geometry": {
        "type": "Point",
        "coordinates": [
          -78.9915765,
          -8.1094242
        ]
      },
      "properties": {
        "id": "13546545382",
        "name": "",
        "type": "bus_stop",
        "category": "transport",
        "subcategory": "bus_stop",
        "description": "3(63-65-66)"
      }
    },
    {
      "type": "Feature",
      "id": "13546545383",
      "geometry": {
        "type": "Point",
        "coordinates": [
          -78.9930865,
          -8.1103474
        ]
      },
      "properties": {
        "id": "13546545383",
        "name": "",
        "type": "bus_stop",
        "category": "transport",
        "subcategory": "bus_stop",
        "description": "1(63)"
      }
    },
    {
      "type": "Feature",
      "id": "13546546179",
      "geometry": {
        "type": "Point",
        "coordinates": [
          -78.9958627,
          -8.1110742
        ]
      },
      "properties": {
        "id": "13546546179",
        "name": "",
        "type": "bus_stop",
        "category": "transport",
        "subcategory": "bus_stop",
        "description": "1(63)"
      }
    },
    {
      "type": "Feature",
      "id": "13546545184",
      "geometry": {
        "type": "Point",
        "coordinates": [
          -79.0007224,
          -8.1141886
        ]
      },
      "properties": {
        "id": "13546545184",
        "name": "",
        "type": "bus_stop",
        "category": "transport",
        "subcategory": "bus_stop",
        "description": "3(63-65-66)"
      }
    },
    {
      "type": "Feature",
      "id": "13546545183",
      "geometry": {
        "type": "Point",
        "coordinates": [
          -79.0026197,
          -8.1166789
        ]
      },
      "properties": {
        "id": "13546545183",
        "name": "",
        "type": "bus_stop",
        "category": "transport",
        "subcategory": "bus_stop",
        "description": "3(63-65-66)"
      }
    },
    {
      "type": "Feature",
      "id": "13546546121",
      "geometry": {
        "type": "Point",
        "coordinates": [
          -79.00351,
          -8.1192248
        ]
      },
      "properties": {
        "id": "13546546121",
        "name": "",
        "type": "bus_stop",
        "category": "transport",
        "subcategory": "bus_stop",
        "description": "3(63-65-66)"
      }
    },
    {
      "type": "Feature",
      "id": "13546545199",
      "geometry": {
        "type": "Point",
        "coordinates": [
          -79.007429,
          -8.1208532
        ]
      },
      "properties": {
        "id": "13546545199",
        "name": "",
        "type": "bus_stop",
        "category": "transport",
        "subcategory": "bus_stop",
        "description": "1(63)"
      }
    },
    {
      "type": "Feature",
      "id": "10726927275",
      "geometry": {
        "type": "Point",
        "coordinates": [
          -79.0087154,
          -8.1199714
        ]
      },
      "properties": {
        "id": "10726927275",
        "name": "Avenida José María Eguren",
        "type": "bus_stop",
        "category": "transport",
        "subcategory": "bus_stop",
        "description": "1(63)"
      }
    },
    {
      "type": "Feature",
      "id": "10726925963",
      "geometry": {
        "type": "Point",
        "coordinates": [
          -79.008786,
          -8.1200654
        ]
      },
      "properties": {
        "id": "10726925963",
        "name": "Avenida José María Eguren",
        "type": "bus_stop",
        "category": "transport",
        "subcategory": "bus_stop",
        "description": "1(63)"
      }
    },
    {
      "type": "Feature",
      "id": "13546545998",
      "geometry": {
        "type": "Point",
        "coordinates": [
          -79.0084667,
          -8.1203865
        ]
      },
      "properties": {
        "id": "13546545998",
        "name": "",
        "type": "bus_stop",
        "category": "transport",
        "subcategory": "bus_stop",
        "description": "3(63-65-66)"
      }
    },
    {
      "type": "Feature",
      "id": "13546545200",
      "geometry": {
        "type": "Point",
        "coordinates": [
          -79.0071771,
          -8.1213862
        ]
      },
      "properties": {
        "id": "13546545200",
        "name": "",
        "type": "bus_stop",
        "category": "transport",
        "subcategory": "bus_stop",
        "description": "1(63)"
      }
    },
    {
      "type": "Feature",
      "id": "13546545186",
      "geometry": {
        "type": "Point",
        "coordinates": [
          -79.0026396,
          -8.1169044
        ]
      },
      "properties": {
        "id": "13546545186",
        "name": "",
        "type": "bus_stop",
        "category": "transport",
        "subcategory": "bus_stop",
        "description": "3(63-65-66)"
      }
    },
    {
      "type": "Feature",
      "id": "13546545185",
      "geometry": {
        "type": "Point",
        "coordinates": [
          -79.0007192,
          -8.114326
        ]
      },
      "properties": {
        "id": "13546545185",
        "name": "",
        "type": "bus_stop",
        "category": "transport",
        "subcategory": "bus_stop",
        "description": "3(63-65-66)"
      }
    },
    {
      "type": "Feature",
      "id": "13546545336",
      "geometry": {
        "type": "Point",
        "coordinates": [
          -78.9984161,
          -8.1121228
        ]
      },
      "properties": {
        "id": "13546545336",
        "name": "",
        "type": "bus_stop",
        "category": "transport",
        "subcategory": "bus_stop",
        "description": "1(63)"
      }
    },
    {
      "type": "Feature",
      "id": "13546546132",
      "geometry": {
        "type": "Point",
        "coordinates": [
          -78.9960625,
          -8.1112312
        ]
      },
      "properties": {
        "id": "13546546132",
        "name": "",
        "type": "bus_stop",
        "category": "transport",
        "subcategory": "bus_stop",
        "description": "1(63)"
      }
    },
    {
      "type": "Feature",
      "id": "13546545352",
      "geometry": {
        "type": "Point",
        "coordinates": [
          -78.9915819,
          -8.1092964
        ]
      },
      "properties": {
        "id": "13546545352",
        "name": "",
        "type": "bus_stop",
        "category": "transport",
        "subcategory": "bus_stop",
        "description": "3(63-65-66)"
      }
    },
    {
      "type": "Feature",
      "id": "13546546181",
      "geometry": {
        "type": "Point",
        "coordinates": [
          -78.9948451,
          -8.1093621
        ]
      },
      "properties": {
        "id": "13546546181",
        "name": "",
        "type": "bus_stop",
        "category": "transport",
        "subcategory": "bus_stop",
        "description": "3(63-65-66)"
      }
    },
    {
      "type": "Feature",
      "id": "13546545176",
      "geometry": {
        "type": "Point",
        "coordinates": [
          -78.9971167,
          -8.1081747
        ]
      },
      "properties": {
        "id": "13546545176",
        "name": "",
        "type": "bus_stop",
        "category": "transport",
        "subcategory": "bus_stop",
        "description": "3(63-65-66)"
      }
    },
    {
      "type": "Feature",
      "id": "13546545177",
      "geometry": {
        "type": "Point",
        "coordinates": [
          -78.9994738,
          -8.1064536
        ]
      },
      "properties": {
        "id": "13546545177",
        "name": "",
        "type": "bus_stop",
        "category": "transport",
        "subcategory": "bus_stop",
        "description": "3(63-65-66)"
      }
    },
    {
      "type": "Feature",
      "id": "13546545168",
      "geometry": {
        "type": "Point",
        "coordinates": [
          -79.0034356,
          -8.1089675
        ]
      },
      "properties": {
        "id": "13546545168",
        "name": "",
        "type": "bus_stop",
        "category": "transport",
        "subcategory": "bus_stop",
        "description": "2(63-65)"
      }
    },
    {
      "type": "Feature",
      "id": "13546545885",
      "geometry": {
        "type": "Point",
        "coordinates": [
          -79.0031875,
          -8.1118196
        ]
      },
      "properties": {
        "id": "13546545885",
        "name": "",
        "type": "bus_stop",
        "category": "transport",
        "subcategory": "bus_stop",
        "description": "2(63-65)"
      }
    },
    {
      "type": "Feature",
      "id": "4749844466",
      "geometry": {
        "type": "Point",
        "coordinates": [
          -79.0001258,
          -8.0477004
        ]
      },
      "properties": {
        "id": "4749844466",
        "name": "Sin nombre",
        "type": "bus_stop",
        "category": "transport",
        "subcategory": "bus_stop",
        "description": "1(64)"
      }
    },
    {
      "type": "Feature",
      "id": "13546545211",
      "geometry": {
        "type": "Point",
        "coordinates": [
          -78.9936901,
          -8.0899209
        ]
      },
      "properties": {
        "id": "13546545211",
        "name": "",
        "type": "bus_stop",
        "category": "transport",
        "subcategory": "bus_stop",
        "description": "1(51)"
      }
    },
    {
      "type": "Feature",
      "id": "13546535095",
      "geometry": {
        "type": "Point",
        "coordinates": [
          -79.0005089,
          -8.0925014
        ]
      },
      "properties": {
        "id": "13546535095",
        "name": "",
        "type": "bus_stop",
        "category": "transport",
        "subcategory": "bus_stop",
        "description": "1(51)"
      }
    },
    {
      "type": "Feature",
      "id": "8747929305",
      "geometry": {
        "type": "Point",
        "coordinates": [
          -79.1092759,
          -8.0653288
        ]
      },
      "properties": {
        "id": "8747929305",
        "name": "Sin nombre",
        "type": "bus_stop",
        "category": "transport",
        "subcategory": "bus_stop",
        "description": "1(65)"
      }
    },
    {
      "type": "Feature",
      "id": "13546545519",
      "geometry": {
        "type": "Point",
        "coordinates": [
          -79.116618,
          -8.0796635
        ]
      },
      "properties": {
        "id": "13546545519",
        "name": "",
        "type": "bus_stop",
        "category": "transport",
        "subcategory": "bus_stop",
        "description": "1(65)"
      }
    },
    {
      "type": "Feature",
      "id": "13546545229",
      "geometry": {
        "type": "Point",
        "coordinates": [
          -79.0065948,
          -8.1140424
        ]
      },
      "properties": {
        "id": "13546545229",
        "name": "",
        "type": "bus_stop",
        "category": "transport",
        "subcategory": "bus_stop",
        "description": "1(65)"
      }
    },
    {
      "type": "Feature",
      "id": "13546545381",
      "geometry": {
        "type": "Point",
        "coordinates": [
          -78.9897148,
          -8.1094037
        ]
      },
      "properties": {
        "id": "13546545381",
        "name": "",
        "type": "bus_stop",
        "category": "transport",
        "subcategory": "bus_stop",
        "description": "2(65-66)"
      }
    },
    {
      "type": "Feature",
      "id": "13546546180",
      "geometry": {
        "type": "Point",
        "coordinates": [
          -78.9864444,
          -8.1076209
        ]
      },
      "properties": {
        "id": "13546546180",
        "name": "",
        "type": "bus_stop",
        "category": "transport",
        "subcategory": "bus_stop",
        "description": "2(65-66)"
      }
    },
    {
      "type": "Feature",
      "id": "7949201069",
      "geometry": {
        "type": "Point",
        "coordinates": [
          -78.9861296,
          -8.106978
        ]
      },
      "properties": {
        "id": "7949201069",
        "name": "Sin nombre",
        "type": "bus_stop",
        "category": "transport",
        "subcategory": "bus_stop",
        "description": "2(65-66)"
      }
    },
    {
      "type": "Feature",
      "id": "5491675670",
      "geometry": {
        "type": "Point",
        "coordinates": [
          -79.1156834,
          -8.0868005
        ]
      },
      "properties": {
        "id": "5491675670",
        "name": "Avenida el Triunfo",
        "type": "bus_stop",
        "category": "transport",
        "subcategory": "bus_stop",
        "description": "1(66)"
      }
    },
    {
      "type": "Feature",
      "id": "13546545122",
      "geometry": {
        "type": "Point",
        "coordinates": [
          -79.0140259,
          -8.1081327
        ]
      },
      "properties": {
        "id": "13546545122",
        "name": "",
        "type": "bus_stop",
        "category": "transport",
        "subcategory": "bus_stop",
        "description": "1(66)"
      }
    },
    {
      "type": "Feature",
      "id": "13546545223",
      "geometry": {
        "type": "Point",
        "coordinates": [
          -79.0088975,
          -8.1052821
        ]
      },
      "properties": {
        "id": "13546545223",
        "name": "",
        "type": "bus_stop",
        "category": "transport",
        "subcategory": "bus_stop",
        "description": "1(66)"
      }
    },
    {
      "type": "Feature",
      "id": "13546535088",
      "geometry": {
        "type": "Point",
        "coordinates": [
          -79.0072678,
          -8.1046472
        ]
      },
      "properties": {
        "id": "13546535088",
        "name": "",
        "type": "bus_stop",
        "category": "transport",
        "subcategory": "bus_stop",
        "description": "1(66)"
      }
    },
    {
      "type": "Feature",
      "id": "7949201153",
      "geometry": {
        "type": "Point",
        "coordinates": [
          -78.9860196,
          -8.1069992
        ]
      },
      "properties": {
        "id": "7949201153",
        "name": "Sin nombre",
        "type": "bus_stop",
        "category": "transport",
        "subcategory": "bus_stop",
        "description": "1(66)"
      }
    },
    {
      "type": "Feature",
      "id": "13546545353",
      "geometry": {
        "type": "Point",
        "coordinates": [
          -78.9896986,
          -8.1092908
        ]
      },
      "properties": {
        "id": "13546545353",
        "name": "",
        "type": "bus_stop",
        "category": "transport",
        "subcategory": "bus_stop",
        "description": "2(65-66)"
      }
    },
    {
      "type": "Feature",
      "id": "13546545230",
      "geometry": {
        "type": "Point",
        "coordinates": [
          -79.0066531,
          -8.11412
        ]
      },
      "properties": {
        "id": "13546545230",
        "name": "",
        "type": "bus_stop",
        "category": "transport",
        "subcategory": "bus_stop",
        "description": "1(65)"
      }
    },
    {
      "type": "Feature",
      "id": "13546545520",
      "geometry": {
        "type": "Point",
        "coordinates": [
          -79.1154194,
          -8.0759939
        ]
      },
      "properties": {
        "id": "13546545520",
        "name": "",
        "type": "bus_stop",
        "category": "transport",
        "subcategory": "bus_stop",
        "description": "2(3-65)"
      }
    },
    {
      "type": "Feature",
      "id": "13546545521",
      "geometry": {
        "type": "Point",
        "coordinates": [
          -79.1143749,
          -8.0735226
        ]
      },
      "properties": {
        "id": "13546545521",
        "name": "",
        "type": "bus_stop",
        "category": "transport",
        "subcategory": "bus_stop",
        "description": "2(3-65)"
      }
    },
    {
      "type": "Feature",
      "id": "13546546266",
      "geometry": {
        "type": "Point",
        "coordinates": [
          -79.1130563,
          -8.0707524
        ]
      },
      "properties": {
        "id": "13546546266",
        "name": "",
        "type": "bus_stop",
        "category": "transport",
        "subcategory": "bus_stop",
        "description": "2(3-65)"
      }
    },
    {
      "type": "Feature",
      "id": "13546545523",
      "geometry": {
        "type": "Point",
        "coordinates": [
          -79.1116806,
          -8.0678713
        ]
      },
      "properties": {
        "id": "13546545523",
        "name": "",
        "type": "bus_stop",
        "category": "transport",
        "subcategory": "bus_stop",
        "description": "2(3-65)"
      }
    },
    {
      "type": "Feature",
      "id": "13546545201",
      "geometry": {
        "type": "Point",
        "coordinates": [
          -79.0038329,
          -8.1029517
        ]
      },
      "properties": {
        "id": "13546545201",
        "name": "",
        "type": "bus_stop",
        "category": "transport",
        "subcategory": "bus_stop",
        "description": "1(66)"
      }
    },
    {
      "type": "Feature",
      "id": "13546545224",
      "geometry": {
        "type": "Point",
        "coordinates": [
          -79.0096482,
          -8.1048616
        ]
      },
      "properties": {
        "id": "13546545224",
        "name": "",
        "type": "bus_stop",
        "category": "transport",
        "subcategory": "bus_stop",
        "description": "1(66)"
      }
    },
    {
      "type": "Feature",
      "id": "1098617886",
      "geometry": {
        "type": "Point",
        "coordinates": [
          -79.0077263,
          -8.1871061
        ]
      },
      "properties": {
        "id": "1098617886",
        "name": "Avenida Independencia",
        "type": "bus_stop",
        "category": "transport",
        "subcategory": "bus_stop",
        "description": "1(67)"
      }
    },
    {
      "type": "Feature",
      "id": "13546545994",
      "geometry": {
        "type": "Point",
        "coordinates": [
          -79.0145845,
          -8.1154031
        ]
      },
      "properties": {
        "id": "13546545994",
        "name": "",
        "type": "bus_stop",
        "category": "transport",
        "subcategory": "bus_stop",
        "description": "2(65-66)"
      }
    },
    {
      "type": "Feature",
      "id": "13546545196",
      "geometry": {
        "type": "Point",
        "coordinates": [
          -79.0128347,
          -8.1164055
        ]
      },
      "properties": {
        "id": "13546545196",
        "name": "",
        "type": "bus_stop",
        "category": "transport",
        "subcategory": "bus_stop",
        "description": "2(65-66)"
      }
    },
    {
      "type": "Feature",
      "id": "13546545996",
      "geometry": {
        "type": "Point",
        "coordinates": [
          -79.0116502,
          -8.1176117
        ]
      },
      "properties": {
        "id": "13546545996",
        "name": "",
        "type": "bus_stop",
        "category": "transport",
        "subcategory": "bus_stop",
        "description": "2(65-66)"
      }
    },
    {
      "type": "Feature",
      "id": "13546545198",
      "geometry": {
        "type": "Point",
        "coordinates": [
          -79.0102078,
          -8.1189244
        ]
      },
      "properties": {
        "id": "13546545198",
        "name": "",
        "type": "bus_stop",
        "category": "transport",
        "subcategory": "bus_stop",
        "description": "2(65-66)"
      }
    },
    {
      "type": "Feature",
      "id": "13546545985",
      "geometry": {
        "type": "Point",
        "coordinates": [
          -78.9974888,
          -8.1101861
        ]
      },
      "properties": {
        "id": "13546545985",
        "name": "",
        "type": "bus_stop",
        "category": "transport",
        "subcategory": "bus_stop",
        "description": "2(65-66)"
      }
    },
    {
      "type": "Feature",
      "id": "13546546008",
      "geometry": {
        "type": "Point",
        "coordinates": [
          -79.008639,
          -8.1207778
        ]
      },
      "properties": {
        "id": "13546546008",
        "name": "",
        "type": "bus_stop",
        "category": "transport",
        "subcategory": "bus_stop",
        "description": "1(66)"
      }
    },
    {
      "type": "Feature",
      "id": "13546535089",
      "geometry": {
        "type": "Point",
        "coordinates": [
          -79.0131009,
          -8.1188209
        ]
      },
      "properties": {
        "id": "13546535089",
        "name": "",
        "type": "bus_stop",
        "category": "transport",
        "subcategory": "bus_stop",
        "description": "1(66)"
      }
    },
    {
      "type": "Feature",
      "id": "13546535093",
      "geometry": {
        "type": "Point",
        "coordinates": [
          -79.0150699,
          -8.1176022
        ]
      },
      "properties": {
        "id": "13546535093",
        "name": "",
        "type": "bus_stop",
        "category": "transport",
        "subcategory": "bus_stop",
        "description": "1(66)"
      }
    },
    {
      "type": "Feature",
      "id": "5483457816",
      "geometry": {
        "type": "Point",
        "coordinates": [
          -79.0320182,
          -8.0622518
        ]
      },
      "properties": {
        "id": "5483457816",
        "name": "Sin nombre",
        "type": "bus_stop",
        "category": "transport",
        "subcategory": "bus_stop",
        "description": "2(68-70)"
      }
    },
    {
      "type": "Feature",
      "id": "13546546402",
      "geometry": {
        "type": "Point",
        "coordinates": [
          -79.0322312,
          -8.0626287
        ]
      },
      "properties": {
        "id": "13546546402",
        "name": "",
        "type": "bus_stop",
        "category": "transport",
        "subcategory": "bus_stop",
        "description": "2(68-70)"
      }
    },
    {
      "type": "Feature",
      "id": "13546545841",
      "geometry": {
        "type": "Point",
        "coordinates": [
          -79.0325612,
          -8.0702629
        ]
      },
      "properties": {
        "id": "13546545841",
        "name": "",
        "type": "bus_stop",
        "category": "transport",
        "subcategory": "bus_stop",
        "description": "1(68)"
      }
    },
    {
      "type": "Feature",
      "id": "13546545556",
      "geometry": {
        "type": "Point",
        "coordinates": [
          -79.0296014,
          -8.0780774
        ]
      },
      "properties": {
        "id": "13546545556",
        "name": "",
        "type": "bus_stop",
        "category": "transport",
        "subcategory": "bus_stop",
        "description": "1(68)"
      }
    },
    {
      "type": "Feature",
      "id": "13546546126",
      "geometry": {
        "type": "Point",
        "coordinates": [
          -78.9810193,
          -8.186894
        ]
      },
      "properties": {
        "id": "13546546126",
        "name": "",
        "type": "bus_stop",
        "category": "transport",
        "subcategory": "bus_stop",
        "description": "2(39-68)"
      }
    },
    {
      "type": "Feature",
      "id": "13546545296",
      "geometry": {
        "type": "Point",
        "coordinates": [
          -78.9831312,
          -8.1853963
        ]
      },
      "properties": {
        "id": "13546545296",
        "name": "",
        "type": "bus_stop",
        "category": "transport",
        "subcategory": "bus_stop",
        "description": "2(39-68)"
      }
    },
    {
      "type": "Feature",
      "id": "13546546086",
      "geometry": {
        "type": "Point",
        "coordinates": [
          -78.9921911,
          -8.1785533
        ]
      },
      "properties": {
        "id": "13546546086",
        "name": "",
        "type": "bus_stop",
        "category": "transport",
        "subcategory": "bus_stop",
        "description": "3(39-68-72)"
      }
    },
    {
      "type": "Feature",
      "id": "13387696948",
      "geometry": {
        "type": "Point",
        "coordinates": [
          -78.9922665,
          -8.1785825
        ]
      },
      "properties": {
        "id": "13387696948",
        "name": "Panamericana Norte",
        "type": "bus_stop",
        "category": "transport",
        "subcategory": "bus_stop",
        "description": "4(39-68-70-72)"
      }
    },
    {
      "type": "Feature",
      "id": "8107113542",
      "geometry": {
        "type": "Point",
        "coordinates": [
          -78.6849886,
          -7.9962703
        ]
      },
      "properties": {
        "id": "8107113542",
        "name": "Sin nombre",
        "type": "bus_stop",
        "category": "transport",
        "subcategory": "bus_stop",
        "description": "1(69)"
      }
    },
    {
      "type": "Feature",
      "id": "13546545864",
      "geometry": {
        "type": "Point",
        "coordinates": [
          -79.0196549,
          -8.1085254
        ]
      },
      "properties": {
        "id": "13546545864",
        "name": "",
        "type": "bus_stop",
        "category": "transport",
        "subcategory": "bus_stop",
        "description": "3(69-71-74)"
      }
    },
    {
      "type": "Feature",
      "id": "5483037373",
      "geometry": {
        "type": "Point",
        "coordinates": [
          -79.0227511,
          -8.0889143
        ]
      },
      "properties": {
        "id": "5483037373",
        "name": "Calle 21 de Octubre y Avenida los Laureles",
        "type": "bus_stop",
        "category": "transport",
        "subcategory": "bus_stop",
        "description": "1(69)"
      }
    },
    {
      "type": "Feature",
      "id": "13546545555",
      "geometry": {
        "type": "Point",
        "coordinates": [
          -79.0300411,
          -8.0756145
        ]
      },
      "properties": {
        "id": "13546545555",
        "name": "",
        "type": "bus_stop",
        "category": "transport",
        "subcategory": "bus_stop",
        "description": "1(68)"
      }
    },
    {
      "type": "Feature",
      "id": "13546545554",
      "geometry": {
        "type": "Point",
        "coordinates": [
          -79.0294648,
          -8.0728057
        ]
      },
      "properties": {
        "id": "13546545554",
        "name": "",
        "type": "bus_stop",
        "category": "transport",
        "subcategory": "bus_stop",
        "description": "1(68)"
      }
    },
    {
      "type": "Feature",
      "id": "13546545842",
      "geometry": {
        "type": "Point",
        "coordinates": [
          -79.029646,
          -8.0701273
        ]
      },
      "properties": {
        "id": "13546545842",
        "name": "",
        "type": "bus_stop",
        "category": "transport",
        "subcategory": "bus_stop",
        "description": "1(68)"
      }
    },
    {
      "type": "Feature",
      "id": "13546545840",
      "geometry": {
        "type": "Point",
        "coordinates": [
          -79.0328693,
          -8.0669381
        ]
      },
      "properties": {
        "id": "13546545840",
        "name": "",
        "type": "bus_stop",
        "category": "transport",
        "subcategory": "bus_stop",
        "description": "2(39-68)"
      }
    },
    {
      "type": "Feature",
      "id": "13546545833",
      "geometry": {
        "type": "Point",
        "coordinates": [
          -79.0302415,
          -8.0661247
        ]
      },
      "properties": {
        "id": "13546545833",
        "name": "",
        "type": "bus_stop",
        "category": "transport",
        "subcategory": "bus_stop",
        "description": "1(70)"
      }
    },
    {
      "type": "Feature",
      "id": "8107344142",
      "geometry": {
        "type": "Point",
        "coordinates": [
          -78.6895343,
          -7.9959422
        ]
      },
      "properties": {
        "id": "8107344142",
        "name": "Sin nombre",
        "type": "bus_stop",
        "category": "transport",
        "subcategory": "bus_stop",
        "description": "1(69)"
      }
    },
    {
      "type": "Feature",
      "id": "13546545568",
      "geometry": {
        "type": "Point",
        "coordinates": [
          -79.0253288,
          -8.0836505
        ]
      },
      "properties": {
        "id": "13546545568",
        "name": "",
        "type": "bus_stop",
        "category": "transport",
        "subcategory": "bus_stop",
        "description": "2(39-70)"
      }
    },
    {
      "type": "Feature",
      "id": "2969134505",
      "geometry": {
        "type": "Point",
        "coordinates": [
          -78.7270334,
          -7.9288546
        ]
      },
      "properties": {
        "id": "2969134505",
        "name": "Sin nombre",
        "type": "bus_stop",
        "category": "transport",
        "subcategory": "bus_stop",
        "description": "1(71)"
      }
    },
    {
      "type": "Feature",
      "id": "1098586441",
      "geometry": {
        "type": "Point",
        "coordinates": [
          -79.0182168,
          -8.1013517
        ]
      },
      "properties": {
        "id": "1098586441",
        "name": "Avenida Prolongación Santa y Calle Tambo",
        "type": "bus_stop",
        "category": "transport",
        "subcategory": "bus_stop",
        "description": "1(71)"
      }
    },
    {
      "type": "Feature",
      "id": "2604535915",
      "geometry": {
        "type": "Point",
        "coordinates": [
          -78.9606319,
          -8.0852976
        ]
      },
      "properties": {
        "id": "2604535915",
        "name": "Avenida Luis Condemarín y Avenida Carlos Larco Cox",
        "type": "bus_stop",
        "category": "transport",
        "subcategory": "bus_stop",
        "description": "1(73)"
      }
    },
    {
      "type": "Feature",
      "id": "5473860091",
      "geometry": {
        "type": "Point",
        "coordinates": [
          -79.0206266,
          -8.1295393
        ]
      },
      "properties": {
        "id": "5473860091",
        "name": "Calle Miguel Iglesias",
        "type": "bus_stop",
        "category": "transport",
        "subcategory": "bus_stop",
        "description": "1(73)"
      }
    },
    {
      "type": "Feature",
      "id": "5483054133",
      "geometry": {
        "type": "Point",
        "coordinates": [
          -79.0181548,
          -8.1011206
        ]
      },
      "properties": {
        "id": "5483054133",
        "name": "Avenida Prolongación Santa",
        "type": "bus_stop",
        "category": "transport",
        "subcategory": "bus_stop",
        "description": "2(71-74)"
      }
    },
    {
      "type": "Feature",
      "id": "2968600883",
      "geometry": {
        "type": "Point",
        "coordinates": [
          -78.7524105,
          -7.852793
        ]
      },
      "properties": {
        "id": "2968600883",
        "name": "Sin nombre",
        "type": "bus_stop",
        "category": "transport",
        "subcategory": "bus_stop",
        "description": "1(74)"
      }
    },
    {
      "type": "Feature",
      "id": "1098619287",
      "geometry": {
        "type": "Point",
        "coordinates": [
          -79.0162881,
          -8.0976544
        ]
      },
      "properties": {
        "id": "1098619287",
        "name": "Avenida América Norte y Avenida Prolongación Santa",
        "type": "bus_stop",
        "category": "transport",
        "subcategory": "bus_stop",
        "description": "1(74)"
      }
    },
    {
      "type": "Feature",
      "id": "2968601604",
      "geometry": {
        "type": "Point",
        "coordinates": [
          -78.7672091,
          -7.8727556
        ]
      },
      "properties": {
        "id": "2968601604",
        "name": "Sin nombre",
        "type": "bus_stop",
        "category": "transport",
        "subcategory": "bus_stop",
        "description": "1(74)"
      }
    },
    {
      "type": "Feature",
      "id": "2929478112",
      "geometry": {
        "type": "Point",
        "coordinates": [
          -79.0531214,
          -8.1342863
        ]
      },
      "properties": {
        "id": "2929478112",
        "name": "Calle los Girasoles",
        "type": "bus_stop",
        "category": "transport",
        "subcategory": "bus_stop",
        "description": "1(75)"
      }
    },
    {
      "type": "Feature",
      "id": "334658242",
      "geometry": {
        "type": "Point",
        "coordinates": [
          -78.9625956,
          -8.0874654
        ]
      },
      "properties": {
        "id": "334658242",
        "name": "Avenida Julian Arce",
        "type": "bus_stop",
        "category": "transport",
        "subcategory": "bus_stop",
        "description": "2(75-77)"
      }
    },
    {
      "type": "Feature",
      "id": "13384388008",
      "geometry": {
        "type": "Point",
        "coordinates": [
          -78.7960294,
          -8.0210333
        ]
      },
      "properties": {
        "id": "13384388008",
        "name": "Independencia",
        "type": "bus_stop",
        "category": "transport",
        "subcategory": "bus_stop",
        "description": "2(76-82)"
      }
    },
    {
      "type": "Feature",
      "id": "1088227363",
      "geometry": {
        "type": "Point",
        "coordinates": [
          -79.0110643,
          -8.1027749
        ]
      },
      "properties": {
        "id": "1088227363",
        "name": "Avenida América Sur y Avenida César Vallejo",
        "type": "bus_stop",
        "category": "transport",
        "subcategory": "bus_stop",
        "description": "4(76-79-82-83)"
      }
    },
    {
      "type": "Feature",
      "id": "316265238",
      "geometry": {
        "type": "Point",
        "coordinates": [
          -79.0336459,
          -8.1317665
        ]
      },
      "properties": {
        "id": "316265238",
        "name": "Avenida Prolongación César Vallejo y Avenida Fátima",
        "type": "bus_stop",
        "category": "transport",
        "subcategory": "bus_stop",
        "description": "1(77)"
      }
    },
    {
      "type": "Feature",
      "id": "13546545123",
      "geometry": {
        "type": "Point",
        "coordinates": [
          -79.0210365,
          -8.1297567
        ]
      },
      "properties": {
        "id": "13546545123",
        "name": "",
        "type": "bus_stop",
        "category": "transport",
        "subcategory": "bus_stop",
        "description": "1(77)"
      }
    },
    {
      "type": "Feature",
      "id": "13546545370",
      "geometry": {
        "type": "Point",
        "coordinates": [
          -78.9599808,
          -8.084419
        ]
      },
      "properties": {
        "id": "13546545370",
        "name": "",
        "type": "bus_stop",
        "category": "transport",
        "subcategory": "bus_stop",
        "description": "1(77)"
      }
    },
    {
      "type": "Feature",
      "id": "13546546169",
      "geometry": {
        "type": "Point",
        "coordinates": [
          -78.9632986,
          -8.0850274
        ]
      },
      "properties": {
        "id": "13546546169",
        "name": "",
        "type": "bus_stop",
        "category": "transport",
        "subcategory": "bus_stop",
        "description": "1(77)"
      }
    },
    {
      "type": "Feature",
      "id": "1189541544",
      "geometry": {
        "type": "Point",
        "coordinates": [
          -79.0335786,
          -8.1316825
        ]
      },
      "properties": {
        "id": "1189541544",
        "name": "Avenida Prolongación César Vallejo y Avenida Fátima",
        "type": "bus_stop",
        "category": "transport",
        "subcategory": "bus_stop",
        "description": "1(77)"
      }
    },
    {
      "type": "Feature",
      "id": "633650896",
      "geometry": {
        "type": "Point",
        "coordinates": [
          -79.0433957,
          -8.0855477
        ]
      },
      "properties": {
        "id": "633650896",
        "name": "Avenida José Gabriel Condorcanqui y Avenida Federico Villareal",
        "type": "bus_stop",
        "category": "transport",
        "subcategory": "bus_stop",
        "description": "1(78)"
      }
    },
    {
      "type": "Feature",
      "id": "13546545786",
      "geometry": {
        "type": "Point",
        "coordinates": [
          -79.06875,
          -8.0475101
        ]
      },
      "properties": {
        "id": "13546545786",
        "name": "",
        "type": "bus_stop",
        "category": "transport",
        "subcategory": "bus_stop",
        "description": "2(78-81)"
      }
    },
    {
      "type": "Feature",
      "id": "13546545760",
      "geometry": {
        "type": "Point",
        "coordinates": [
          -79.0751262,
          -8.0529748
        ]
      },
      "properties": {
        "id": "13546545760",
        "name": "",
        "type": "bus_stop",
        "category": "transport",
        "subcategory": "bus_stop",
        "description": "2(78-81)"
      }
    },
    {
      "type": "Feature",
      "id": "13546545752",
      "geometry": {
        "type": "Point",
        "coordinates": [
          -79.076956,
          -8.0545428
        ]
      },
      "properties": {
        "id": "13546545752",
        "name": "",
        "type": "bus_stop",
        "category": "transport",
        "subcategory": "bus_stop",
        "description": "2(78-81)"
      }
    },
    {
      "type": "Feature",
      "id": "13546546317",
      "geometry": {
        "type": "Point",
        "coordinates": [
          -79.0532398,
          -8.0732827
        ]
      },
      "properties": {
        "id": "13546546317",
        "name": "",
        "type": "bus_stop",
        "category": "transport",
        "subcategory": "bus_stop",
        "description": "1(78)"
      }
    },
    {
      "type": "Feature",
      "id": "1098622515",
      "geometry": {
        "type": "Point",
        "coordinates": [
          -79.0439431,
          -8.0843346
        ]
      },
      "properties": {
        "id": "1098622515",
        "name": "Calle Carlos Maria de Alvear y Avenida José Gabriel Condorcanqui",
        "type": "bus_stop",
        "category": "transport",
        "subcategory": "bus_stop",
        "description": "1(78)"
      }
    },
    {
      "type": "Feature",
      "id": "1946752150",
      "geometry": {
        "type": "Point",
        "coordinates": [
          -78.6916727,
          -8.0040358
        ]
      },
      "properties": {
        "id": "1946752150",
        "name": "Carretera Trujillo - Huamachuco",
        "type": "bus_stop",
        "category": "transport",
        "subcategory": "bus_stop",
        "description": "2(79-83)"
      }
    },
    {
      "type": "Feature",
      "id": "13546545832",
      "geometry": {
        "type": "Point",
        "coordinates": [
          -79.0129822,
          -8.0676262
        ]
      },
      "properties": {
        "id": "13546545832",
        "name": "",
        "type": "bus_stop",
        "category": "transport",
        "subcategory": "bus_stop",
        "description": "1(80)"
      }
    },
    {
      "type": "Feature",
      "id": "13546545475",
      "geometry": {
        "type": "Point",
        "coordinates": [
          -79.0120301,
          -8.0698357
        ]
      },
      "properties": {
        "id": "13546545475",
        "name": "",
        "type": "bus_stop",
        "category": "transport",
        "subcategory": "bus_stop",
        "description": "1(80)"
      }
    },
    {
      "type": "Feature",
      "id": "13546546225",
      "geometry": {
        "type": "Point",
        "coordinates": [
          -79.0078545,
          -8.076108
        ]
      },
      "properties": {
        "id": "13546546225",
        "name": "",
        "type": "bus_stop",
        "category": "transport",
        "subcategory": "bus_stop",
        "description": "2(16-80)"
      }
    },
    {
      "type": "Feature",
      "id": "13546545465",
      "geometry": {
        "type": "Point",
        "coordinates": [
          -79.0042818,
          -8.0677962
        ]
      },
      "properties": {
        "id": "13546545465",
        "name": "",
        "type": "bus_stop",
        "category": "transport",
        "subcategory": "bus_stop",
        "description": "2(16-80)"
      }
    },
    {
      "type": "Feature",
      "id": "13546545156",
      "geometry": {
        "type": "Point",
        "coordinates": [
          -79.0512339,
          -8.1023419
        ]
      },
      "properties": {
        "id": "13546545156",
        "name": "",
        "type": "bus_stop",
        "category": "transport",
        "subcategory": "bus_stop",
        "description": "2(3-80)"
      }
    },
    {
      "type": "Feature",
      "id": "13546545485",
      "geometry": {
        "type": "Point",
        "coordinates": [
          -79.0057648,
          -8.0718047
        ]
      },
      "properties": {
        "id": "13546545485",
        "name": "",
        "type": "bus_stop",
        "category": "transport",
        "subcategory": "bus_stop",
        "description": "1(80)"
      }
    },
    {
      "type": "Feature",
      "id": "13546545857",
      "geometry": {
        "type": "Point",
        "coordinates": [
          -79.0160711,
          -8.0633795
        ]
      },
      "properties": {
        "id": "13546545857",
        "name": "",
        "type": "bus_stop",
        "category": "transport",
        "subcategory": "bus_stop",
        "description": "1(80)"
      }
    },
    {
      "type": "Feature",
      "id": "8098054532",
      "geometry": {
        "type": "Point",
        "coordinates": [
          -78.9898539,
          -8.061163
        ]
      },
      "properties": {
        "id": "8098054532",
        "name": "Sin nombre",
        "type": "bus_stop",
        "category": "transport",
        "subcategory": "bus_stop",
        "description": "1(55)"
      }
    },
    {
      "type": "Feature",
      "id": "13546545467",
      "geometry": {
        "type": "Point",
        "coordinates": [
          -78.99953,
          -8.0732362
        ]
      },
      "properties": {
        "id": "13546545467",
        "name": "",
        "type": "bus_stop",
        "category": "transport",
        "subcategory": "bus_stop",
        "description": "1(16)"
      }
    },
    {
      "type": "Feature",
      "id": "13546545827",
      "geometry": {
        "type": "Point",
        "coordinates": [
          -79.0075014,
          -8.0630284
        ]
      },
      "properties": {
        "id": "13546545827",
        "name": "",
        "type": "bus_stop",
        "category": "transport",
        "subcategory": "bus_stop",
        "description": "1(16)"
      }
    },
    {
      "type": "Feature",
      "id": "13546545806",
      "geometry": {
        "type": "Point",
        "coordinates": [
          -79.008324,
          -8.0607668
        ]
      },
      "properties": {
        "id": "13546545806",
        "name": "",
        "type": "bus_stop",
        "category": "transport",
        "subcategory": "bus_stop",
        "description": "1(16)"
      }
    },
    {
      "type": "Feature",
      "id": "1098591739",
      "geometry": {
        "type": "Point",
        "coordinates": [
          -79.0779822,
          -8.0540582
        ]
      },
      "properties": {
        "id": "1098591739",
        "name": "Jirón los Robles",
        "type": "bus_stop",
        "category": "transport",
        "subcategory": "bus_stop",
        "description": "2(78-81)"
      }
    },
    {
      "type": "Feature",
      "id": "13546545766",
      "geometry": {
        "type": "Point",
        "coordinates": [
          -79.0766862,
          -8.054413
        ]
      },
      "properties": {
        "id": "13546545766",
        "name": "",
        "type": "bus_stop",
        "category": "transport",
        "subcategory": "bus_stop",
        "description": "2(78-81)"
      }
    },
    {
      "type": "Feature",
      "id": "13546545765",
      "geometry": {
        "type": "Point",
        "coordinates": [
          -79.0745627,
          -8.0526191
        ]
      },
      "properties": {
        "id": "13546545765",
        "name": "",
        "type": "bus_stop",
        "category": "transport",
        "subcategory": "bus_stop",
        "description": "2(78-81)"
      }
    },
    {
      "type": "Feature",
      "id": "13546545762",
      "geometry": {
        "type": "Point",
        "coordinates": [
          -79.0684325,
          -8.0474125
        ]
      },
      "properties": {
        "id": "13546545762",
        "name": "",
        "type": "bus_stop",
        "category": "transport",
        "subcategory": "bus_stop",
        "description": "2(78-81)"
      }
    },
    {
      "type": "Feature",
      "id": "13546546033",
      "geometry": {
        "type": "Point",
        "coordinates": [
          -79.0028381,
          -8.0972995
        ]
      },
      "properties": {
        "id": "13546546033",
        "name": "",
        "type": "bus_stop",
        "category": "transport",
        "subcategory": "bus_stop",
        "description": "1(81)"
      }
    },
    {
      "type": "Feature",
      "id": "13546545220",
      "geometry": {
        "type": "Point",
        "coordinates": [
          -79.0002511,
          -8.094263
        ]
      },
      "properties": {
        "id": "13546545220",
        "name": "",
        "type": "bus_stop",
        "category": "transport",
        "subcategory": "bus_stop",
        "description": "1(81)"
      }
    },
    {
      "type": "Feature",
      "id": "1098649152",
      "geometry": {
        "type": "Point",
        "coordinates": [
          -78.9950362,
          -8.0895175
        ]
      },
      "properties": {
        "id": "1098649152",
        "name": "Avenida Libertad y Calle Chanchani",
        "type": "bus_stop",
        "category": "transport",
        "subcategory": "bus_stop",
        "description": "1(81)"
      }
    },
    {
      "type": "Feature",
      "id": "13546545778",
      "geometry": {
        "type": "Point",
        "coordinates": [
          -79.0768512,
          -8.0554951
        ]
      },
      "properties": {
        "id": "13546545778",
        "name": "",
        "type": "bus_stop",
        "category": "transport",
        "subcategory": "bus_stop",
        "description": "1(81)"
      }
    },
    {
      "type": "Feature",
      "id": "13546545777",
      "geometry": {
        "type": "Point",
        "coordinates": [
          -79.0749319,
          -8.0576618
        ]
      },
      "properties": {
        "id": "13546545777",
        "name": "",
        "type": "bus_stop",
        "category": "transport",
        "subcategory": "bus_stop",
        "description": "1(81)"
      }
    },
    {
      "type": "Feature",
      "id": "13546545758",
      "geometry": {
        "type": "Point",
        "coordinates": [
          -79.0715411,
          -8.0558576
        ]
      },
      "properties": {
        "id": "13546545758",
        "name": "",
        "type": "bus_stop",
        "category": "transport",
        "subcategory": "bus_stop",
        "description": "1(81)"
      }
    },
    {
      "type": "Feature",
      "id": "13546545757",
      "geometry": {
        "type": "Point",
        "coordinates": [
          -79.0703957,
          -8.0536933
        ]
      },
      "properties": {
        "id": "13546545757",
        "name": "",
        "type": "bus_stop",
        "category": "transport",
        "subcategory": "bus_stop",
        "description": "1(81)"
      }
    },
    {
      "type": "Feature",
      "id": "13546545680",
      "geometry": {
        "type": "Point",
        "coordinates": [
          -79.0598612,
          -8.0572411
        ]
      },
      "properties": {
        "id": "13546545680",
        "name": "",
        "type": "bus_stop",
        "category": "transport",
        "subcategory": "bus_stop",
        "description": "1(81)"
      }
    },
    {
      "type": "Feature",
      "id": "13546546332",
      "geometry": {
        "type": "Point",
        "coordinates": [
          -79.0579846,
          -8.0536123
        ]
      },
      "properties": {
        "id": "13546546332",
        "name": "",
        "type": "bus_stop",
        "category": "transport",
        "subcategory": "bus_stop",
        "description": "1(81)"
      }
    },
    {
      "type": "Feature",
      "id": "5087571031",
      "geometry": {
        "type": "Point",
        "coordinates": [
          -78.995111,
          -8.0894982
        ]
      },
      "properties": {
        "id": "5087571031",
        "name": "Avenida Libertad",
        "type": "bus_stop",
        "category": "transport",
        "subcategory": "bus_stop",
        "description": "1(81)"
      }
    },
    {
      "type": "Feature",
      "id": "13546545160",
      "geometry": {
        "type": "Point",
        "coordinates": [
          -78.9953726,
          -8.0901927
        ]
      },
      "properties": {
        "id": "13546545160",
        "name": "",
        "type": "bus_stop",
        "category": "transport",
        "subcategory": "bus_stop",
        "description": "1(81)"
      }
    },
    {
      "type": "Feature",
      "id": "13546545968",
      "geometry": {
        "type": "Point",
        "coordinates": [
          -78.995861,
          -8.0917323
        ]
      },
      "properties": {
        "id": "13546545968",
        "name": "",
        "type": "bus_stop",
        "category": "transport",
        "subcategory": "bus_stop",
        "description": "1(81)"
      }
    },
    {
      "type": "Feature",
      "id": "13546545219",
      "geometry": {
        "type": "Point",
        "coordinates": [
          -79.0005884,
          -8.0943513
        ]
      },
      "properties": {
        "id": "13546545219",
        "name": "",
        "type": "bus_stop",
        "category": "transport",
        "subcategory": "bus_stop",
        "description": "1(81)"
      }
    },
    {
      "type": "Feature",
      "id": "13546546032",
      "geometry": {
        "type": "Point",
        "coordinates": [
          -79.0028656,
          -8.097038
        ]
      },
      "properties": {
        "id": "13546546032",
        "name": "",
        "type": "bus_stop",
        "category": "transport",
        "subcategory": "bus_stop",
        "description": "1(81)"
      }
    },
    {
      "type": "Feature",
      "id": "13546545716",
      "geometry": {
        "type": "Point",
        "coordinates": [
          -79.0505976,
          -8.0722429
        ]
      },
      "properties": {
        "id": "13546545716",
        "name": "",
        "type": "bus_stop",
        "category": "transport",
        "subcategory": "bus_stop",
        "description": "1(78)"
      }
    },
    {
      "type": "Feature",
      "id": "13546546361",
      "geometry": {
        "type": "Point",
        "coordinates": [
          -79.0532348,
          -8.0731883
        ]
      },
      "properties": {
        "id": "13546546361",
        "name": "",
        "type": "bus_stop",
        "category": "transport",
        "subcategory": "bus_stop",
        "description": "1(78)"
      }
    },
    {
      "type": "Feature",
      "id": "13546546357",
      "geometry": {
        "type": "Point",
        "coordinates": [
          -79.0606207,
          -8.072575
        ]
      },
      "properties": {
        "id": "13546546357",
        "name": "",
        "type": "bus_stop",
        "category": "transport",
        "subcategory": "bus_stop",
        "description": "1(78)"
      }
    },
    {
      "type": "Feature",
      "id": "8110624499",
      "geometry": {
        "type": "Point",
        "coordinates": [
          -78.7382798,
          -8.0613039
        ]
      },
      "properties": {
        "id": "8110624499",
        "name": "Sin nombre",
        "type": "bus_stop",
        "category": "transport",
        "subcategory": "bus_stop",
        "description": "2(76-82)"
      }
    },
    {
      "type": "Feature",
      "id": "13546546037",
      "geometry": {
        "type": "Point",
        "coordinates": [
          -79.0077726,
          -8.1046979
        ]
      },
      "properties": {
        "id": "13546546037",
        "name": "",
        "type": "bus_stop",
        "category": "transport",
        "subcategory": "bus_stop",
        "description": "1(4)"
      }
    },
    {
      "type": "Feature",
      "id": "13546545476",
      "geometry": {
        "type": "Point",
        "coordinates": [
          -78.9926894,
          -8.0769694
        ]
      },
      "properties": {
        "id": "13546545476",
        "name": "",
        "type": "bus_stop",
        "category": "transport",
        "subcategory": "bus_stop",
        "description": "1(56)"
      }
    },
    {
      "type": "Feature",
      "id": "13546545925",
      "geometry": {
        "type": "Point",
        "coordinates": [
          -79.0502676,
          -8.0908112
        ]
      },
      "properties": {
        "id": "13546545925",
        "name": "",
        "type": "bus_stop",
        "category": "transport",
        "subcategory": "bus_stop",
        "description": "1(56)"
      }
    },
    {
      "type": "Feature",
      "id": "13546545129",
      "geometry": {
        "type": "Point",
        "coordinates": [
          -79.0519971,
          -8.0909595
        ]
      },
      "properties": {
        "id": "13546545129",
        "name": "",
        "type": "bus_stop",
        "category": "transport",
        "subcategory": "bus_stop",
        "description": "1(56)"
      }
    },
    {
      "type": "Feature",
      "id": "13546545128",
      "geometry": {
        "type": "Point",
        "coordinates": [
          -79.0483439,
          -8.0910902
        ]
      },
      "properties": {
        "id": "13546545128",
        "name": "",
        "type": "bus_stop",
        "category": "transport",
        "subcategory": "bus_stop",
        "description": "1(56)"
      }
    },
    {
      "type": "Feature",
      "id": "13546545354",
      "geometry": {
        "type": "Point",
        "coordinates": [
          -78.9924734,
          -8.0769299
        ]
      },
      "properties": {
        "id": "13546545354",
        "name": "",
        "type": "bus_stop",
        "category": "transport",
        "subcategory": "bus_stop",
        "description": "1(56)"
      }
    },
    {
      "type": "Feature",
      "id": "13546546246",
      "geometry": {
        "type": "Point",
        "coordinates": [
          -79.0970211,
          -8.0894992
        ]
      },
      "properties": {
        "id": "13546546246",
        "name": "",
        "type": "bus_stop",
        "category": "transport",
        "subcategory": "bus_stop",
        "description": "1(3)"
      }
    },
    {
      "type": "Feature",
      "id": "13546546248",
      "geometry": {
        "type": "Point",
        "coordinates": [
          -79.097078,
          -8.0898048
        ]
      },
      "properties": {
        "id": "13546546248",
        "name": "",
        "type": "bus_stop",
        "category": "transport",
        "subcategory": "bus_stop",
        "description": "1(3)"
      }
    },
    {
      "type": "Feature",
      "id": "13546546245",
      "geometry": {
        "type": "Point",
        "coordinates": [
          -79.0977797,
          -8.092339
        ]
      },
      "properties": {
        "id": "13546546245",
        "name": "",
        "type": "bus_stop",
        "category": "transport",
        "subcategory": "bus_stop",
        "description": "1(3)"
      }
    },
    {
      "type": "Feature",
      "id": "13546546249",
      "geometry": {
        "type": "Point",
        "coordinates": [
          -79.0978411,
          -8.0926387
        ]
      },
      "properties": {
        "id": "13546546249",
        "name": "",
        "type": "bus_stop",
        "category": "transport",
        "subcategory": "bus_stop",
        "description": "1(3)"
      }
    },
    {
      "type": "Feature",
      "id": "13546546244",
      "geometry": {
        "type": "Point",
        "coordinates": [
          -79.0986306,
          -8.0955774
        ]
      },
      "properties": {
        "id": "13546546244",
        "name": "",
        "type": "bus_stop",
        "category": "transport",
        "subcategory": "bus_stop",
        "description": "1(3)"
      }
    },
    {
      "type": "Feature",
      "id": "13546546243",
      "geometry": {
        "type": "Point",
        "coordinates": [
          -79.099112,
          -8.0988643
        ]
      },
      "properties": {
        "id": "13546546243",
        "name": "",
        "type": "bus_stop",
        "category": "transport",
        "subcategory": "bus_stop",
        "description": "1(3)"
      }
    },
    {
      "type": "Feature",
      "id": "13546546251",
      "geometry": {
        "type": "Point",
        "coordinates": [
          -79.0991171,
          -8.0991141
        ]
      },
      "properties": {
        "id": "13546546251",
        "name": "",
        "type": "bus_stop",
        "category": "transport",
        "subcategory": "bus_stop",
        "description": "1(3)"
      }
    },
    {
      "type": "Feature",
      "id": "13546546242",
      "geometry": {
        "type": "Point",
        "coordinates": [
          -79.0989491,
          -8.1026599
        ]
      },
      "properties": {
        "id": "13546546242",
        "name": "",
        "type": "bus_stop",
        "category": "transport",
        "subcategory": "bus_stop",
        "description": "1(3)"
      }
    },
    {
      "type": "Feature",
      "id": "13546546252",
      "geometry": {
        "type": "Point",
        "coordinates": [
          -79.0988919,
          -8.1028484
        ]
      },
      "properties": {
        "id": "13546546252",
        "name": "",
        "type": "bus_stop",
        "category": "transport",
        "subcategory": "bus_stop",
        "description": "1(3)"
      }
    },
    {
      "type": "Feature",
      "id": "13546546224",
      "geometry": {
        "type": "Point",
        "coordinates": [
          -79.0108963,
          -8.0725376
        ]
      },
      "properties": {
        "id": "13546546224",
        "name": "",
        "type": "bus_stop",
        "category": "transport",
        "subcategory": "bus_stop",
        "description": "1(80)"
      }
    },
    {
      "type": "Feature",
      "id": "13478118309",
      "geometry": {
        "type": "Point",
        "coordinates": [
          -78.9947107,
          -8.0493449
        ]
      },
      "properties": {
        "id": "13478118309",
        "name": "Sin nombre",
        "type": "bus_stop",
        "category": "transport",
        "subcategory": "bus_stop",
        "description": "1(48)"
      }
    },
    {
      "type": "Feature",
      "id": "13546545997",
      "geometry": {
        "type": "Point",
        "coordinates": [
          -79.0087675,
          -8.1198482
        ]
      },
      "properties": {
        "id": "13546545997",
        "name": "",
        "type": "bus_stop",
        "category": "transport",
        "subcategory": "bus_stop",
        "description": "1(65)"
      }
    },
    {
      "type": "Feature",
      "id": "13546545197",
      "geometry": {
        "type": "Point",
        "coordinates": [
          -79.010298,
          -8.1186184
        ]
      },
      "properties": {
        "id": "13546545197",
        "name": "",
        "type": "bus_stop",
        "category": "transport",
        "subcategory": "bus_stop",
        "description": "1(65)"
      }
    },
    {
      "type": "Feature",
      "id": "13546545995",
      "geometry": {
        "type": "Point",
        "coordinates": [
          -79.0116183,
          -8.1173193
        ]
      },
      "properties": {
        "id": "13546545995",
        "name": "",
        "type": "bus_stop",
        "category": "transport",
        "subcategory": "bus_stop",
        "description": "1(65)"
      }
    },
    {
      "type": "Feature",
      "id": "13546545195",
      "geometry": {
        "type": "Point",
        "coordinates": [
          -79.0128706,
          -8.1161904
        ]
      },
      "properties": {
        "id": "13546545195",
        "name": "",
        "type": "bus_stop",
        "category": "transport",
        "subcategory": "bus_stop",
        "description": "1(65)"
      }
    },
    {
      "type": "Feature",
      "id": "13546545993",
      "geometry": {
        "type": "Point",
        "coordinates": [
          -79.0146415,
          -8.1150822
        ]
      },
      "properties": {
        "id": "13546545993",
        "name": "",
        "type": "bus_stop",
        "category": "transport",
        "subcategory": "bus_stop",
        "description": "1(65)"
      }
    },
    {
      "type": "Feature",
      "id": "13546545834",
      "geometry": {
        "type": "Point",
        "coordinates": [
          -79.0327591,
          -8.0649772
        ]
      },
      "properties": {
        "id": "13546545834",
        "name": "",
        "type": "bus_stop",
        "category": "transport",
        "subcategory": "bus_stop",
        "description": "1(39)"
      }
    },
    {
      "type": "Feature",
      "id": "3265943084",
      "geometry": {
        "type": "Point",
        "coordinates": [
          -79.0286732,
          -8.0611029
        ]
      },
      "properties": {
        "id": "3265943084",
        "name": "Prolongación Calle 7 de Julio",
        "type": "bus_stop",
        "category": "transport",
        "subcategory": "bus_stop",
        "description": "1(39)"
      }
    },
    {
      "type": "Feature",
      "id": "13546546401",
      "geometry": {
        "type": "Point",
        "coordinates": [
          -79.0287551,
          -8.0612121
        ]
      },
      "properties": {
        "id": "13546546401",
        "name": "",
        "type": "bus_stop",
        "category": "transport",
        "subcategory": "bus_stop",
        "description": "1(39)"
      }
    },
    {
      "type": "Feature",
      "id": "13546545839",
      "geometry": {
        "type": "Point",
        "coordinates": [
          -79.0283044,
          -8.0636806
        ]
      },
      "properties": {
        "id": "13546545839",
        "name": "",
        "type": "bus_stop",
        "category": "transport",
        "subcategory": "bus_stop",
        "description": "1(39)"
      }
    },
    {
      "type": "Feature",
      "id": "13546545838",
      "geometry": {
        "type": "Point",
        "coordinates": [
          -79.030051,
          -8.064683
        ]
      },
      "properties": {
        "id": "13546545838",
        "name": "",
        "type": "bus_stop",
        "category": "transport",
        "subcategory": "bus_stop",
        "description": "1(39)"
      }
    },
    {
      "type": "Feature",
      "id": "13546545283",
      "geometry": {
        "type": "Point",
        "coordinates": [
          -78.9827115,
          -8.1909656
        ]
      },
      "properties": {
        "id": "13546545283",
        "name": "",
        "type": "bus_stop",
        "category": "transport",
        "subcategory": "bus_stop",
        "description": "1(39)"
      }
    },
    {
      "type": "Feature",
      "id": "13546546076",
      "geometry": {
        "type": "Point",
        "coordinates": [
          -78.9804873,
          -8.1906479
        ]
      },
      "properties": {
        "id": "13546546076",
        "name": "",
        "type": "bus_stop",
        "category": "transport",
        "subcategory": "bus_stop",
        "description": "1(39)"
      }
    },
    {
      "type": "Feature",
      "id": "5282388367",
      "geometry": {
        "type": "Point",
        "coordinates": [
          -79.0046158,
          -8.190389
        ]
      },
      "properties": {
        "id": "5282388367",
        "name": "Avenida Independencia y Calle Loreto",
        "type": "bus_stop",
        "category": "transport",
        "subcategory": "bus_stop",
        "description": "1(84)"
      }
    },
    {
      "type": "Feature",
      "id": "8666402213",
      "geometry": {
        "type": "Point",
        "coordinates": [
          -78.8052713,
          -7.8555993
        ]
      },
      "properties": {
        "id": "8666402213",
        "name": "Sin nombre",
        "type": "bus_stop",
        "category": "transport",
        "subcategory": "bus_stop",
        "description": "1(74)"
      }
    },
    {
      "type": "Feature",
      "id": "8666402216",
      "geometry": {
        "type": "Point",
        "coordinates": [
          -78.8071638,
          -7.8555549
        ]
      },
      "properties": {
        "id": "8666402216",
        "name": "Sin nombre",
        "type": "bus_stop",
        "category": "transport",
        "subcategory": "bus_stop",
        "description": "1(74)"
      }
    }
  ]
}